prompt_id,family_id,cluster_id,mask_id,mask_bits,clean_margin,ablated_margin,drop_from_clean,clean_candidate_correct,ablated_candidate_correct,clean_top1_correct,ablated_top1_correct,clean_target_nll,ablated_target_nll
qseq_c767dcde7de96c2f,length_32_gap_8,qcluster_calibration_0000,qmask_83bdd2f6f8ba0b15,00001100,2.9462099075317383,3.6748063564300537,-0.72859644889831543,True,True,False,False,7.4854855537414551,6.7624282836914062
qseq_897390a0d0f857dd,length_32_gap_8,qcluster_calibration_0001,qmask_83bdd2f6f8ba0b15,00001100,10.119000434875488,9.903895378112793,0.21510505676269531,True,True,True,True,3.0899577140808105,2.9725778102874756
qseq_284b47a1871f558d,length_32_gap_8,qcluster_calibration_0002,qmask_83bdd2f6f8ba0b15,00001100,8.0842056274414062,8.1498308181762695,-0.065625190734863281,True,True,False,False,3.2517573833465576,3.1153125762939453
qseq_9564c335f860807a,length_32_gap_8,qcluster_calibration_0003,qmask_83bdd2f6f8ba0b15,00001100,9.2612857818603516,9.1307373046875,0.13054847717285156,True,True,True,True,2.291015625,2.3564453125
qseq_b055e28768e5f9db,length_32_gap_8,qcluster_calibration_0004,qmask_83bdd2f6f8ba0b15,00001100,4.9616751670837402,4.8959145545959473,0.065760612487792969,True,True,False,False,6.5294814109802246,6.4480495452880859
qseq_0ba4f1526c5f729b,length_32_gap_8,qcluster_calibration_0005,qmask_83bdd2f6f8ba0b15,00001100,6.1143627166748047,6.1001839637756348,0.014178752899169922,True,True,False,False,7.3273100852966309,7.2407960891723633
qseq_bbd13a17725542ab,length_32_gap_8,qcluster_calibration_0006,qmask_83bdd2f6f8ba0b15,00001100,4.2902603149414062,4.9556798934936523,-0.66541957855224609,True,True,False,False,6.2452278137207031,5.5171070098876953
qseq_7a4e221d29fc3a2e,length_32_gap_8,qcluster_calibration_0007,qmask_83bdd2f6f8ba0b15,00001100,8.6505069732666016,8.4008903503417969,0.24961662292480469,True,True,False,False,3.6452600955963135,3.5981292724609375
qseq_913078c95f609050,length_32_gap_8,qcluster_calibration_0008,qmask_83bdd2f6f8ba0b15,00001100,6.9412646293640137,6.9304742813110352,0.010790348052978516,True,True,False,True,3.5339906215667725,3.293485164642334
qseq_21ba8cdac201cc30,length_32_gap_8,qcluster_calibration_0009,qmask_83bdd2f6f8ba0b15,00001100,3.787869930267334,3.3458712100982666,0.44199872016906738,True,True,False,False,7.613731861114502,7.9929633140563965
qseq_2d9b105d7e3736b7,length_32_gap_8,qcluster_calibration_0010,qmask_83bdd2f6f8ba0b15,00001100,5.6262378692626953,4.6243371963500977,1.0019006729125977,True,True,False,False,4.8362054824829102,5.7488765716552734
qseq_d61f332679c6ec3e,length_32_gap_8,qcluster_calibration_0011,qmask_83bdd2f6f8ba0b15,00001100,9.9936256408691406,9.8473339080810547,0.14629173278808594,True,True,True,True,2.6045970916748047,2.663428783416748
qseq_72e2cd870c8a81c9,length_32_gap_8,qcluster_calibration_0012,qmask_83bdd2f6f8ba0b15,00001100,8.16876220703125,8.2001228332519531,-0.031360626220703125,True,True,True,True,3.525468111038208,3.4743771553039551
qseq_89e8b285b5f965c2,length_32_gap_8,qcluster_calibration_0013,qmask_83bdd2f6f8ba0b15,00001100,4.9458680152893066,4.918065071105957,0.027802944183349609,True,True,False,False,8.5723552703857422,8.3057460784912109
qseq_5184f25c7b85c53c,length_32_gap_8,qcluster_calibration_0014,qmask_83bdd2f6f8ba0b15,00001100,9.9009943008422852,8.9992198944091797,0.90177440643310547,True,True,True,True,3.0564634799957275,3.69962477684021
qseq_8a3b5e846ec7b1de,length_32_gap_8,qcluster_calibration_0015,qmask_83bdd2f6f8ba0b15,00001100,6.3770685195922852,6.6948328018188477,-0.3177642822265625,True,True,True,True,3.4400472640991211,3.396287202835083
qseq_ac1a3e1869dc090c,length_32_gap_8,qcluster_calibration_0016,qmask_83bdd2f6f8ba0b15,00001100,7.3019909858703613,7.2005457878112793,0.10144519805908203,True,True,True,True,3.4240412712097168,3.4370143413543701
qseq_dc1d9c14a80d171c,length_32_gap_8,qcluster_calibration_0017,qmask_83bdd2f6f8ba0b15,00001100,8.6210861206054688,8.7918338775634766,-0.17074775695800781,True,True,False,False,4.9573874473571777,4.5874853134155273
qseq_99d34e9175e66222,length_32_gap_8,qcluster_calibration_0018,qmask_83bdd2f6f8ba0b15,00001100,7.4291472434997559,7.0311517715454102,0.3979954719543457,True,True,False,False,5.5702128410339355,6.0187015533447266
qseq_d6492c6ac00d3b0f,length_32_gap_8,qcluster_calibration_0019,qmask_83bdd2f6f8ba0b15,00001100,10.321548461914062,10.183513641357422,0.13803482055664062,True,True,True,True,3.0202357769012451,3.058950662612915
qseq_690d86412dda754a,length_32_gap_8,qcluster_calibration_0020,qmask_83bdd2f6f8ba0b15,00001100,6.5624961853027344,6.590423583984375,-0.027927398681640625,True,True,False,False,5.3217949867248535,5.2642488479614258
qseq_b13027e33741a1ba,length_32_gap_8,qcluster_calibration_0021,qmask_83bdd2f6f8ba0b15,00001100,3.8572282791137695,2.1350390911102295,1.72218918800354,True,True,False,False,7.5479822158813477,8.7905406951904297
qseq_ef057144bcaa8c78,length_32_gap_8,qcluster_calibration_0022,qmask_83bdd2f6f8ba0b15,00001100,9.6949291229248047,9.8915777206420898,-0.19664859771728516,True,True,True,True,3.6895580291748047,3.5461504459381104
qseq_01f76172c615c93c,length_32_gap_8,qcluster_calibration_0023,qmask_83bdd2f6f8ba0b15,00001100,1.6465693712234497,1.4900356531143188,0.15653371810913086,True,True,False,False,8.7947292327880859,8.8098917007446289
qseq_6913410b187e9bcd,length_32_gap_8,qcluster_calibration_0024,qmask_83bdd2f6f8ba0b15,00001100,4.9003410339355469,4.6600704193115234,0.24027061462402344,True,True,False,False,8.5771045684814453,8.7544231414794922
qseq_6f2468350cf2a4c7,length_32_gap_8,qcluster_calibration_0025,qmask_83bdd2f6f8ba0b15,00001100,6.1921143531799316,6.0515365600585938,0.14057779312133789,True,True,False,False,3.342045783996582,3.3481402397155762
qseq_48fa6ccbcf85740a,length_32_gap_8,qcluster_calibration_0026,qmask_83bdd2f6f8ba0b15,00001100,5.4933662414550781,5.7708768844604492,-0.27751064300537109,True,True,True,True,4.3495516777038574,4.2312297821044922
qseq_0a3d2a206ed1ac2f,length_32_gap_8,qcluster_calibration_0027,qmask_83bdd2f6f8ba0b15,00001100,10.2420654296875,9.7538986206054688,0.48816680908203125,True,True,True,True,2.1275115013122559,2.1879434585571289
qseq_4e6f3e53c5cffa8c,length_32_gap_8,qcluster_calibration_0028,qmask_83bdd2f6f8ba0b15,00001100,6.0872611999511719,5.9956121444702148,0.091649055480957031,True,True,False,False,8.5176458358764648,8.5537586212158203
qseq_addd85868ee4c978,length_32_gap_8,qcluster_calibration_0029,qmask_83bdd2f6f8ba0b15,00001100,3.0789308547973633,2.3301155567169189,0.74881529808044434,True,True,False,False,6.4572043418884277,7.1006698608398438
qseq_d488f6be0be8d667,length_32_gap_8,qcluster_calibration_0030,qmask_83bdd2f6f8ba0b15,00001100,9.55535888671875,9.7429866790771484,-0.18762779235839844,True,True,True,True,1.4513717889785767,1.202872633934021
qseq_29bcc3b5e07adaa6,length_32_gap_8,qcluster_calibration_0031,qmask_83bdd2f6f8ba0b15,00001100,7.5494265556335449,7.3069248199462891,0.24250173568725586,True,True,False,False,3.9754664897918701,4.0065555572509766
qseq_f92f57b1f8bac576,length_32_gap_8,qcluster_calibration_0032,qmask_83bdd2f6f8ba0b15,00001100,3.842681884765625,3.6238265037536621,0.21885538101196289,True,True,False,False,6.3925557136535645,6.67425537109375
qseq_caa06bf2219d5d30,length_32_gap_8,qcluster_calibration_0033,qmask_83bdd2f6f8ba0b15,00001100,9.6303396224975586,9.22607421875,0.40426540374755859,True,True,True,True,2.9562137126922607,3.2661292552947998
qseq_14140e7a95fa2fb9,length_32_gap_8,qcluster_calibration_0034,qmask_83bdd2f6f8ba0b15,00001100,3.9574613571166992,4.4057140350341797,-0.44825267791748047,True,True,False,False,7.5561428070068359,7.0686659812927246
qseq_83326ff9f67b103f,length_32_gap_8,qcluster_calibration_0035,qmask_83bdd2f6f8ba0b15,00001100,8.6613779067993164,8.6535005569458008,0.007877349853515625,True,True,True,True,2.3675370216369629,2.4202730655670166
qseq_9cae4833ac91d598,length_32_gap_8,qcluster_calibration_0036,qmask_83bdd2f6f8ba0b15,00001100,7.7165179252624512,7.9565515518188477,-0.24003362655639648,True,True,False,False,4.7106227874755859,4.4209713935852051
qseq_cfb9d767fb841745,length_32_gap_8,qcluster_calibration_0037,qmask_83bdd2f6f8ba0b15,00001100,5.7846426963806152,6.0660295486450195,-0.2813868522644043,True,True,False,True,4.2976059913635254,3.932049036026001
qseq_9a641dc8e553cdc9,length_32_gap_8,qcluster_calibration_0038,qmask_83bdd2f6f8ba0b15,00001100,7.6731810569763184,7.287477970123291,0.38570308685302734,True,True,False,False,3.8886995315551758,4.6080060005187988
qseq_618c0004fec7a467,length_32_gap_8,qcluster_calibration_0039,qmask_83bdd2f6f8ba0b15,00001100,4.5934381484985352,3.0358619689941406,1.5575761795043945,True,True,False,False,7.3684349060058594,8.5501909255981445
qseq_02dd020751347c55,length_32_gap_8,qcluster_calibration_0040,qmask_83bdd2f6f8ba0b15,00001100,7.5618820190429688,6.9994688034057617,0.56241321563720703,True,True,False,False,5.5441646575927734,5.9428229331970215
qseq_c8384ab754451eef,length_32_gap_8,qcluster_calibration_0041,qmask_83bdd2f6f8ba0b15,00001100,2.8867654800415039,2.6017990112304688,0.28496646881103516,True,True,False,False,6.4263396263122559,6.5593204498291016
qseq_ba05bbb94039b0ae,length_32_gap_8,qcluster_calibration_0042,qmask_83bdd2f6f8ba0b15,00001100,6.9410629272460938,6.4383807182312012,0.50268220901489258,True,True,False,False,6.4121508598327637,6.7874860763549805
qseq_4e8da5b186698007,length_32_gap_8,qcluster_calibration_0043,qmask_83bdd2f6f8ba0b15,00001100,3.9103949069976807,3.9106121063232422,-0.00021719932556152344,True,True,False,False,5.7231903076171875,5.4762306213378906
qseq_e0e24ca7df1361da,length_32_gap_8,qcluster_calibration_0044,qmask_83bdd2f6f8ba0b15,00001100,7.8520965576171875,7.9172320365905762,-0.065135478973388672,True,True,True,True,3.5322964191436768,3.6359727382659912
qseq_78b8701a8c418992,length_32_gap_8,qcluster_calibration_0045,qmask_83bdd2f6f8ba0b15,00001100,12.092935562133789,12.032102584838867,0.060832977294921875,True,True,True,True,1.8507922887802124,1.9008808135986328
qseq_9a84a9d452ad6692,length_32_gap_8,qcluster_calibration_0046,qmask_83bdd2f6f8ba0b15,00001100,12.39979076385498,12.622677803039551,-0.22288703918457031,True,True,True,True,1.4711474180221558,1.3120416402816772
qseq_37ed28aef12e4075,length_32_gap_8,qcluster_calibration_0047,qmask_83bdd2f6f8ba0b15,00001100,7.7470502853393555,8.3031930923461914,-0.55614280700683594,True,True,False,False,5.7399635314941406,5.1694631576538086
qseq_4811292cd5272ac8,length_32_gap_8,qcluster_calibration_0048,qmask_83bdd2f6f8ba0b15,00001100,12.631054878234863,12.146937370300293,0.48411750793457031,True,True,True,True,0.72314256429672241,0.83195632696151733
qseq_98e081c19e55b9c2,length_32_gap_8,qcluster_calibration_0049,qmask_83bdd2f6f8ba0b15,00001100,12.682595252990723,12.616918563842773,0.065676689147949219,True,True,True,True,0.98284471035003662,0.88437968492507935
qseq_77a729a7d6333b5f,length_32_gap_8,qcluster_calibration_0050,qmask_83bdd2f6f8ba0b15,00001100,9.8840513229370117,9.9527769088745117,-0.0687255859375,True,True,True,True,2.4649307727813721,2.1902174949645996
qseq_f1ed764d9e898c1c,length_32_gap_8,qcluster_calibration_0051,qmask_83bdd2f6f8ba0b15,00001100,7.9027271270751953,7.6449251174926758,0.25780200958251953,True,True,False,False,3.6086373329162598,3.6944503784179688
qseq_496b941feed234e5,length_32_gap_8,qcluster_calibration_0052,qmask_83bdd2f6f8ba0b15,00001100,10.570975303649902,10.359760284423828,0.21121501922607422,True,True,True,True,1.9457254409790039,2.0488088130950928
qseq_226ec06b22020410,length_32_gap_8,qcluster_calibration_0053,qmask_83bdd2f6f8ba0b15,00001100,4.0046439170837402,3.4842956066131592,0.52034831047058105,True,True,False,False,5.9298787117004395,6.2090368270874023
qseq_433ffda24ef20d0d,length_32_gap_8,qcluster_calibration_0054,qmask_83bdd2f6f8ba0b15,00001100,11.523992538452148,11.181020736694336,0.3429718017578125,True,True,True,True,1.9860935211181641,2.1180956363677979
qseq_523dae664b4c02de,length_32_gap_8,qcluster_calibration_0055,qmask_83bdd2f6f8ba0b15,00001100,7.298861026763916,7.9261684417724609,-0.62730741500854492,True,True,False,True,5.2400894165039062,4.5824213027954102
qseq_5729a944eb6aec71,length_32_gap_8,qcluster_calibration_0056,qmask_83bdd2f6f8ba0b15,00001100,5.9918761253356934,5.8896827697753906,0.10219335556030273,True,True,False,False,6.1922821998596191,6.3744535446166992
qseq_769e2a1fc1ef4d7b,length_32_gap_8,qcluster_calibration_0057,qmask_83bdd2f6f8ba0b15,00001100,5.8826560974121094,5.736027717590332,0.14662837982177734,True,True,False,False,4.2826414108276367,4.5985574722290039
qseq_8e34020e948679cd,length_32_gap_8,qcluster_calibration_0058,qmask_83bdd2f6f8ba0b15,00001100,12.325122833251953,11.756190299987793,0.56893253326416016,True,True,True,True,0.57106560468673706,0.68394070863723755
qseq_4dd4a4938a07566b,length_32_gap_8,qcluster_calibration_0059,qmask_83bdd2f6f8ba0b15,00001100,8.2067251205444336,7.8071122169494629,0.3996129035949707,True,True,False,False,5.3227534294128418,5.6902494430541992
qseq_e3083089db559adf,length_32_gap_8,qcluster_calibration_0060,qmask_83bdd2f6f8ba0b15,00001100,4.1828722953796387,4.0165514945983887,0.16632080078125,True,True,False,False,8.0441598892211914,7.9935259819030762
qseq_848e9ef4c7e3ec69,length_32_gap_8,qcluster_calibration_0061,qmask_83bdd2f6f8ba0b15,00001100,3.010735034942627,2.8561325073242188,0.1546025276184082,True,True,False,False,8.75469970703125,8.8879165649414062
qseq_c6a305d74eb4ea8c,length_32_gap_8,qcluster_calibration_0062,qmask_83bdd2f6f8ba0b15,00001100,12.760897636413574,12.159557342529297,0.60134029388427734,True,True,True,True,2.5183990001678467,2.9828770160675049
qseq_047ab7fab5d21e65,length_32_gap_8,qcluster_calibration_0063,qmask_83bdd2f6f8ba0b15,00001100,9.3766708374023438,9.6149387359619141,-0.23826789855957031,True,True,True,True,1.6373200416564941,1.480223536491394
qseq_d5d3c27cb4f6aa62,length_32_gap_16,qcluster_calibration_0000,qmask_83bdd2f6f8ba0b15,00001100,10.261236190795898,8.9868249893188477,1.2744112014770508,True,True,True,True,1.8210828304290771,2.5098786354064941
qseq_510f6ba562b151ba,length_32_gap_16,qcluster_calibration_0001,qmask_83bdd2f6f8ba0b15,00001100,6.1617345809936523,6.8205604553222656,-0.65882587432861328,True,True,False,True,4.4547247886657715,3.9871242046356201
qseq_d31cbd228c6caa2a,length_32_gap_16,qcluster_calibration_0002,qmask_83bdd2f6f8ba0b15,00001100,6.5365819931030273,6.427248477935791,0.10933351516723633,True,True,True,True,3.9104421138763428,3.8774223327636719
qseq_de0d7f232024ba9f,length_32_gap_16,qcluster_calibration_0003,qmask_83bdd2f6f8ba0b15,00001100,7.5591278076171875,6.9705438613891602,0.58858394622802734,True,True,True,False,3.391716480255127,3.9781589508056641
qseq_ecff6144c5b1ec9e,length_32_gap_16,qcluster_calibration_0004,qmask_83bdd2f6f8ba0b15,00001100,4.2342753410339355,3.9673056602478027,0.26696968078613281,True,True,False,False,5.1763725280761719,5.3707246780395508
qseq_85822104052b367f,length_32_gap_16,qcluster_calibration_0005,qmask_83bdd2f6f8ba0b15,00001100,10.054932594299316,9.8981342315673828,0.15679836273193359,True,True,True,True,1.7099177837371826,1.8008095026016235
qseq_979f53b108929796,length_32_gap_16,qcluster_calibration_0006,qmask_83bdd2f6f8ba0b15,00001100,4.9758586883544922,4.7589554786682129,0.2169032096862793,True,True,False,False,4.4220132827758789,4.4857921600341797
qseq_cc41c56efbdb7f10,length_32_gap_16,qcluster_calibration_0007,qmask_83bdd2f6f8ba0b15,00001100,11.400108337402344,11.154844284057617,0.24526405334472656,True,True,True,True,1.4519690275192261,1.5342669486999512
qseq_9c8754dbb395b4fd,length_32_gap_16,qcluster_calibration_0008,qmask_83bdd2f6f8ba0b15,00001100,4.6715936660766602,4.6235003471374512,0.048093318939208984,True,True,False,False,5.6427974700927734,5.762362003326416
qseq_70673c2f156f8d39,length_32_gap_16,qcluster_calibration_0009,qmask_83bdd2f6f8ba0b15,00001100,7.3203573226928711,7.1965503692626953,0.12380695343017578,True,True,True,True,3.0732791423797607,2.9269688129425049
qseq_3e433293e9fdca16,length_32_gap_16,qcluster_calibration_0010,qmask_83bdd2f6f8ba0b15,00001100,5.2215371131896973,5.2648859024047852,-0.043348789215087891,True,True,False,False,6.6713433265686035,6.6887350082397461
qseq_3c64b7648c1670e8,length_32_gap_16,qcluster_calibration_0011,qmask_83bdd2f6f8ba0b15,00001100,6.8781862258911133,6.0320868492126465,0.8460993766784668,True,True,False,False,4.7494268417358398,5.416651725769043
qseq_bcc0c7a5e745d863,length_32_gap_16,qcluster_calibration_0012,qmask_83bdd2f6f8ba0b15,00001100,3.4048056602478027,3.9506773948669434,-0.54587173461914062,True,True,False,False,7.4922547340393066,7.0085349082946777
qseq_8eca98e42721d109,length_32_gap_16,qcluster_calibration_0013,qmask_83bdd2f6f8ba0b15,00001100,5.4558749198913574,5.0871086120605469,0.36876630783081055,True,True,False,False,4.7759971618652344,5.0453548431396484
qseq_cdb94007d2a1cb63,length_32_gap_16,qcluster_calibration_0014,qmask_83bdd2f6f8ba0b15,00001100,11.409968376159668,9.0907011032104492,2.3192672729492188,True,True,True,False,2.7595713138580322,4.924891471862793
qseq_e7b200fe71b370c4,length_32_gap_16,qcluster_calibration_0015,qmask_83bdd2f6f8ba0b15,00001100,15.145834922790527,14.849091529846191,0.29674339294433594,True,True,True,True,0.35196065902709961,0.36087816953659058
qseq_332f523f946f0c60,length_32_gap_16,qcluster_calibration_0016,qmask_83bdd2f6f8ba0b15,00001100,10.812849998474121,10.242132186889648,0.57071781158447266,True,True,True,True,2.1139137744903564,2.104072093963623
qseq_340bacf5e4f965de,length_32_gap_16,qcluster_calibration_0017,qmask_83bdd2f6f8ba0b15,00001100,3.433889627456665,3.516718864440918,-0.08282923698425293,True,True,False,False,9.1370582580566406,8.9786472320556641
qseq_b0922f654a906bca,length_32_gap_16,qcluster_calibration_0018,qmask_83bdd2f6f8ba0b15,00001100,6.7177495956420898,5.105431079864502,1.6123185157775879,True,True,False,False,5.6353631019592285,6.8884177207946777
qseq_0ca957c5353b3863,length_32_gap_16,qcluster_calibration_0019,qmask_83bdd2f6f8ba0b15,00001100,5.6527462005615234,5.0507383346557617,0.60200786590576172,True,True,False,False,7.1668033599853516,7.6013002395629883
qseq_7560b74209314c00,length_32_gap_16,qcluster_calibration_0020,qmask_83bdd2f6f8ba0b15,00001100,9.7488555908203125,9.3251914978027344,0.42366409301757812,True,True,False,False,4.2838921546936035,4.5756416320800781
qseq_4a4548f6f519d388,length_32_gap_16,qcluster_calibration_0021,qmask_83bdd2f6f8ba0b15,00001100,5.3002758026123047,4.7086095809936523,0.59166622161865234,True,True,False,False,5.1815810203552246,5.5165567398071289
qseq_1f9d2735ad5e2ca6,length_32_gap_16,qcluster_calibration_0022,qmask_83bdd2f6f8ba0b15,00001100,13.025143623352051,12.538152694702148,0.48699092864990234,True,True,True,True,0.92815637588500977,1.2222341299057007
qseq_84613d14663bbbe9,length_32_gap_16,qcluster_calibration_0023,qmask_83bdd2f6f8ba0b15,00001100,9.5286502838134766,8.9176912307739258,0.61095905303955078,True,True,True,True,2.3909730911254883,2.9338502883911133
qseq_bf652fa330b1d710,length_32_gap_16,qcluster_calibration_0024,qmask_83bdd2f6f8ba0b15,00001100,4.7811131477355957,5.1856198310852051,-0.40450668334960938,True,True,False,False,5.0798964500427246,4.7361235618591309
qseq_83ec4e68586daf2c,length_32_gap_16,qcluster_calibration_0025,qmask_83bdd2f6f8ba0b15,00001100,8.6142606735229492,8.1248435974121094,0.48941707611083984,True,True,True,True,3.5049374103546143,3.8428864479064941
qseq_2c2f5d4274d720a3,length_32_gap_16,qcluster_calibration_0026,qmask_83bdd2f6f8ba0b15,00001100,8.2316761016845703,8.2098503112792969,0.021825790405273438,True,True,False,False,5.5824575424194336,5.8545718193054199
qseq_92f2482ef549129f,length_32_gap_16,qcluster_calibration_0027,qmask_83bdd2f6f8ba0b15,00001100,11.90023136138916,11.596635818481445,0.30359554290771484,True,True,True,True,1.1894528865814209,1.1704742908477783
qseq_2ad43597a3368b5c,length_32_gap_16,qcluster_calibration_0028,qmask_83bdd2f6f8ba0b15,00001100,5.2258749008178711,2.9239869117736816,2.3018879890441895,True,True,False,False,6.2092471122741699,7.3359408378601074
qseq_e295464fdbf58971,length_32_gap_16,qcluster_calibration_0029,qmask_83bdd2f6f8ba0b15,00001100,4.1902079582214355,4.4549999237060547,-0.26479196548461914,True,True,False,False,5.82684326171875,5.7559037208557129
qseq_eaa4811a3fbab31e,length_32_gap_16,qcluster_calibration_0030,qmask_83bdd2f6f8ba0b15,00001100,7.2828617095947266,7.5770878791809082,-0.29422616958618164,True,True,False,False,5.0755739212036133,4.9416227340698242
qseq_a1e91c13b566fb63,length_32_gap_16,qcluster_calibration_0031,qmask_83bdd2f6f8ba0b15,00001100,10.659023284912109,11.061336517333984,-0.402313232421875,True,True,True,True,2.1578960418701172,1.8580989837646484
qseq_c1561adf99d60e0a,length_32_gap_16,qcluster_calibration_0032,qmask_83bdd2f6f8ba0b15,00001100,6.0060982704162598,5.3335199356079102,0.67257833480834961,True,True,True,True,1.7799303531646729,2.1642560958862305
qseq_082b39cdfb277758,length_32_gap_16,qcluster_calibration_0033,qmask_83bdd2f6f8ba0b15,00001100,16.347190856933594,15.482154846191406,0.8650360107421875,True,True,True,True,1.2251285314559937,1.5055805444717407
qseq_95f204bfe800c344,length_32_gap_16,qcluster_calibration_0034,qmask_83bdd2f6f8ba0b15,00001100,7.667149543762207,6.1391839981079102,1.5279655456542969,True,True,True,False,3.7943069934844971,5.0466885566711426
qseq_f7a167414c890483,length_32_gap_16,qcluster_calibration_0035,qmask_83bdd2f6f8ba0b15,00001100,3.9669158458709717,2.2342615127563477,1.732654333114624,True,True,False,False,7.864567756652832,9.1175060272216797
qseq_a606d9daf4b19855,length_32_gap_16,qcluster_calibration_0036,qmask_83bdd2f6f8ba0b15,00001100,9.4309787750244141,9.1732282638549805,0.25775051116943359,True,True,True,True,2.8160274028778076,2.9845759868621826
qseq_e5dc3c833d234f0e,length_32_gap_16,qcluster_calibration_0037,qmask_83bdd2f6f8ba0b15,00001100,11.813443183898926,11.214092254638672,0.59935092926025391,True,True,True,True,1.114642858505249,1.4470006227493286
qseq_e6d261cea1e472c2,length_32_gap_16,qcluster_calibration_0038,qmask_83bdd2f6f8ba0b15,00001100,5.0461435317993164,3.4121789932250977,1.6339645385742188,True,True,False,False,10.036294937133789,10.615997314453125
qseq_25c2e08d2b99203c,length_32_gap_16,qcluster_calibration_0039,qmask_83bdd2f6f8ba0b15,00001100,9.0971899032592773,7.6347470283508301,1.4624428749084473,True,True,False,False,5.816464900970459,6.6656465530395508
qseq_f2ca4750ffe923f6,length_32_gap_16,qcluster_calibration_0040,qmask_83bdd2f6f8ba0b15,00001100,5.7845892906188965,5.0353593826293945,0.74922990798950195,True,True,False,False,3.0625472068786621,3.2490453720092773
qseq_bb30451304f9a6a9,length_32_gap_16,qcluster_calibration_0041,qmask_83bdd2f6f8ba0b15,00001100,9.3814773559570312,7.598020076751709,1.7834572792053223,True,True,False,False,4.448277473449707,6.059262752532959
qseq_5d3f1fbcc050c4e2,length_32_gap_16,qcluster_calibration_0042,qmask_83bdd2f6f8ba0b15,00001100,10.456913948059082,9.6899585723876953,0.76695537567138672,True,True,True,True,1.2655801773071289,1.7461199760437012
qseq_9154c934ae21fb26,length_32_gap_16,qcluster_calibration_0043,qmask_83bdd2f6f8ba0b15,00001100,7.8371391296386719,7.0158767700195312,0.82126235961914062,True,True,False,False,4.4449467658996582,4.8128538131713867
qseq_0a47865125dced54,length_32_gap_16,qcluster_calibration_0044,qmask_83bdd2f6f8ba0b15,00001100,6.0005741119384766,5.0327548980712891,0.9678192138671875,True,True,False,False,4.9832916259765625,5.6705536842346191
qseq_f52d044ff594b319,length_32_gap_16,qcluster_calibration_0045,qmask_83bdd2f6f8ba0b15,00001100,6.575157642364502,6.6286277770996094,-0.053470134735107422,True,True,False,False,4.3775291442871094,4.216545581817627
qseq_e0c4e37bf32dcf75,length_32_gap_16,qcluster_calibration_0046,qmask_83bdd2f6f8ba0b15,00001100,3.4031820297241211,2.6356985569000244,0.76748347282409668,True,True,False,False,7.0649209022521973,7.8433351516723633
qseq_af7432e981e93b5b,length_32_gap_16,qcluster_calibration_0047,qmask_83bdd2f6f8ba0b15,00001100,11.155478477478027,10.431326866149902,0.724151611328125,True,True,False,False,4.279973030090332,4.6879000663757324
qseq_97ad09374facd769,length_32_gap_16,qcluster_calibration_0048,qmask_83bdd2f6f8ba0b15,00001100,10.889915466308594,10.293205261230469,0.596710205078125,True,True,False,False,4.218111515045166,4.4959316253662109
qseq_cb0a76017dd365fd,length_32_gap_16,qcluster_calibration_0049,qmask_83bdd2f6f8ba0b15,00001100,8.0923337936401367,8.0638513565063477,0.028482437133789062,True,True,True,True,2.9245908260345459,2.8123617172241211
qseq_b47b8784a241b1c6,length_32_gap_16,qcluster_calibration_0050,qmask_83bdd2f6f8ba0b15,00001100,6.4118905067443848,6.3493900299072266,0.062500476837158203,True,True,True,True,1.1921592950820923,1.2279255390167236
qseq_71989a8488caaf51,length_32_gap_16,qcluster_calibration_0051,qmask_83bdd2f6f8ba0b15,00001100,8.3705806732177734,7.8221244812011719,0.54845619201660156,True,True,True,True,4.0163664817810059,4.5529122352600098
qseq_f90f74e2c4b2e636,length_32_gap_16,qcluster_calibration_0052,qmask_83bdd2f6f8ba0b15,00001100,6.6971230506896973,5.9288148880004883,0.76830816268920898,True,True,True,False,4.4566607475280762,5.1088299751281738
qseq_860aee082fa5c026,length_32_gap_16,qcluster_calibration_0053,qmask_83bdd2f6f8ba0b15,00001100,12.077322006225586,11.067011833190918,1.010310173034668,True,True,True,True,1.6612634658813477,2.2837576866149902
qseq_91b8f5f091952138,length_32_gap_16,qcluster_calibration_0054,qmask_83bdd2f6f8ba0b15,00001100,4.990267276763916,4.076204776763916,0.9140625,True,True,False,False,7.3084707260131836,7.9255428314208984
qseq_cb97131f4d3343a9,length_32_gap_16,qcluster_calibration_0055,qmask_83bdd2f6f8ba0b15,00001100,6.0063753128051758,5.9333271980285645,0.073048114776611328,True,True,False,False,5.3219547271728516,5.2821516990661621
qseq_64b9db2349041966,length_32_gap_16,qcluster_calibration_0056,qmask_83bdd2f6f8ba0b15,00001100,3.9119973182678223,3.3643460273742676,0.54765129089355469,True,True,False,False,5.0268769264221191,5.2612552642822266
qseq_a69aa91ea490c597,length_32_gap_16,qcluster_calibration_0057,qmask_83bdd2f6f8ba0b15,00001100,8.426701545715332,8.4694652557373047,-0.042763710021972656,True,True,True,True,4.1046972274780273,4.2665343284606934
qseq_0100115daa28e659,length_32_gap_16,qcluster_calibration_0058,qmask_83bdd2f6f8ba0b15,00001100,1.9318791627883911,1.8090572357177734,0.12282192707061768,True,True,False,False,8.8288679122924805,8.966339111328125
qseq_da9b5b00ca231223,length_32_gap_16,qcluster_calibration_0059,qmask_83bdd2f6f8ba0b15,00001100,6.7946691513061523,6.4677128791809082,0.32695627212524414,True,True,False,False,5.1282124519348145,5.4202413558959961
qseq_58265ff84f2e13ec,length_32_gap_16,qcluster_calibration_0060,qmask_83bdd2f6f8ba0b15,00001100,9.1135873794555664,8.8667020797729492,0.24688529968261719,True,True,False,False,2.8051126003265381,2.8723812103271484
qseq_fd6771f165c2af63,length_32_gap_16,qcluster_calibration_0061,qmask_83bdd2f6f8ba0b15,00001100,6.0186314582824707,6.1293039321899414,-0.1106724739074707,True,True,False,False,5.5394449234008789,5.37994384765625
qseq_b1838c6c55f608f0,length_32_gap_16,qcluster_calibration_0062,qmask_83bdd2f6f8ba0b15,00001100,1.9764640331268311,2.0411007404327393,-0.064636707305908203,True,True,False,False,8.3343648910522461,8.4871368408203125
qseq_e25e8eb763c44bf0,length_32_gap_16,qcluster_calibration_0063,qmask_83bdd2f6f8ba0b15,00001100,4.9540920257568359,4.7638368606567383,0.19025516510009766,True,True,False,False,7.2626752853393555,7.4689655303955078
qseq_ae8824c8ea18aad2,length_64_gap_8,qcluster_calibration_0000,qmask_83bdd2f6f8ba0b15,00001100,4.0130796432495117,3.9146122932434082,0.098467350006103516,True,True,False,False,8.7611274719238281,9.0169734954833984
qseq_08f9ce9d39a177fd,length_64_gap_8,qcluster_calibration_0001,qmask_83bdd2f6f8ba0b15,00001100,1.5538632869720459,1.096203088760376,0.45766019821166992,True,True,False,False,9.1493301391601562,9.4629306793212891
qseq_ba25b4ff9ce603ef,length_64_gap_8,qcluster_calibration_0002,qmask_83bdd2f6f8ba0b15,00001100,5.7279467582702637,5.8352017402648926,-0.10725498199462891,True,True,False,False,4.9040989875793457,4.7181425094604492
qseq_b3bceb123fa7d5ec,length_64_gap_8,qcluster_calibration_0003,qmask_83bdd2f6f8ba0b15,00001100,8.33526611328125,7.0911502838134766,1.2441158294677734,True,True,True,False,3.8401861190795898,4.7601675987243652
qseq_877a57b96470756d,length_64_gap_8,qcluster_calibration_0004,qmask_83bdd2f6f8ba0b15,00001100,4.7593965530395508,4.2465558052062988,0.51284074783325195,True,True,False,False,6.9865546226501465,7.3085908889770508
qseq_b9d7f1fa875c99d0,length_64_gap_8,qcluster_calibration_0005,qmask_83bdd2f6f8ba0b15,00001100,2.3145463466644287,1.4553583860397339,0.85918796062469482,True,True,False,False,10.567879676818848,11.288928031921387
qseq_bb4fb9cca082c2c4,length_64_gap_8,qcluster_calibration_0006,qmask_83bdd2f6f8ba0b15,00001100,5.4763393402099609,3.8888359069824219,1.5875034332275391,True,True,False,False,6.0848379135131836,7.4443855285644531
qseq_2e120598408758c4,length_64_gap_8,qcluster_calibration_0007,qmask_83bdd2f6f8ba0b15,00001100,5.4332938194274902,5.2978253364562988,0.13546848297119141,True,True,False,False,6.3220529556274414,6.422431468963623
qseq_a237a9dead0da3a2,length_64_gap_8,qcluster_calibration_0008,qmask_83bdd2f6f8ba0b15,00001100,12.002847671508789,10.23572826385498,1.7671194076538086,True,True,True,False,3.968289852142334,6.0067143440246582
qseq_9bfff1444e5aa0a3,length_64_gap_8,qcluster_calibration_0009,qmask_83bdd2f6f8ba0b15,00001100,9.8125228881835938,9.145167350769043,0.66735553741455078,True,True,False,False,3.791511058807373,3.9686317443847656
qseq_5a4c13304ee86daa,length_64_gap_8,qcluster_calibration_0010,qmask_83bdd2f6f8ba0b15,00001100,2.5111000537872314,2.6279420852661133,-0.11684203147888184,True,True,False,False,8.7827119827270508,8.7987756729125977
qseq_68ced4907f269429,length_64_gap_8,qcluster_calibration_0011,qmask_83bdd2f6f8ba0b15,00001100,6.6655588150024414,6.6675076484680176,-0.0019488334655761719,True,True,False,False,6.2746968269348145,6.2119388580322266
qseq_d1bdba28f544d799,length_64_gap_8,qcluster_calibration_0012,qmask_83bdd2f6f8ba0b15,00001100,5.2670984268188477,5.2362179756164551,0.030880451202392578,True,True,False,False,8.6208677291870117,8.6714668273925781
qseq_063eb8887368d26c,length_64_gap_8,qcluster_calibration_0013,qmask_83bdd2f6f8ba0b15,00001100,5.367673397064209,5.0370335578918457,0.33063983917236328,True,True,False,False,8.6571331024169922,8.6444072723388672
qseq_a6fe7bfa518f271c,length_64_gap_8,qcluster_calibration_0014,qmask_83bdd2f6f8ba0b15,00001100,6.5159611701965332,5.7409629821777344,0.77499818801879883,True,True,True,False,4.5989775657653809,5.3938794136047363
qseq_83fa597528c2de6a,length_64_gap_8,qcluster_calibration_0015,qmask_83bdd2f6f8ba0b15,00001100,4.5395421981811523,4.5971899032592773,-0.057647705078125,True,True,False,False,7.1461830139160156,7.2250947952270508
qseq_031905dc8fd98f3b,length_64_gap_8,qcluster_calibration_0016,qmask_83bdd2f6f8ba0b15,00001100,6.922396183013916,6.4015922546386719,0.52080392837524414,True,True,False,False,5.9694557189941406,6.4854469299316406
qseq_853e6addf4e8aedb,length_64_gap_8,qcluster_calibration_0017,qmask_83bdd2f6f8ba0b15,00001100,2.7450790405273438,2.4323537349700928,0.31272530555725098,True,True,False,False,8.3702983856201172,8.5652408599853516
qseq_77f253831b6a921d,length_64_gap_8,qcluster_calibration_0018,qmask_83bdd2f6f8ba0b15,00001100,6.5763716697692871,6.8997464179992676,-0.32337474822998047,True,True,False,False,6.2485313415527344,5.8934993743896484
qseq_a36a53dd705cb575,length_64_gap_8,qcluster_calibration_0019,qmask_83bdd2f6f8ba0b15,00001100,3.1396095752716064,3.2958595752716064,-0.15625,True,True,False,False,5.436790943145752,5.3163814544677734
qseq_b9f3d5d09a009161,length_64_gap_8,qcluster_calibration_0020,qmask_83bdd2f6f8ba0b15,00001100,7.1261196136474609,7.0786914825439453,0.047428131103515625,True,True,False,False,5.0925660133361816,5.1808242797851562
qseq_c72c75f0a2b40676,length_64_gap_8,qcluster_calibration_0021,qmask_83bdd2f6f8ba0b15,00001100,6.5917387008666992,6.3850173950195312,0.20672130584716797,True,True,False,False,5.3560805320739746,5.5468974113464355
qseq_429ffa184d06abdb,length_64_gap_8,qcluster_calibration_0022,qmask_83bdd2f6f8ba0b15,00001100,3.0574519634246826,2.9260618686676025,0.13139009475708008,True,True,False,False,8.6960411071777344,8.7638435363769531
qseq_b528fbc842f7a168,length_64_gap_8,qcluster_calibration_0023,qmask_83bdd2f6f8ba0b15,00001100,11.432259559631348,11.232062339782715,0.20019721984863281,True,True,True,True,1.5424089431762695,1.5684669017791748
qseq_dc084949a5577394,length_64_gap_8,qcluster_calibration_0024,qmask_83bdd2f6f8ba0b15,00001100,8.3536262512207031,8.769099235534668,-0.41547298431396484,True,True,False,False,3.5853147506713867,3.2406208515167236
qseq_7bbd2c793e6ab09b,length_64_gap_8,qcluster_calibration_0025,qmask_83bdd2f6f8ba0b15,00001100,3.3612565994262695,2.2708621025085449,1.0903944969177246,True,True,False,False,9.5885391235351562,10.374343872070312
qseq_50512cdd143f6f80,length_64_gap_8,qcluster_calibration_0026,qmask_83bdd2f6f8ba0b15,00001100,2.8017635345458984,2.7901871204376221,0.011576414108276367,True,True,False,False,7.9584794044494629,8.0460872650146484
qseq_04953cdb1b1280f7,length_64_gap_8,qcluster_calibration_0027,qmask_83bdd2f6f8ba0b15,00001100,4.4514684677124023,4.387150764465332,0.064317703247070312,True,True,False,False,10.319787979125977,10.387808799743652
qseq_e4f9a2a7954effd8,length_64_gap_8,qcluster_calibration_0028,qmask_83bdd2f6f8ba0b15,00001100,7.8564481735229492,7.8017301559448242,0.054718017578125,True,True,True,True,3.5697016716003418,3.581000804901123
qseq_07b0e9db340f7815,length_64_gap_8,qcluster_calibration_0029,qmask_83bdd2f6f8ba0b15,00001100,8.2504196166992188,7.9636554718017578,0.28676414489746094,True,True,True,True,3.0882534980773926,3.4464540481567383
qseq_d474cf6afee38e15,length_64_gap_8,qcluster_calibration_0030,qmask_83bdd2f6f8ba0b15,00001100,5.6595945358276367,4.3929867744445801,1.2666077613830566,True,True,False,False,7.7103500366210938,8.8961353302001953
qseq_133832395b8803fb,length_64_gap_8,qcluster_calibration_0031,qmask_83bdd2f6f8ba0b15,00001100,7.3377823829650879,7.2162995338439941,0.12148284912109375,True,True,True,True,3.4144439697265625,3.6273496150970459
qseq_71ad6d4ee2b16136,length_64_gap_8,qcluster_calibration_0032,qmask_83bdd2f6f8ba0b15,00001100,6.9257736206054688,6.452850341796875,0.47292327880859375,True,True,False,False,6.1692047119140625,6.5912227630615234
qseq_b78113a569273d84,length_64_gap_8,qcluster_calibration_0033,qmask_83bdd2f6f8ba0b15,00001100,9.3575239181518555,8.8026447296142578,0.55487918853759766,True,True,False,False,5.0449914932250977,5.3917384147644043
qseq_59f8cb7819ab3e75,length_64_gap_8,qcluster_calibration_0034,qmask_83bdd2f6f8ba0b15,00001100,8.5022010803222656,8.6428260803222656,-0.140625,True,True,False,False,7.161217212677002,6.9530668258666992
qseq_0b4a8f97b612b0fa,length_64_gap_8,qcluster_calibration_0035,qmask_83bdd2f6f8ba0b15,00001100,4.5702590942382812,4.0750570297241211,0.49520206451416016,True,True,False,False,8.0731344223022461,8.4128427505493164
qseq_00111061ca67072f,length_64_gap_8,qcluster_calibration_0036,qmask_83bdd2f6f8ba0b15,00001100,5.1105194091796875,4.8989934921264648,0.21152591705322266,True,True,False,False,7.1273760795593262,7.1169075965881348
qseq_5c3f05d5830454fa,length_64_gap_8,qcluster_calibration_0037,qmask_83bdd2f6f8ba0b15,00001100,9.4207763671875,8.726287841796875,0.694488525390625,True,True,False,False,4.4408226013183594,4.7247710227966309
qseq_fd96a8ea36b3a775,length_64_gap_8,qcluster_calibration_0038,qmask_83bdd2f6f8ba0b15,00001100,5.8756008148193359,5.6010556221008301,0.27454519271850586,True,True,False,False,6.9656023979187012,7.2074942588806152
qseq_bb3537b51fbc06d3,length_64_gap_8,qcluster_calibration_0039,qmask_83bdd2f6f8ba0b15,00001100,9.0377016067504883,7.9668698310852051,1.0708317756652832,True,True,True,False,2.9517228603363037,3.8301570415496826
qseq_0ba42ff2de22ba4a,length_64_gap_8,qcluster_calibration_0040,qmask_83bdd2f6f8ba0b15,00001100,3.2905721664428711,3.1897594928741455,0.10081267356872559,True,True,False,False,7.6727137565612793,7.7546672821044922
qseq_ef90ba166747da2b,length_64_gap_8,qcluster_calibration_0041,qmask_83bdd2f6f8ba0b15,00001100,4.5274982452392578,4.7622427940368652,-0.23474454879760742,True,True,False,False,5.6455330848693848,5.2120938301086426
qseq_6c14e7d81b1d1179,length_64_gap_8,qcluster_calibration_0042,qmask_83bdd2f6f8ba0b15,00001100,10.590005874633789,10.244832038879395,0.34517383575439453,True,True,True,True,2.854278564453125,3.0451626777648926
qseq_fab97a3922bc5882,length_64_gap_8,qcluster_calibration_0043,qmask_83bdd2f6f8ba0b15,00001100,6.0810108184814453,5.7027058601379395,0.37830495834350586,True,True,False,False,5.4811773300170898,5.8558335304260254
qseq_c4443cd01b10c3b3,length_64_gap_8,qcluster_calibration_0044,qmask_83bdd2f6f8ba0b15,00001100,4.8266925811767578,4.3391537666320801,0.48753881454467773,True,True,False,False,7.4493269920349121,7.9655947685241699
qseq_bde349300082738e,length_64_gap_8,qcluster_calibration_0045,qmask_83bdd2f6f8ba0b15,00001100,7.2822170257568359,7.2087860107421875,0.073431015014648438,True,True,False,False,6.7262864112854004,6.6377925872802734
qseq_5a6b42cdb8dc31b0,length_64_gap_8,qcluster_calibration_0046,qmask_83bdd2f6f8ba0b15,00001100,6.5545892715454102,6.6362161636352539,-0.08162689208984375,True,True,True,True,3.8162524700164795,3.9206914901733398
qseq_fb68b5f2b762325b,length_64_gap_8,qcluster_calibration_0047,qmask_83bdd2f6f8ba0b15,00001100,3.8065094947814941,3.486403226852417,0.32010626792907715,True,True,False,False,9.7781620025634766,9.7642383575439453
qseq_b59515605c42bc5b,length_64_gap_8,qcluster_calibration_0048,qmask_83bdd2f6f8ba0b15,00001100,7.565671443939209,7.40191650390625,0.16375494003295898,True,True,False,False,4.8700895309448242,4.9693727493286133
qseq_72f3ed64c9f631c3,length_64_gap_8,qcluster_calibration_0049,qmask_83bdd2f6f8ba0b15,00001100,6.9664216041564941,6.4317126274108887,0.53470897674560547,True,True,False,False,6.4542465209960938,7.0341477394104004
qseq_c013d4029a88cca1,length_64_gap_8,qcluster_calibration_0050,qmask_83bdd2f6f8ba0b15,00001100,9.9139385223388672,9.9198322296142578,-0.005893707275390625,True,True,True,True,2.7565476894378662,2.6848556995391846
qseq_485a89f456fb35f5,length_64_gap_8,qcluster_calibration_0051,qmask_83bdd2f6f8ba0b15,00001100,4.733849048614502,4.2685108184814453,0.46533823013305664,True,True,False,False,6.5296850204467773,6.9800601005554199
qseq_a91215a8af73161b,length_64_gap_8,qcluster_calibration_0052,qmask_83bdd2f6f8ba0b15,00001100,2.4005026817321777,2.445770263671875,-0.045267581939697266,True,True,False,False,9.8738918304443359,9.90191650390625
qseq_301600dd7c0c60ff,length_64_gap_8,qcluster_calibration_0053,qmask_83bdd2f6f8ba0b15,00001100,2.6073682308197021,2.1749958992004395,0.4323723316192627,True,True,False,False,8.3697900772094727,8.6315927505493164
qseq_0e9b7f4446e6a781,length_64_gap_8,qcluster_calibration_0054,qmask_83bdd2f6f8ba0b15,00001100,7.9697675704956055,7.39825439453125,0.57151317596435547,True,True,False,False,3.9902510643005371,4.6185026168823242
qseq_d5db7873b204763f,length_64_gap_8,qcluster_calibration_0055,qmask_83bdd2f6f8ba0b15,00001100,6.3800945281982422,6.2706928253173828,0.10940170288085938,True,True,False,False,4.7966980934143066,4.9112100601196289
qseq_606cdd73320d8cfb,length_64_gap_8,qcluster_calibration_0056,qmask_83bdd2f6f8ba0b15,00001100,10.929178237915039,10.621981620788574,0.30719661712646484,True,True,True,True,2.7362778186798096,2.8864212036132812
qseq_e0e3da22c79bd2be,length_64_gap_8,qcluster_calibration_0057,qmask_83bdd2f6f8ba0b15,00001100,6.5633573532104492,6.34326171875,0.22009563446044922,True,True,False,False,7.0428280830383301,7.187474250793457
qseq_308ebfb788f9e5b3,length_64_gap_8,qcluster_calibration_0058,qmask_83bdd2f6f8ba0b15,00001100,10.123649597167969,9.4823160171508789,0.64133358001708984,True,True,False,False,4.0733613967895508,4.4798812866210938
qseq_3cd28202caa2cc6d,length_64_gap_8,qcluster_calibration_0059,qmask_83bdd2f6f8ba0b15,00001100,2.8231985569000244,2.8483824729919434,-0.025183916091918945,True,True,False,False,6.4007453918457031,6.3246636390686035
qseq_bfd7e4e7f8ec7535,length_64_gap_8,qcluster_calibration_0060,qmask_83bdd2f6f8ba0b15,00001100,4.6519122123718262,4.4849481582641602,0.16696405410766602,True,True,False,False,8.1632633209228516,8.3192062377929688
qseq_149c9b3f9158929c,length_64_gap_8,qcluster_calibration_0061,qmask_83bdd2f6f8ba0b15,00001100,3.4329760074615479,3.5038986206054688,-0.070922613143920898,True,True,False,False,9.0120677947998047,8.8089914321899414
qseq_b27cf7ba143e26d1,length_64_gap_8,qcluster_calibration_0062,qmask_83bdd2f6f8ba0b15,00001100,2.1379885673522949,1.811321496963501,0.32666707038879395,True,True,False,False,10.760101318359375,10.867621421813965
qseq_1ec658904ccd0255,length_64_gap_8,qcluster_calibration_0063,qmask_83bdd2f6f8ba0b15,00001100,2.1271352767944336,2.1294841766357422,-0.0023488998413085938,True,True,False,False,7.4405622482299805,7.627530574798584
qseq_1430d7820b9bfe9c,length_64_gap_16,qcluster_calibration_0000,qmask_83bdd2f6f8ba0b15,00001100,3.1765074729919434,1.4871597290039062,1.6893477439880371,True,True,False,False,6.7367982864379883,8.3503303527832031
qseq_6cab91b2e919d54b,length_64_gap_16,qcluster_calibration_0001,qmask_83bdd2f6f8ba0b15,00001100,7.5219011306762695,7.1728711128234863,0.3490300178527832,True,True,False,False,4.5362205505371094,4.7798862457275391
qseq_b63f1866d95c4fc3,length_64_gap_16,qcluster_calibration_0002,qmask_83bdd2f6f8ba0b15,00001100,4.1023178100585938,4.5404195785522461,-0.43810176849365234,True,True,False,False,7.029747486114502,6.5803966522216797
qseq_35b5f1e0035f9647,length_64_gap_16,qcluster_calibration_0003,qmask_83bdd2f6f8ba0b15,00001100,6.1598443984985352,5.5197463035583496,0.64009809494018555,True,True,False,False,5.1366205215454102,5.3182005882263184
qseq_6013a683296527e7,length_64_gap_16,qcluster_calibration_0004,qmask_83bdd2f6f8ba0b15,00001100,8.7871847152709961,8.7976856231689453,-0.010500907897949219,True,True,True,True,2.5626513957977295,2.5266337394714355
qseq_c86819fcdc03e7ac,length_64_gap_16,qcluster_calibration_0005,qmask_83bdd2f6f8ba0b15,00001100,2.0278422832489014,1.7952296733856201,0.23261260986328125,True,True,False,False,8.8688182830810547,9.0103673934936523
qseq_c1e95f14fe34f7d9,length_64_gap_16,qcluster_calibration_0006,qmask_83bdd2f6f8ba0b15,00001100,6.1278519630432129,6.4144439697265625,-0.28659200668334961,True,True,False,False,8.8112201690673828,8.6079311370849609
qseq_71f90d3bdb66cca6,length_64_gap_16,qcluster_calibration_0007,qmask_83bdd2f6f8ba0b15,00001100,11.556797981262207,11.057168960571289,0.49962902069091797,True,True,True,True,1.46860671043396,1.7311525344848633
qseq_9df99be82ec07a58,length_64_gap_16,qcluster_calibration_0008,qmask_83bdd2f6f8ba0b15,00001100,8.298553466796875,6.5034332275390625,1.7951202392578125,True,True,False,False,5.8240351676940918,6.9601688385009766
qseq_f62f25ed707226fa,length_64_gap_16,qcluster_calibration_0009,qmask_83bdd2f6f8ba0b15,00001100,6.430938720703125,6.1086435317993164,0.32229518890380859,True,True,False,False,8.4896316528320312,8.7358074188232422
qseq_927873227de42566,length_64_gap_16,qcluster_calibration_0010,qmask_83bdd2f6f8ba0b15,00001100,5.9526734352111816,4.9392085075378418,1.0134649276733398,True,True,False,False,7.0927152633666992,7.5871796607971191
qseq_ea6a4d8222ac0ecc,length_64_gap_16,qcluster_calibration_0011,qmask_83bdd2f6f8ba0b15,00001100,2.3578269481658936,2.3514003753662109,0.0064265727996826172,True,True,False,False,10.610761642456055,10.553467750549316
qseq_7ae63a86e3f463e2,length_64_gap_16,qcluster_calibration_0012,qmask_83bdd2f6f8ba0b15,00001100,11.406655311584473,10.04829216003418,1.358363151550293,True,True,False,False,2.8811330795288086,3.7110288143157959
qseq_1cc22b45e046b5f0,length_64_gap_16,qcluster_calibration_0013,qmask_83bdd2f6f8ba0b15,00001100,5.7597432136535645,5.7844743728637695,-0.024731159210205078,True,True,True,True,4.7631464004516602,4.6846590042114258
qseq_ec68d3be8a47c745,length_64_gap_16,qcluster_calibration_0014,qmask_83bdd2f6f8ba0b15,00001100,6.04351806640625,5.5478901863098145,0.49562788009643555,True,True,False,False,4.381800651550293,4.7868714332580566
qseq_2ff31c8171de0258,length_64_gap_16,qcluster_calibration_0015,qmask_83bdd2f6f8ba0b15,00001100,10.063020706176758,9.6574983596801758,0.40552234649658203,True,True,False,False,3.589838981628418,3.6481292247772217
qseq_fd8f1d657982d446,length_64_gap_16,qcluster_calibration_0016,qmask_83bdd2f6f8ba0b15,00001100,7.0660972595214844,5.7945652008056641,1.2715320587158203,True,True,False,False,5.9252681732177734,6.9761180877685547
qseq_555e8743c33fb128,length_64_gap_16,qcluster_calibration_0017,qmask_83bdd2f6f8ba0b15,00001100,7.8962178230285645,8.2378768920898438,-0.3416590690612793,True,True,False,False,5.0778961181640625,4.7375845909118652
qseq_c9ef1325647308a9,length_64_gap_16,qcluster_calibration_0018,qmask_83bdd2f6f8ba0b15,00001100,10.616573333740234,9.9131488800048828,0.70342445373535156,True,True,False,False,3.7302937507629395,4.2848949432373047
qseq_7e6f150cfe73e27f,length_64_gap_16,qcluster_calibration_0019,qmask_83bdd2f6f8ba0b15,00001100,2.9851770401000977,2.9319212436676025,0.053255796432495117,True,True,False,False,7.0266819000244141,7.151951789855957
qseq_be3941806adfe7fb,length_64_gap_16,qcluster_calibration_0020,qmask_83bdd2f6f8ba0b15,00001100,3.3012979030609131,1.2562955617904663,2.0450023412704468,True,True,False,False,8.1101150512695312,10.252407073974609
qseq_1f27dea5a1423aaa,length_64_gap_16,qcluster_calibration_0021,qmask_83bdd2f6f8ba0b15,00001100,4.6122922897338867,3.8903965950012207,0.72189569473266602,True,True,False,False,6.2692723274230957,6.9924116134643555
qseq_9e84bd6057f414f1,length_64_gap_16,qcluster_calibration_0022,qmask_83bdd2f6f8ba0b15,00001100,3.5100173950195312,2.9494550228118896,0.5605623722076416,True,True,False,False,6.1384954452514648,6.8700575828552246
qseq_246ee89984874f24,length_64_gap_16,qcluster_calibration_0023,qmask_83bdd2f6f8ba0b15,00001100,2.62567138671875,3.1399774551391602,-0.51430606842041016,True,True,False,False,8.921320915222168,8.4163780212402344
qseq_5eebb2cd9fc91853,length_64_gap_16,qcluster_calibration_0024,qmask_83bdd2f6f8ba0b15,00001100,3.0045197010040283,2.7862639427185059,0.21825575828552246,True,True,False,False,8.4963779449462891,8.6603660583496094
qseq_19ab9649ec1e9bf4,length_64_gap_16,qcluster_calibration_0025,qmask_83bdd2f6f8ba0b15,00001100,7.0485477447509766,5.28076171875,1.7677860260009766,True,True,False,False,8.3232870101928711,10.432031631469727
qseq_a791a0b615f9ce82,length_64_gap_16,qcluster_calibration_0026,qmask_83bdd2f6f8ba0b15,00001100,7.9527888298034668,7.93316650390625,0.019622325897216797,True,True,True,True,3.4030900001525879,3.371403694152832
qseq_baaca84d1e2b4f15,length_64_gap_16,qcluster_calibration_0027,qmask_83bdd2f6f8ba0b15,00001100,7.1682858467102051,6.8498263359069824,0.31845951080322266,True,True,False,False,6.5272464752197266,6.7325496673583984
qseq_0a5c7134a2ee110d,length_64_gap_16,qcluster_calibration_0028,qmask_83bdd2f6f8ba0b15,00001100,4.1061997413635254,2.8635964393615723,1.2426033020019531,True,True,False,False,9.665318489074707,10.807056427001953
qseq_735adff49e60172b,length_64_gap_16,qcluster_calibration_0029,qmask_83bdd2f6f8ba0b15,00001100,2.240833044052124,2.3619222640991211,-0.12108922004699707,True,True,False,False,9.0025997161865234,9.0673732757568359
qseq_2532af12e740b460,length_64_gap_16,qcluster_calibration_0030,qmask_83bdd2f6f8ba0b15,00001100,3.9390654563903809,4.0493302345275879,-0.11026477813720703,True,True,False,False,7.7462000846862793,7.4921231269836426
qseq_dbfdfa3c3d4e0fd4,length_64_gap_16,qcluster_calibration_0031,qmask_83bdd2f6f8ba0b15,00001100,10.524319648742676,9.7451658248901367,0.77915382385253906,True,True,False,False,2.6317358016967773,3.1180219650268555
qseq_9c430b0afb6f555c,length_64_gap_16,qcluster_calibration_0032,qmask_83bdd2f6f8ba0b15,00001100,6.8121728897094727,5.655238151550293,1.1569347381591797,True,True,False,False,5.9172859191894531,7.2136631011962891
qseq_0f8760518808ff11,length_64_gap_16,qcluster_calibration_0033,qmask_83bdd2f6f8ba0b15,00001100,2.0905098915100098,2.1559429168701172,-0.065433025360107422,True,True,False,False,8.7473697662353516,8.6441574096679688
qseq_f11635608811c276,length_64_gap_16,qcluster_calibration_0034,qmask_83bdd2f6f8ba0b15,00001100,6.8415083885192871,6.4492015838623047,0.39230680465698242,True,True,False,False,4.955204963684082,5.2834367752075195
qseq_ec7a48f824197560,length_64_gap_16,qcluster_calibration_0035,qmask_83bdd2f6f8ba0b15,00001100,2.0925631523132324,2.038116455078125,0.054446697235107422,True,True,False,False,10.227489471435547,10.201398849487305
qseq_cf93f853ed2aec25,length_64_gap_16,qcluster_calibration_0036,qmask_83bdd2f6f8ba0b15,00001100,8.9843769073486328,8.8906269073486328,0.09375,True,True,False,False,5.0007905960083008,5.0614986419677734
qseq_bf0cbb2580fc3b1b,length_64_gap_16,qcluster_calibration_0037,qmask_83bdd2f6f8ba0b15,00001100,2.2029376029968262,1.2411587238311768,0.96177887916564941,True,True,False,False,10.890796661376953,11.606014251708984
qseq_558bee34d052f1e0,length_64_gap_16,qcluster_calibration_0038,qmask_83bdd2f6f8ba0b15,00001100,8.6577548980712891,8.0523624420166016,0.6053924560546875,True,True,False,False,7.5463247299194336,7.7826375961303711
qseq_140c8e6ce228e60b,length_64_gap_16,qcluster_calibration_0039,qmask_83bdd2f6f8ba0b15,00001100,4.8448653221130371,4.8059935569763184,0.03887176513671875,True,True,False,False,8.4924507141113281,8.5515003204345703
qseq_72be6fd870ec4fc1,length_64_gap_16,qcluster_calibration_0040,qmask_83bdd2f6f8ba0b15,00001100,2.0526168346405029,2.058297872543335,-0.0056810379028320312,True,True,False,False,10.353195190429688,10.39411735534668
qseq_4e1009eb44a8a8ed,length_64_gap_16,qcluster_calibration_0041,qmask_83bdd2f6f8ba0b15,00001100,7.022641658782959,5.2677936553955078,1.7548480033874512,True,True,False,False,6.1481466293334961,7.6554856300354004
qseq_3e42716412d7d3aa,length_64_gap_16,qcluster_calibration_0042,qmask_83bdd2f6f8ba0b15,00001100,6.4637594223022461,6.0193138122558594,0.44444561004638672,True,True,False,False,5.4017233848571777,5.3375921249389648
qseq_9979e8e85e5c2aca,length_64_gap_16,qcluster_calibration_0043,qmask_83bdd2f6f8ba0b15,00001100,2.7487623691558838,2.1015849113464355,0.64717745780944824,True,True,False,False,8.1226987838745117,8.7214546203613281
qseq_e8cca88ae0d87f0c,length_64_gap_16,qcluster_calibration_0044,qmask_83bdd2f6f8ba0b15,00001100,5.6666436195373535,5.2623610496520996,0.40428256988525391,True,True,True,True,3.3489480018615723,3.6146795749664307
qseq_9781392e7d1432f4,length_64_gap_16,qcluster_calibration_0045,qmask_83bdd2f6f8ba0b15,00001100,3.7020919322967529,3.6147847175598145,0.087307214736938477,True,True,False,False,8.3748989105224609,8.3727121353149414
qseq_938a531f5d49ae9f,length_64_gap_16,qcluster_calibration_0046,qmask_83bdd2f6f8ba0b15,00001100,3.8994283676147461,1.3463170528411865,2.5531113147735596,True,True,False,False,7.2402381896972656,8.9438848495483398
qseq_f87a934cb65c9c3f,length_64_gap_16,qcluster_calibration_0047,qmask_83bdd2f6f8ba0b15,00001100,8.5562763214111328,7.2316470146179199,1.3246293067932129,True,True,False,False,4.5753970146179199,5.6374578475952148
qseq_f64413997792a575,length_64_gap_16,qcluster_calibration_0048,qmask_83bdd2f6f8ba0b15,00001100,10.628211975097656,10.563020706176758,0.065191268920898438,True,True,False,False,3.2169971466064453,3.2638025283813477
qseq_43a72a2ed7c2f4ea,length_64_gap_16,qcluster_calibration_0049,qmask_83bdd2f6f8ba0b15,00001100,12.785079002380371,9.8241958618164062,2.9608831405639648,True,True,True,True,0.75496119260787964,2.7643065452575684
qseq_7d739324409fd6d1,length_64_gap_16,qcluster_calibration_0050,qmask_83bdd2f6f8ba0b15,00001100,3.4299097061157227,3.2749724388122559,0.1549372673034668,True,True,False,False,8.6343584060668945,8.8709478378295898
qseq_8b2a954502efad88,length_64_gap_16,qcluster_calibration_0051,qmask_83bdd2f6f8ba0b15,00001100,5.024817943572998,4.9886789321899414,0.036139011383056641,True,True,False,False,4.5621252059936523,4.6381254196166992
qseq_ee569f22f3ae250b,length_64_gap_16,qcluster_calibration_0052,qmask_83bdd2f6f8ba0b15,00001100,11.460666656494141,11.180637359619141,0.280029296875,True,True,True,True,4.744727611541748,4.837249755859375
qseq_be706f1a14275ce5,length_64_gap_16,qcluster_calibration_0053,qmask_83bdd2f6f8ba0b15,00001100,6.9759912490844727,6.9086689949035645,0.067322254180908203,True,True,True,True,4.1103601455688477,4.1544294357299805
qseq_0d4a12ac6609f992,length_64_gap_16,qcluster_calibration_0054,qmask_83bdd2f6f8ba0b15,00001100,7.8007326126098633,7.0999059677124023,0.70082664489746094,True,True,False,False,5.0124993324279785,5.628507137298584
qseq_320816d34c614941,length_64_gap_16,qcluster_calibration_0055,qmask_83bdd2f6f8ba0b15,00001100,8.9110279083251953,8.2539291381835938,0.65709877014160156,True,True,False,False,4.3412599563598633,4.8729114532470703
qseq_25193281c205ed04,length_64_gap_16,qcluster_calibration_0056,qmask_83bdd2f6f8ba0b15,00001100,14.708207130432129,14.51331615447998,0.19489097595214844,True,True,True,True,2.6232519149780273,2.6472532749176025
qseq_b045665f5c174dfc,length_64_gap_16,qcluster_calibration_0057,qmask_83bdd2f6f8ba0b15,00001100,4.9811687469482422,4.6256961822509766,0.35547256469726562,True,True,False,False,7.1304516792297363,7.4511723518371582
qseq_52226822b394abe1,length_64_gap_16,qcluster_calibration_0058,qmask_83bdd2f6f8ba0b15,00001100,4.9206390380859375,4.1237683296203613,0.79687070846557617,True,True,False,False,7.0272693634033203,7.7567391395568848
qseq_2326900f42567a95,length_64_gap_16,qcluster_calibration_0059,qmask_83bdd2f6f8ba0b15,00001100,7.2310028076171875,7.1156177520751953,0.11538505554199219,True,True,True,True,4.716702938079834,4.7582077980041504
qseq_aaaf29c263e79980,length_64_gap_16,qcluster_calibration_0060,qmask_83bdd2f6f8ba0b15,00001100,4.4120197296142578,4.5174679756164551,-0.10544824600219727,True,True,False,False,8.7971324920654297,8.6079978942871094
qseq_2fac127defa553b1,length_64_gap_16,qcluster_calibration_0061,qmask_83bdd2f6f8ba0b15,00001100,9.8861980438232422,9.7264833450317383,0.15971469879150391,True,True,True,True,1.8601176738739014,1.9304800033569336
qseq_c6719791fd52414c,length_64_gap_16,qcluster_calibration_0062,qmask_83bdd2f6f8ba0b15,00001100,5.8946571350097656,5.7512917518615723,0.14336538314819336,True,True,False,False,7.1834321022033691,7.3356256484985352
qseq_6ff77924024e3caf,length_64_gap_16,qcluster_calibration_0063,qmask_83bdd2f6f8ba0b15,00001100,10.380436897277832,9.7653779983520508,0.61505889892578125,True,True,True,True,1.4411606788635254,1.9443464279174805
