selector,target,term,coefficient,measurement_budget,ridge
direct_risk_head_pair_quadratic,0.5,intercept,0.611725863549037,160,1e-06
direct_risk_head_pair_quadratic,0.5,head_0,-0.02306658009171617,160,1e-06
direct_risk_head_pair_quadratic,0.5,head_1,0.29606400036091235,160,1e-06
direct_risk_head_pair_quadratic,0.5,head_2,-0.2820411493690216,160,1e-06
direct_risk_head_pair_quadratic,0.5,head_3,0.0017700789120698348,160,1e-06
direct_risk_head_pair_quadratic,0.5,head_4,-0.1942840406025962,160,1e-06
direct_risk_head_pair_quadratic,0.5,head_5,-0.03080252687050308,160,1e-06
direct_risk_head_pair_quadratic,0.5,head_6,0.007114121394415889,160,1e-06
direct_risk_head_pair_quadratic,0.5,head_7,-0.2015216055072082,160,1e-06
direct_risk_head_pair_quadratic,0.5,head_8,0.009714230600221356,160,1e-06
direct_risk_head_pair_quadratic,0.5,head_9,0.4760835698479863,160,1e-06
direct_risk_head_pair_quadratic,0.5,head_10,-0.14993626195131787,160,1e-06
direct_risk_head_pair_quadratic,0.5,head_11,1.4872529348397348,160,1e-06
direct_risk_head_pair_quadratic,0.5,head_12,1.134906428437578,160,1e-06
direct_risk_head_pair_quadratic,0.5,head_0:head_1,0.24261927877677567,160,1e-06
direct_risk_head_pair_quadratic,0.5,head_0:head_2,0.4247500626238908,160,1e-06
direct_risk_head_pair_quadratic,0.5,head_0:head_3,-0.010168734001514277,160,1e-06
direct_risk_head_pair_quadratic,0.5,head_0:head_4,0.06826124603001155,160,1e-06
direct_risk_head_pair_quadratic,0.5,head_0:head_5,0.1454718146755712,160,1e-06
direct_risk_head_pair_quadratic,0.5,head_0:head_6,0.3914656958845802,160,1e-06
direct_risk_head_pair_quadratic,0.5,head_0:head_7,0.3232862771235369,160,1e-06
direct_risk_head_pair_quadratic,0.5,head_0:head_8,-0.00477775264836049,160,1e-06
direct_risk_head_pair_quadratic,0.5,head_0:head_9,-0.23834677141948518,160,1e-06
direct_risk_head_pair_quadratic,0.5,head_0:head_10,-0.006029790100852014,160,1e-06
direct_risk_head_pair_quadratic,0.5,head_0:head_11,-1.5065625234045492,160,1e-06
direct_risk_head_pair_quadratic,0.5,head_0:head_12,-0.5825030850858739,160,1e-06
direct_risk_head_pair_quadratic,0.5,head_1:head_2,0.0031298372024504465,160,1e-06
direct_risk_head_pair_quadratic,0.5,head_1:head_3,0.015809878632163307,160,1e-06
direct_risk_head_pair_quadratic,0.5,head_1:head_4,0.04924620487111797,160,1e-06
direct_risk_head_pair_quadratic,0.5,head_1:head_5,-0.12475919134090019,160,1e-06
direct_risk_head_pair_quadratic,0.5,head_1:head_6,-0.09931713832090332,160,1e-06
direct_risk_head_pair_quadratic,0.5,head_1:head_7,-0.2028264169671397,160,1e-06
direct_risk_head_pair_quadratic,0.5,head_1:head_8,-0.013275449792112544,160,1e-06
direct_risk_head_pair_quadratic,0.5,head_1:head_9,0.003371498250724704,160,1e-06
direct_risk_head_pair_quadratic,0.5,head_1:head_10,0.13250658907800805,160,1e-06
direct_risk_head_pair_quadratic,0.5,head_1:head_11,-0.4321115806168988,160,1e-06
direct_risk_head_pair_quadratic,0.5,head_1:head_12,0.07831297783602444,160,1e-06
direct_risk_head_pair_quadratic,0.5,head_2:head_3,-0.02869289362745175,160,1e-06
direct_risk_head_pair_quadratic,0.5,head_2:head_4,0.18743313832481448,160,1e-06
direct_risk_head_pair_quadratic,0.5,head_2:head_5,0.1248242782653386,160,1e-06
direct_risk_head_pair_quadratic,0.5,head_2:head_6,-0.09324562583876145,160,1e-06
direct_risk_head_pair_quadratic,0.5,head_2:head_7,0.1894379364056905,160,1e-06
direct_risk_head_pair_quadratic,0.5,head_2:head_8,0.14365234202773133,160,1e-06
direct_risk_head_pair_quadratic,0.5,head_2:head_9,0.11112106443007348,160,1e-06
direct_risk_head_pair_quadratic,0.5,head_2:head_10,0.051571995354012495,160,1e-06
direct_risk_head_pair_quadratic,0.5,head_2:head_11,-0.07375699798783837,160,1e-06
direct_risk_head_pair_quadratic,0.5,head_2:head_12,-0.5182020371704928,160,1e-06
direct_risk_head_pair_quadratic,0.5,head_3:head_4,-0.042166405299814795,160,1e-06
direct_risk_head_pair_quadratic,0.5,head_3:head_5,0.03604200795471085,160,1e-06
direct_risk_head_pair_quadratic,0.5,head_3:head_6,-0.17440732636593542,160,1e-06
direct_risk_head_pair_quadratic,0.5,head_3:head_7,0.2999837356554224,160,1e-06
direct_risk_head_pair_quadratic,0.5,head_3:head_8,-0.04260477822237682,160,1e-06
direct_risk_head_pair_quadratic,0.5,head_3:head_9,-0.010437757944427053,160,1e-06
direct_risk_head_pair_quadratic,0.5,head_3:head_10,-0.05406258671517472,160,1e-06
direct_risk_head_pair_quadratic,0.5,head_3:head_11,-0.15341811775698852,160,1e-06
direct_risk_head_pair_quadratic,0.5,head_3:head_12,-0.02036671541425818,160,1e-06
direct_risk_head_pair_quadratic,0.5,head_4:head_5,-0.1593315208580253,160,1e-06
direct_risk_head_pair_quadratic,0.5,head_4:head_6,-0.07485965904962982,160,1e-06
direct_risk_head_pair_quadratic,0.5,head_4:head_7,0.12058984527075345,160,1e-06
direct_risk_head_pair_quadratic,0.5,head_4:head_8,0.10911634225969076,160,1e-06
direct_risk_head_pair_quadratic,0.5,head_4:head_9,-0.01018618796040089,160,1e-06
direct_risk_head_pair_quadratic,0.5,head_4:head_10,0.08287904351630444,160,1e-06
direct_risk_head_pair_quadratic,0.5,head_4:head_11,-0.12668684963173504,160,1e-06
direct_risk_head_pair_quadratic,0.5,head_4:head_12,0.026387146834296913,160,1e-06
direct_risk_head_pair_quadratic,0.5,head_5:head_6,0.05474152243109392,160,1e-06
direct_risk_head_pair_quadratic,0.5,head_5:head_7,-0.07760827470271162,160,1e-06
direct_risk_head_pair_quadratic,0.5,head_5:head_8,0.09288962852161237,160,1e-06
direct_risk_head_pair_quadratic,0.5,head_5:head_9,0.07285426009979831,160,1e-06
direct_risk_head_pair_quadratic,0.5,head_5:head_10,-0.09973635041599851,160,1e-06
direct_risk_head_pair_quadratic,0.5,head_5:head_11,-0.0990441033586383,160,1e-06
direct_risk_head_pair_quadratic,0.5,head_5:head_12,0.04404169217270465,160,1e-06
direct_risk_head_pair_quadratic,0.5,head_6:head_7,0.10792993291855627,160,1e-06
direct_risk_head_pair_quadratic,0.5,head_6:head_8,0.18161291880708885,160,1e-06
direct_risk_head_pair_quadratic,0.5,head_6:head_9,-0.009250582819737197,160,1e-06
direct_risk_head_pair_quadratic,0.5,head_6:head_10,0.11871169749656944,160,1e-06
direct_risk_head_pair_quadratic,0.5,head_6:head_11,0.07200385195380597,160,1e-06
direct_risk_head_pair_quadratic,0.5,head_6:head_12,-0.15290813754732993,160,1e-06
direct_risk_head_pair_quadratic,0.5,head_7:head_8,-0.011287777561960685,160,1e-06
direct_risk_head_pair_quadratic,0.5,head_7:head_9,-0.07120994309096648,160,1e-06
direct_risk_head_pair_quadratic,0.5,head_7:head_10,0.027294488286486385,160,1e-06
direct_risk_head_pair_quadratic,0.5,head_7:head_11,-0.009503284672188764,160,1e-06
direct_risk_head_pair_quadratic,0.5,head_7:head_12,-0.3922742805064505,160,1e-06
direct_risk_head_pair_quadratic,0.5,head_8:head_9,-0.265737108518152,160,1e-06
direct_risk_head_pair_quadratic,0.5,head_8:head_10,-0.11013629552876625,160,1e-06
direct_risk_head_pair_quadratic,0.5,head_8:head_11,-0.23347166111575055,160,1e-06
direct_risk_head_pair_quadratic,0.5,head_8:head_12,-0.22312392674976947,160,1e-06
direct_risk_head_pair_quadratic,0.5,head_9:head_10,0.04059750784707926,160,1e-06
direct_risk_head_pair_quadratic,0.5,head_9:head_11,-0.010322449736873691,160,1e-06
direct_risk_head_pair_quadratic,0.5,head_9:head_12,0.05857921341878104,160,1e-06
direct_risk_head_pair_quadratic,0.5,head_10:head_11,-0.01656065815641695,160,1e-06
direct_risk_head_pair_quadratic,0.5,head_10:head_12,0.12855868482084026,160,1e-06
direct_risk_head_pair_quadratic,0.5,head_11:head_12,0.6149170810141463,160,1e-06
natural_mean_effect_head_pair_quadratic,0.5,intercept,0.1113292737182488,160,1e-06
natural_mean_effect_head_pair_quadratic,0.5,head_0,0.22682413893264383,160,1e-06
natural_mean_effect_head_pair_quadratic,0.5,head_1,-0.5847686754053515,160,1e-06
natural_mean_effect_head_pair_quadratic,0.5,head_2,0.3423138316793551,160,1e-06
natural_mean_effect_head_pair_quadratic,0.5,head_3,0.010067983879844936,160,1e-06
natural_mean_effect_head_pair_quadratic,0.5,head_4,0.1681570984622305,160,1e-06
natural_mean_effect_head_pair_quadratic,0.5,head_5,0.16622615351343814,160,1e-06
natural_mean_effect_head_pair_quadratic,0.5,head_6,-0.178858978963646,160,1e-06
natural_mean_effect_head_pair_quadratic,0.5,head_7,0.30447000564724774,160,1e-06
natural_mean_effect_head_pair_quadratic,0.5,head_8,0.31086778844894986,160,1e-06
natural_mean_effect_head_pair_quadratic,0.5,head_9,-0.5829318597066411,160,1e-06
natural_mean_effect_head_pair_quadratic,0.5,head_10,-0.0648025414407263,160,1e-06
natural_mean_effect_head_pair_quadratic,0.5,head_11,-1.6079436398789457,160,1e-06
natural_mean_effect_head_pair_quadratic,0.5,head_12,-1.3543224778334098,160,1e-06
natural_mean_effect_head_pair_quadratic,0.5,head_0:head_1,-0.25600500337137133,160,1e-06
natural_mean_effect_head_pair_quadratic,0.5,head_0:head_2,0.0024077764410051954,160,1e-06
natural_mean_effect_head_pair_quadratic,0.5,head_0:head_3,-0.00608865822701011,160,1e-06
natural_mean_effect_head_pair_quadratic,0.5,head_0:head_4,-0.018568875773607454,160,1e-06
natural_mean_effect_head_pair_quadratic,0.5,head_0:head_5,0.032624798181920794,160,1e-06
natural_mean_effect_head_pair_quadratic,0.5,head_0:head_6,0.349069854147193,160,1e-06
natural_mean_effect_head_pair_quadratic,0.5,head_0:head_7,0.043312225658740953,160,1e-06
natural_mean_effect_head_pair_quadratic,0.5,head_0:head_8,0.04605666126449295,160,1e-06
natural_mean_effect_head_pair_quadratic,0.5,head_0:head_9,0.3088329213021678,160,1e-06
natural_mean_effect_head_pair_quadratic,0.5,head_0:head_10,-0.04077439161940728,160,1e-06
natural_mean_effect_head_pair_quadratic,0.5,head_0:head_11,1.6432480992220144,160,1e-06
natural_mean_effect_head_pair_quadratic,0.5,head_0:head_12,0.4400489397364797,160,1e-06
natural_mean_effect_head_pair_quadratic,0.5,head_1:head_2,0.17361060131893072,160,1e-06
natural_mean_effect_head_pair_quadratic,0.5,head_1:head_3,0.07220564990895889,160,1e-06
natural_mean_effect_head_pair_quadratic,0.5,head_1:head_4,0.16000585872859985,160,1e-06
natural_mean_effect_head_pair_quadratic,0.5,head_1:head_5,-0.01026244965109175,160,1e-06
natural_mean_effect_head_pair_quadratic,0.5,head_1:head_6,0.18310745924195598,160,1e-06
natural_mean_effect_head_pair_quadratic,0.5,head_1:head_7,0.09929408762894779,160,1e-06
natural_mean_effect_head_pair_quadratic,0.5,head_1:head_8,0.07266551737316675,160,1e-06
natural_mean_effect_head_pair_quadratic,0.5,head_1:head_9,-0.025802868459571634,160,1e-06
natural_mean_effect_head_pair_quadratic,0.5,head_1:head_10,-0.016607606381798982,160,1e-06
natural_mean_effect_head_pair_quadratic,0.5,head_1:head_11,0.7191895779875805,160,1e-06
natural_mean_effect_head_pair_quadratic,0.5,head_1:head_12,-0.051388473539486494,160,1e-06
natural_mean_effect_head_pair_quadratic,0.5,head_2:head_3,0.025056187908913865,160,1e-06
natural_mean_effect_head_pair_quadratic,0.5,head_2:head_4,-0.03334610537549692,160,1e-06
natural_mean_effect_head_pair_quadratic,0.5,head_2:head_5,-0.0791223697758525,160,1e-06
natural_mean_effect_head_pair_quadratic,0.5,head_2:head_6,-0.04488817964353867,160,1e-06
natural_mean_effect_head_pair_quadratic,0.5,head_2:head_7,-0.0015773995961822051,160,1e-06
natural_mean_effect_head_pair_quadratic,0.5,head_2:head_8,-0.14531556528149378,160,1e-06
natural_mean_effect_head_pair_quadratic,0.5,head_2:head_9,0.35395876736243725,160,1e-06
natural_mean_effect_head_pair_quadratic,0.5,head_2:head_10,0.04832693119628898,160,1e-06
natural_mean_effect_head_pair_quadratic,0.5,head_2:head_11,-0.05838391779340806,160,1e-06
natural_mean_effect_head_pair_quadratic,0.5,head_2:head_12,0.28931972306432935,160,1e-06
natural_mean_effect_head_pair_quadratic,0.5,head_3:head_4,0.009977334244547553,160,1e-06
natural_mean_effect_head_pair_quadratic,0.5,head_3:head_5,-0.022263042912114842,160,1e-06
natural_mean_effect_head_pair_quadratic,0.5,head_3:head_6,0.0009140638993668426,160,1e-06
natural_mean_effect_head_pair_quadratic,0.5,head_3:head_7,-0.02049138164099392,160,1e-06
natural_mean_effect_head_pair_quadratic,0.5,head_3:head_8,-0.05540727346975516,160,1e-06
natural_mean_effect_head_pair_quadratic,0.5,head_3:head_9,-0.10109234774476064,160,1e-06
natural_mean_effect_head_pair_quadratic,0.5,head_3:head_10,0.11850483125371661,160,1e-06
natural_mean_effect_head_pair_quadratic,0.5,head_3:head_11,0.14383523093839398,160,1e-06
natural_mean_effect_head_pair_quadratic,0.5,head_3:head_12,-0.05362615043682517,160,1e-06
natural_mean_effect_head_pair_quadratic,0.5,head_4:head_5,-0.0161260038942304,160,1e-06
natural_mean_effect_head_pair_quadratic,0.5,head_4:head_6,0.13672398985553924,160,1e-06
natural_mean_effect_head_pair_quadratic,0.5,head_4:head_7,0.023319679863448302,160,1e-06
natural_mean_effect_head_pair_quadratic,0.5,head_4:head_8,0.03360589149341668,160,1e-06
natural_mean_effect_head_pair_quadratic,0.5,head_4:head_9,-0.12174549240789934,160,1e-06
natural_mean_effect_head_pair_quadratic,0.5,head_4:head_10,0.028183506404418676,160,1e-06
natural_mean_effect_head_pair_quadratic,0.5,head_4:head_11,0.06731777366291407,160,1e-06
natural_mean_effect_head_pair_quadratic,0.5,head_4:head_12,0.010784096769840924,160,1e-06
natural_mean_effect_head_pair_quadratic,0.5,head_5:head_6,-0.0728078724484319,160,1e-06
natural_mean_effect_head_pair_quadratic,0.5,head_5:head_7,-0.04241652247463334,160,1e-06
natural_mean_effect_head_pair_quadratic,0.5,head_5:head_8,-0.1529987676720074,160,1e-06
natural_mean_effect_head_pair_quadratic,0.5,head_5:head_9,0.1099295394946664,160,1e-06
natural_mean_effect_head_pair_quadratic,0.5,head_5:head_10,0.04441870438194837,160,1e-06
natural_mean_effect_head_pair_quadratic,0.5,head_5:head_11,-0.0767854786157886,160,1e-06
natural_mean_effect_head_pair_quadratic,0.5,head_5:head_12,0.18773123202083428,160,1e-06
natural_mean_effect_head_pair_quadratic,0.5,head_6:head_7,-0.11235869216743229,160,1e-06
natural_mean_effect_head_pair_quadratic,0.5,head_6:head_8,-0.13327357054545125,160,1e-06
natural_mean_effect_head_pair_quadratic,0.5,head_6:head_9,0.1168336612007441,160,1e-06
natural_mean_effect_head_pair_quadratic,0.5,head_6:head_10,0.02522408480422991,160,1e-06
natural_mean_effect_head_pair_quadratic,0.5,head_6:head_11,-0.048719481283283995,160,1e-06
natural_mean_effect_head_pair_quadratic,0.5,head_6:head_12,0.23808302351900282,160,1e-06
natural_mean_effect_head_pair_quadratic,0.5,head_7:head_8,0.013051816322153941,160,1e-06
natural_mean_effect_head_pair_quadratic,0.5,head_7:head_9,0.07050859241125894,160,1e-06
natural_mean_effect_head_pair_quadratic,0.5,head_7:head_10,0.036452143036314305,160,1e-06
natural_mean_effect_head_pair_quadratic,0.5,head_7:head_11,-0.012473205197920544,160,1e-06
natural_mean_effect_head_pair_quadratic,0.5,head_7:head_12,0.22160540281091357,160,1e-06
natural_mean_effect_head_pair_quadratic,0.5,head_8:head_9,0.10127592107837036,160,1e-06
natural_mean_effect_head_pair_quadratic,0.5,head_8:head_10,-0.053667438861923135,160,1e-06
natural_mean_effect_head_pair_quadratic,0.5,head_8:head_11,-0.009446432417066828,160,1e-06
natural_mean_effect_head_pair_quadratic,0.5,head_8:head_12,0.3373782125765851,160,1e-06
natural_mean_effect_head_pair_quadratic,0.5,head_9:head_10,0.047464437328664524,160,1e-06
natural_mean_effect_head_pair_quadratic,0.5,head_9:head_11,0.05586712568763844,160,1e-06
natural_mean_effect_head_pair_quadratic,0.5,head_9:head_12,-0.11696016480343178,160,1e-06
natural_mean_effect_head_pair_quadratic,0.5,head_10:head_11,-0.029351090991179364,160,1e-06
natural_mean_effect_head_pair_quadratic,0.5,head_10:head_12,0.04000944774537852,160,1e-06
natural_mean_effect_head_pair_quadratic,0.5,head_11:head_12,-0.5852695158935965,160,1e-06
transformed_mean_head_pair_quadratic,0.5,intercept,0.5775309135407348,160,1e-06
transformed_mean_head_pair_quadratic,0.5,head_0,-0.39758932531708063,160,1e-06
transformed_mean_head_pair_quadratic,0.5,head_1,0.4376995608671796,160,1e-06
transformed_mean_head_pair_quadratic,0.5,head_2,-0.3979674599023578,160,1e-06
transformed_mean_head_pair_quadratic,0.5,head_3,-0.010264751026207818,160,1e-06
transformed_mean_head_pair_quadratic,0.5,head_4,-0.3357760650831625,160,1e-06
transformed_mean_head_pair_quadratic,0.5,head_5,0.009813288803274464,160,1e-06
transformed_mean_head_pair_quadratic,0.5,head_6,-0.08995983561056507,160,1e-06
transformed_mean_head_pair_quadratic,0.5,head_7,-0.4355597330591961,160,1e-06
transformed_mean_head_pair_quadratic,0.5,head_8,-0.11398564438602919,160,1e-06
transformed_mean_head_pair_quadratic,0.5,head_9,0.6027330494088503,160,1e-06
transformed_mean_head_pair_quadratic,0.5,head_10,-0.27421373568511875,160,1e-06
transformed_mean_head_pair_quadratic,0.5,head_11,1.4868986385898415,160,1e-06
transformed_mean_head_pair_quadratic,0.5,head_12,1.265077034386194,160,1e-06
transformed_mean_head_pair_quadratic,0.5,head_0:head_1,0.17425427655465472,160,1e-06
transformed_mean_head_pair_quadratic,0.5,head_0:head_2,0.4000874382073554,160,1e-06
transformed_mean_head_pair_quadratic,0.5,head_0:head_3,-0.001309055827159231,160,1e-06
transformed_mean_head_pair_quadratic,0.5,head_0:head_4,0.20132706383633014,160,1e-06
transformed_mean_head_pair_quadratic,0.5,head_0:head_5,0.0784028181025451,160,1e-06
transformed_mean_head_pair_quadratic,0.5,head_0:head_6,0.10776951555601146,160,1e-06
transformed_mean_head_pair_quadratic,0.5,head_0:head_7,0.526394583843819,160,1e-06
transformed_mean_head_pair_quadratic,0.5,head_0:head_8,0.08662583436842881,160,1e-06
transformed_mean_head_pair_quadratic,0.5,head_0:head_9,-0.3488787444393034,160,1e-06
transformed_mean_head_pair_quadratic,0.5,head_0:head_10,0.08377422412710595,160,1e-06
transformed_mean_head_pair_quadratic,0.5,head_0:head_11,-1.581371219575324,160,1e-06
transformed_mean_head_pair_quadratic,0.5,head_0:head_12,-0.7051665864795685,160,1e-06
transformed_mean_head_pair_quadratic,0.5,head_1:head_2,-0.1684056951212011,160,1e-06
transformed_mean_head_pair_quadratic,0.5,head_1:head_3,-0.09091963144911028,160,1e-06
transformed_mean_head_pair_quadratic,0.5,head_1:head_4,0.0008626045034153242,160,1e-06
transformed_mean_head_pair_quadratic,0.5,head_1:head_5,-0.217422810990216,160,1e-06
transformed_mean_head_pair_quadratic,0.5,head_1:head_6,-0.11759673608410497,160,1e-06
transformed_mean_head_pair_quadratic,0.5,head_1:head_7,-0.24927137682675185,160,1e-06
transformed_mean_head_pair_quadratic,0.5,head_1:head_8,-0.08493348942707406,160,1e-06
transformed_mean_head_pair_quadratic,0.5,head_1:head_9,-0.03815876418871751,160,1e-06
transformed_mean_head_pair_quadratic,0.5,head_1:head_10,0.19174701565855143,160,1e-06
transformed_mean_head_pair_quadratic,0.5,head_1:head_11,-0.44979370288389176,160,1e-06
transformed_mean_head_pair_quadratic,0.5,head_1:head_12,0.1463678766803267,160,1e-06
transformed_mean_head_pair_quadratic,0.5,head_2:head_3,0.07074848555439893,160,1e-06
transformed_mean_head_pair_quadratic,0.5,head_2:head_4,0.13773642107393477,160,1e-06
transformed_mean_head_pair_quadratic,0.5,head_2:head_5,0.12876483474161743,160,1e-06
transformed_mean_head_pair_quadratic,0.5,head_2:head_6,-0.03133205999924751,160,1e-06
transformed_mean_head_pair_quadratic,0.5,head_2:head_7,0.15827396585733264,160,1e-06
transformed_mean_head_pair_quadratic,0.5,head_2:head_8,0.16800540973217065,160,1e-06
transformed_mean_head_pair_quadratic,0.5,head_2:head_9,-0.08468050234954613,160,1e-06
transformed_mean_head_pair_quadratic,0.5,head_2:head_10,-0.06109576500324285,160,1e-06
transformed_mean_head_pair_quadratic,0.5,head_2:head_11,0.028073827777012127,160,1e-06
transformed_mean_head_pair_quadratic,0.5,head_2:head_12,-0.5321005607336294,160,1e-06
transformed_mean_head_pair_quadratic,0.5,head_3:head_4,-0.07030672216679862,160,1e-06
transformed_mean_head_pair_quadratic,0.5,head_3:head_5,0.12192013130876918,160,1e-06
transformed_mean_head_pair_quadratic,0.5,head_3:head_6,-0.2762664062672317,160,1e-06
transformed_mean_head_pair_quadratic,0.5,head_3:head_7,0.37164055340368873,160,1e-06
transformed_mean_head_pair_quadratic,0.5,head_3:head_8,-0.11564017755388417,160,1e-06
transformed_mean_head_pair_quadratic,0.5,head_3:head_9,-0.023498256985185692,160,1e-06
transformed_mean_head_pair_quadratic,0.5,head_3:head_10,-0.020511163519260255,160,1e-06
transformed_mean_head_pair_quadratic,0.5,head_3:head_11,-0.03352737640912212,160,1e-06
transformed_mean_head_pair_quadratic,0.5,head_3:head_12,0.003457991589078862,160,1e-06
transformed_mean_head_pair_quadratic,0.5,head_4:head_5,-0.12778221636992307,160,1e-06
transformed_mean_head_pair_quadratic,0.5,head_4:head_6,0.007854338275337745,160,1e-06
transformed_mean_head_pair_quadratic,0.5,head_4:head_7,0.13260341595401057,160,1e-06
transformed_mean_head_pair_quadratic,0.5,head_4:head_8,-0.07084027916427306,160,1e-06
transformed_mean_head_pair_quadratic,0.5,head_4:head_9,-0.06601908555858672,160,1e-06
transformed_mean_head_pair_quadratic,0.5,head_4:head_10,0.25122543046400025,160,1e-06
transformed_mean_head_pair_quadratic,0.5,head_4:head_11,-0.022260818737849488,160,1e-06
transformed_mean_head_pair_quadratic,0.5,head_4:head_12,0.06748659113556801,160,1e-06
transformed_mean_head_pair_quadratic,0.5,head_5:head_6,0.060314852486887484,160,1e-06
transformed_mean_head_pair_quadratic,0.5,head_5:head_7,0.03409722960629739,160,1e-06
transformed_mean_head_pair_quadratic,0.5,head_5:head_8,0.17697318715476346,160,1e-06
transformed_mean_head_pair_quadratic,0.5,head_5:head_9,0.06012194304104389,160,1e-06
transformed_mean_head_pair_quadratic,0.5,head_5:head_10,-0.24570551009934954,160,1e-06
transformed_mean_head_pair_quadratic,0.5,head_5:head_11,-0.1673604887894774,160,1e-06
transformed_mean_head_pair_quadratic,0.5,head_5:head_12,-0.03000632974515035,160,1e-06
transformed_mean_head_pair_quadratic,0.5,head_6:head_7,0.07578022767562045,160,1e-06
transformed_mean_head_pair_quadratic,0.5,head_6:head_8,0.3565905300678527,160,1e-06
transformed_mean_head_pair_quadratic,0.5,head_6:head_9,-0.025245273963590845,160,1e-06
transformed_mean_head_pair_quadratic,0.5,head_6:head_10,0.16302991620436913,160,1e-06
transformed_mean_head_pair_quadratic,0.5,head_6:head_11,0.09836942805577983,160,1e-06
transformed_mean_head_pair_quadratic,0.5,head_6:head_12,-0.11788490926405396,160,1e-06
transformed_mean_head_pair_quadratic,0.5,head_7:head_8,-0.08946696174395999,160,1e-06
transformed_mean_head_pair_quadratic,0.5,head_7:head_9,-0.03679803423714127,160,1e-06
transformed_mean_head_pair_quadratic,0.5,head_7:head_10,0.016397138771517574,160,1e-06
transformed_mean_head_pair_quadratic,0.5,head_7:head_11,0.16029162148479376,160,1e-06
transformed_mean_head_pair_quadratic,0.5,head_7:head_12,-0.46441408468450346,160,1e-06
transformed_mean_head_pair_quadratic,0.5,head_8:head_9,-0.26781301748472164,160,1e-06
transformed_mean_head_pair_quadratic,0.5,head_8:head_10,0.018790931160272344,160,1e-06
transformed_mean_head_pair_quadratic,0.5,head_8:head_11,-0.16963746479279704,160,1e-06
transformed_mean_head_pair_quadratic,0.5,head_8:head_12,-0.2614182952760285,160,1e-06
transformed_mean_head_pair_quadratic,0.5,head_9:head_10,-0.08404207911695684,160,1e-06
transformed_mean_head_pair_quadratic,0.5,head_9:head_11,-0.025893460117583325,160,1e-06
transformed_mean_head_pair_quadratic,0.5,head_9:head_12,0.08027370241049968,160,1e-06
transformed_mean_head_pair_quadratic,0.5,head_10:head_11,0.06397683524320212,160,1e-06
transformed_mean_head_pair_quadratic,0.5,head_10:head_12,0.20620382130192783,160,1e-06
transformed_mean_head_pair_quadratic,0.5,head_11:head_12,0.5527087874741974,160,1e-06
direct_risk_head_pair_quadratic,1.0,intercept,1.032644883786823,160,1e-06
direct_risk_head_pair_quadratic,1.0,head_0,-0.23319858848676797,160,1e-06
direct_risk_head_pair_quadratic,1.0,head_1,0.39362483040052454,160,1e-06
direct_risk_head_pair_quadratic,1.0,head_2,-0.3867223940858043,160,1e-06
direct_risk_head_pair_quadratic,1.0,head_3,-0.018128102840562026,160,1e-06
direct_risk_head_pair_quadratic,1.0,head_4,-0.2680192871700172,160,1e-06
direct_risk_head_pair_quadratic,1.0,head_5,-0.0929495963660126,160,1e-06
direct_risk_head_pair_quadratic,1.0,head_6,0.021209793980949826,160,1e-06
direct_risk_head_pair_quadratic,1.0,head_7,-0.30473964587688324,160,1e-06
direct_risk_head_pair_quadratic,1.0,head_8,-0.06432467512089916,160,1e-06
direct_risk_head_pair_quadratic,1.0,head_9,0.5294412358293867,160,1e-06
direct_risk_head_pair_quadratic,1.0,head_10,-0.10629160128640465,160,1e-06
direct_risk_head_pair_quadratic,1.0,head_11,1.5690900048541419,160,1e-06
direct_risk_head_pair_quadratic,1.0,head_12,1.241412622341914,160,1e-06
direct_risk_head_pair_quadratic,1.0,head_0:head_1,0.28578647355470377,160,1e-06
direct_risk_head_pair_quadratic,1.0,head_0:head_2,0.43358298540497375,160,1e-06
direct_risk_head_pair_quadratic,1.0,head_0:head_3,-0.00536280963652864,160,1e-06
direct_risk_head_pair_quadratic,1.0,head_0:head_4,0.10964329292422043,160,1e-06
direct_risk_head_pair_quadratic,1.0,head_0:head_5,0.13020311911499172,160,1e-06
direct_risk_head_pair_quadratic,1.0,head_0:head_6,0.22693686969563456,160,1e-06
direct_risk_head_pair_quadratic,1.0,head_0:head_7,0.2825435317053022,160,1e-06
direct_risk_head_pair_quadratic,1.0,head_0:head_8,-0.010241851272964045,160,1e-06
direct_risk_head_pair_quadratic,1.0,head_0:head_9,-0.24258494767583738,160,1e-06
direct_risk_head_pair_quadratic,1.0,head_0:head_10,0.03193722889009898,160,1e-06
direct_risk_head_pair_quadratic,1.0,head_0:head_11,-1.6494789693094014,160,1e-06
direct_risk_head_pair_quadratic,1.0,head_0:head_12,-0.525731592230215,160,1e-06
direct_risk_head_pair_quadratic,1.0,head_1:head_2,-0.04680377020073435,160,1e-06
direct_risk_head_pair_quadratic,1.0,head_1:head_3,-0.03338411122380458,160,1e-06
direct_risk_head_pair_quadratic,1.0,head_1:head_4,-0.006453727252596363,160,1e-06
direct_risk_head_pair_quadratic,1.0,head_1:head_5,-0.09209196878129655,160,1e-06
direct_risk_head_pair_quadratic,1.0,head_1:head_6,-0.10027805860338672,160,1e-06
direct_risk_head_pair_quadratic,1.0,head_1:head_7,-0.18112880381750077,160,1e-06
direct_risk_head_pair_quadratic,1.0,head_1:head_8,-0.062493217322914296,160,1e-06
direct_risk_head_pair_quadratic,1.0,head_1:head_9,0.01391527474512521,160,1e-06
direct_risk_head_pair_quadratic,1.0,head_1:head_10,0.11186100857056977,160,1e-06
direct_risk_head_pair_quadratic,1.0,head_1:head_11,-0.5230916471814031,160,1e-06
direct_risk_head_pair_quadratic,1.0,head_1:head_12,0.06393896863735525,160,1e-06
direct_risk_head_pair_quadratic,1.0,head_2:head_3,-0.03586077533014453,160,1e-06
direct_risk_head_pair_quadratic,1.0,head_2:head_4,0.19662006970025578,160,1e-06
direct_risk_head_pair_quadratic,1.0,head_2:head_5,0.11232373967840732,160,1e-06
direct_risk_head_pair_quadratic,1.0,head_2:head_6,-0.04112241356549306,160,1e-06
direct_risk_head_pair_quadratic,1.0,head_2:head_7,0.1353255082850573,160,1e-06
direct_risk_head_pair_quadratic,1.0,head_2:head_8,0.1605507085885616,160,1e-06
direct_risk_head_pair_quadratic,1.0,head_2:head_9,0.009748571784809961,160,1e-06
direct_risk_head_pair_quadratic,1.0,head_2:head_10,0.025852337435858984,160,1e-06
direct_risk_head_pair_quadratic,1.0,head_2:head_11,-0.027322288114032284,160,1e-06
direct_risk_head_pair_quadratic,1.0,head_2:head_12,-0.4582804728284076,160,1e-06
direct_risk_head_pair_quadratic,1.0,head_3:head_4,-0.03606972390193014,160,1e-06
direct_risk_head_pair_quadratic,1.0,head_3:head_5,0.025737801895794245,160,1e-06
direct_risk_head_pair_quadratic,1.0,head_3:head_6,-0.10975477721272231,160,1e-06
direct_risk_head_pair_quadratic,1.0,head_3:head_7,0.23895598216916047,160,1e-06
direct_risk_head_pair_quadratic,1.0,head_3:head_8,-0.0064987118546535,160,1e-06
direct_risk_head_pair_quadratic,1.0,head_3:head_9,0.023221768199044313,160,1e-06
direct_risk_head_pair_quadratic,1.0,head_3:head_10,-0.08780165300335875,160,1e-06
direct_risk_head_pair_quadratic,1.0,head_3:head_11,-0.14254920385841083,160,1e-06
direct_risk_head_pair_quadratic,1.0,head_3:head_12,0.023153011871363163,160,1e-06
direct_risk_head_pair_quadratic,1.0,head_4:head_5,-0.08918433059787033,160,1e-06
direct_risk_head_pair_quadratic,1.0,head_4:head_6,-0.08153328179881493,160,1e-06
direct_risk_head_pair_quadratic,1.0,head_4:head_7,0.07658692323828084,160,1e-06
direct_risk_head_pair_quadratic,1.0,head_4:head_8,0.030845127565403037,160,1e-06
direct_risk_head_pair_quadratic,1.0,head_4:head_9,0.027124002257996455,160,1e-06
direct_risk_head_pair_quadratic,1.0,head_4:head_10,0.08609049841671161,160,1e-06
direct_risk_head_pair_quadratic,1.0,head_4:head_11,-0.08653876005264638,160,1e-06
direct_risk_head_pair_quadratic,1.0,head_4:head_12,0.05757206210394304,160,1e-06
direct_risk_head_pair_quadratic,1.0,head_5:head_6,0.06329312219519549,160,1e-06
direct_risk_head_pair_quadratic,1.0,head_5:head_7,-0.01951938618510234,160,1e-06
direct_risk_head_pair_quadratic,1.0,head_5:head_8,0.08790279172101094,160,1e-06
direct_risk_head_pair_quadratic,1.0,head_5:head_9,0.014571634685606375,160,1e-06
direct_risk_head_pair_quadratic,1.0,head_5:head_10,-0.07680445581406593,160,1e-06
direct_risk_head_pair_quadratic,1.0,head_5:head_11,-0.03542658039970401,160,1e-06
direct_risk_head_pair_quadratic,1.0,head_5:head_12,-0.046878282195974647,160,1e-06
direct_risk_head_pair_quadratic,1.0,head_6:head_7,0.08923856001874439,160,1e-06
direct_risk_head_pair_quadratic,1.0,head_6:head_8,0.1878650059681732,160,1e-06
direct_risk_head_pair_quadratic,1.0,head_6:head_9,-0.021719319617344475,160,1e-06
direct_risk_head_pair_quadratic,1.0,head_6:head_10,0.0870832178580705,160,1e-06
direct_risk_head_pair_quadratic,1.0,head_6:head_11,0.03551667992583626,160,1e-06
direct_risk_head_pair_quadratic,1.0,head_6:head_12,-0.16909007948481536,160,1e-06
direct_risk_head_pair_quadratic,1.0,head_7:head_8,-0.004745372596022083,160,1e-06
direct_risk_head_pair_quadratic,1.0,head_7:head_9,-0.05514706123372619,160,1e-06
direct_risk_head_pair_quadratic,1.0,head_7:head_10,0.007246274350592484,160,1e-06
direct_risk_head_pair_quadratic,1.0,head_7:head_11,0.030811266687737905,160,1e-06
direct_risk_head_pair_quadratic,1.0,head_7:head_12,-0.33615709837728125,160,1e-06
direct_risk_head_pair_quadratic,1.0,head_8:head_9,-0.2194236684377386,160,1e-06
direct_risk_head_pair_quadratic,1.0,head_8:head_10,-0.0697798369676872,160,1e-06
direct_risk_head_pair_quadratic,1.0,head_8:head_11,-0.16464931942977923,160,1e-06
direct_risk_head_pair_quadratic,1.0,head_8:head_12,-0.2845982050374745,160,1e-06
direct_risk_head_pair_quadratic,1.0,head_9:head_10,0.017780357700459933,160,1e-06
direct_risk_head_pair_quadratic,1.0,head_9:head_11,-0.03998499246551045,160,1e-06
direct_risk_head_pair_quadratic,1.0,head_9:head_12,0.047050955774402575,160,1e-06
direct_risk_head_pair_quadratic,1.0,head_10:head_11,0.0006226403872300422,160,1e-06
direct_risk_head_pair_quadratic,1.0,head_10:head_12,0.07811480585839693,160,1e-06
direct_risk_head_pair_quadratic,1.0,head_11:head_12,0.6052058503663179,160,1e-06
natural_mean_effect_head_pair_quadratic,1.0,intercept,0.1113292737182488,160,1e-06
natural_mean_effect_head_pair_quadratic,1.0,head_0,0.22682413893264383,160,1e-06
natural_mean_effect_head_pair_quadratic,1.0,head_1,-0.5847686754053515,160,1e-06
natural_mean_effect_head_pair_quadratic,1.0,head_2,0.3423138316793551,160,1e-06
natural_mean_effect_head_pair_quadratic,1.0,head_3,0.010067983879844936,160,1e-06
natural_mean_effect_head_pair_quadratic,1.0,head_4,0.1681570984622305,160,1e-06
natural_mean_effect_head_pair_quadratic,1.0,head_5,0.16622615351343814,160,1e-06
natural_mean_effect_head_pair_quadratic,1.0,head_6,-0.178858978963646,160,1e-06
natural_mean_effect_head_pair_quadratic,1.0,head_7,0.30447000564724774,160,1e-06
natural_mean_effect_head_pair_quadratic,1.0,head_8,0.31086778844894986,160,1e-06
natural_mean_effect_head_pair_quadratic,1.0,head_9,-0.5829318597066411,160,1e-06
natural_mean_effect_head_pair_quadratic,1.0,head_10,-0.0648025414407263,160,1e-06
natural_mean_effect_head_pair_quadratic,1.0,head_11,-1.6079436398789457,160,1e-06
natural_mean_effect_head_pair_quadratic,1.0,head_12,-1.3543224778334098,160,1e-06
natural_mean_effect_head_pair_quadratic,1.0,head_0:head_1,-0.25600500337137133,160,1e-06
natural_mean_effect_head_pair_quadratic,1.0,head_0:head_2,0.0024077764410051954,160,1e-06
natural_mean_effect_head_pair_quadratic,1.0,head_0:head_3,-0.00608865822701011,160,1e-06
natural_mean_effect_head_pair_quadratic,1.0,head_0:head_4,-0.018568875773607454,160,1e-06
natural_mean_effect_head_pair_quadratic,1.0,head_0:head_5,0.032624798181920794,160,1e-06
natural_mean_effect_head_pair_quadratic,1.0,head_0:head_6,0.349069854147193,160,1e-06
natural_mean_effect_head_pair_quadratic,1.0,head_0:head_7,0.043312225658740953,160,1e-06
natural_mean_effect_head_pair_quadratic,1.0,head_0:head_8,0.04605666126449295,160,1e-06
natural_mean_effect_head_pair_quadratic,1.0,head_0:head_9,0.3088329213021678,160,1e-06
natural_mean_effect_head_pair_quadratic,1.0,head_0:head_10,-0.04077439161940728,160,1e-06
natural_mean_effect_head_pair_quadratic,1.0,head_0:head_11,1.6432480992220144,160,1e-06
natural_mean_effect_head_pair_quadratic,1.0,head_0:head_12,0.4400489397364797,160,1e-06
natural_mean_effect_head_pair_quadratic,1.0,head_1:head_2,0.17361060131893072,160,1e-06
natural_mean_effect_head_pair_quadratic,1.0,head_1:head_3,0.07220564990895889,160,1e-06
natural_mean_effect_head_pair_quadratic,1.0,head_1:head_4,0.16000585872859985,160,1e-06
natural_mean_effect_head_pair_quadratic,1.0,head_1:head_5,-0.01026244965109175,160,1e-06
natural_mean_effect_head_pair_quadratic,1.0,head_1:head_6,0.18310745924195598,160,1e-06
natural_mean_effect_head_pair_quadratic,1.0,head_1:head_7,0.09929408762894779,160,1e-06
natural_mean_effect_head_pair_quadratic,1.0,head_1:head_8,0.07266551737316675,160,1e-06
natural_mean_effect_head_pair_quadratic,1.0,head_1:head_9,-0.025802868459571634,160,1e-06
natural_mean_effect_head_pair_quadratic,1.0,head_1:head_10,-0.016607606381798982,160,1e-06
natural_mean_effect_head_pair_quadratic,1.0,head_1:head_11,0.7191895779875805,160,1e-06
natural_mean_effect_head_pair_quadratic,1.0,head_1:head_12,-0.051388473539486494,160,1e-06
natural_mean_effect_head_pair_quadratic,1.0,head_2:head_3,0.025056187908913865,160,1e-06
natural_mean_effect_head_pair_quadratic,1.0,head_2:head_4,-0.03334610537549692,160,1e-06
natural_mean_effect_head_pair_quadratic,1.0,head_2:head_5,-0.0791223697758525,160,1e-06
natural_mean_effect_head_pair_quadratic,1.0,head_2:head_6,-0.04488817964353867,160,1e-06
natural_mean_effect_head_pair_quadratic,1.0,head_2:head_7,-0.0015773995961822051,160,1e-06
natural_mean_effect_head_pair_quadratic,1.0,head_2:head_8,-0.14531556528149378,160,1e-06
natural_mean_effect_head_pair_quadratic,1.0,head_2:head_9,0.35395876736243725,160,1e-06
natural_mean_effect_head_pair_quadratic,1.0,head_2:head_10,0.04832693119628898,160,1e-06
natural_mean_effect_head_pair_quadratic,1.0,head_2:head_11,-0.05838391779340806,160,1e-06
natural_mean_effect_head_pair_quadratic,1.0,head_2:head_12,0.28931972306432935,160,1e-06
natural_mean_effect_head_pair_quadratic,1.0,head_3:head_4,0.009977334244547553,160,1e-06
natural_mean_effect_head_pair_quadratic,1.0,head_3:head_5,-0.022263042912114842,160,1e-06
natural_mean_effect_head_pair_quadratic,1.0,head_3:head_6,0.0009140638993668426,160,1e-06
natural_mean_effect_head_pair_quadratic,1.0,head_3:head_7,-0.02049138164099392,160,1e-06
natural_mean_effect_head_pair_quadratic,1.0,head_3:head_8,-0.05540727346975516,160,1e-06
natural_mean_effect_head_pair_quadratic,1.0,head_3:head_9,-0.10109234774476064,160,1e-06
natural_mean_effect_head_pair_quadratic,1.0,head_3:head_10,0.11850483125371661,160,1e-06
natural_mean_effect_head_pair_quadratic,1.0,head_3:head_11,0.14383523093839398,160,1e-06
natural_mean_effect_head_pair_quadratic,1.0,head_3:head_12,-0.05362615043682517,160,1e-06
natural_mean_effect_head_pair_quadratic,1.0,head_4:head_5,-0.0161260038942304,160,1e-06
natural_mean_effect_head_pair_quadratic,1.0,head_4:head_6,0.13672398985553924,160,1e-06
natural_mean_effect_head_pair_quadratic,1.0,head_4:head_7,0.023319679863448302,160,1e-06
natural_mean_effect_head_pair_quadratic,1.0,head_4:head_8,0.03360589149341668,160,1e-06
natural_mean_effect_head_pair_quadratic,1.0,head_4:head_9,-0.12174549240789934,160,1e-06
natural_mean_effect_head_pair_quadratic,1.0,head_4:head_10,0.028183506404418676,160,1e-06
natural_mean_effect_head_pair_quadratic,1.0,head_4:head_11,0.06731777366291407,160,1e-06
natural_mean_effect_head_pair_quadratic,1.0,head_4:head_12,0.010784096769840924,160,1e-06
natural_mean_effect_head_pair_quadratic,1.0,head_5:head_6,-0.0728078724484319,160,1e-06
natural_mean_effect_head_pair_quadratic,1.0,head_5:head_7,-0.04241652247463334,160,1e-06
natural_mean_effect_head_pair_quadratic,1.0,head_5:head_8,-0.1529987676720074,160,1e-06
natural_mean_effect_head_pair_quadratic,1.0,head_5:head_9,0.1099295394946664,160,1e-06
natural_mean_effect_head_pair_quadratic,1.0,head_5:head_10,0.04441870438194837,160,1e-06
natural_mean_effect_head_pair_quadratic,1.0,head_5:head_11,-0.0767854786157886,160,1e-06
natural_mean_effect_head_pair_quadratic,1.0,head_5:head_12,0.18773123202083428,160,1e-06
natural_mean_effect_head_pair_quadratic,1.0,head_6:head_7,-0.11235869216743229,160,1e-06
natural_mean_effect_head_pair_quadratic,1.0,head_6:head_8,-0.13327357054545125,160,1e-06
natural_mean_effect_head_pair_quadratic,1.0,head_6:head_9,0.1168336612007441,160,1e-06
natural_mean_effect_head_pair_quadratic,1.0,head_6:head_10,0.02522408480422991,160,1e-06
natural_mean_effect_head_pair_quadratic,1.0,head_6:head_11,-0.048719481283283995,160,1e-06
natural_mean_effect_head_pair_quadratic,1.0,head_6:head_12,0.23808302351900282,160,1e-06
natural_mean_effect_head_pair_quadratic,1.0,head_7:head_8,0.013051816322153941,160,1e-06
natural_mean_effect_head_pair_quadratic,1.0,head_7:head_9,0.07050859241125894,160,1e-06
natural_mean_effect_head_pair_quadratic,1.0,head_7:head_10,0.036452143036314305,160,1e-06
natural_mean_effect_head_pair_quadratic,1.0,head_7:head_11,-0.012473205197920544,160,1e-06
natural_mean_effect_head_pair_quadratic,1.0,head_7:head_12,0.22160540281091357,160,1e-06
natural_mean_effect_head_pair_quadratic,1.0,head_8:head_9,0.10127592107837036,160,1e-06
natural_mean_effect_head_pair_quadratic,1.0,head_8:head_10,-0.053667438861923135,160,1e-06
natural_mean_effect_head_pair_quadratic,1.0,head_8:head_11,-0.009446432417066828,160,1e-06
natural_mean_effect_head_pair_quadratic,1.0,head_8:head_12,0.3373782125765851,160,1e-06
natural_mean_effect_head_pair_quadratic,1.0,head_9:head_10,0.047464437328664524,160,1e-06
natural_mean_effect_head_pair_quadratic,1.0,head_9:head_11,0.05586712568763844,160,1e-06
natural_mean_effect_head_pair_quadratic,1.0,head_9:head_12,-0.11696016480343178,160,1e-06
natural_mean_effect_head_pair_quadratic,1.0,head_10:head_11,-0.029351090991179364,160,1e-06
natural_mean_effect_head_pair_quadratic,1.0,head_10:head_12,0.04000944774537852,160,1e-06
natural_mean_effect_head_pair_quadratic,1.0,head_11:head_12,-0.5852695158935965,160,1e-06
transformed_mean_head_pair_quadratic,1.0,intercept,1.003866484044139,160,1e-06
transformed_mean_head_pair_quadratic,1.0,head_0,-0.44671018340757046,160,1e-06
transformed_mean_head_pair_quadratic,1.0,head_1,0.5897191001910166,160,1e-06
transformed_mean_head_pair_quadratic,1.0,head_2,-0.49929618337461706,160,1e-06
transformed_mean_head_pair_quadratic,1.0,head_3,-0.07483209662315186,160,1e-06
transformed_mean_head_pair_quadratic,1.0,head_4,-0.33228869211113243,160,1e-06
transformed_mean_head_pair_quadratic,1.0,head_5,-0.06658229075811857,160,1e-06
transformed_mean_head_pair_quadratic,1.0,head_6,0.07314011841607906,160,1e-06
transformed_mean_head_pair_quadratic,1.0,head_7,-0.3995545046339421,160,1e-06
transformed_mean_head_pair_quadratic,1.0,head_8,-0.1792786008579001,160,1e-06
transformed_mean_head_pair_quadratic,1.0,head_9,0.6441542469100058,160,1e-06
transformed_mean_head_pair_quadratic,1.0,head_10,-0.21884162472958643,160,1e-06
transformed_mean_head_pair_quadratic,1.0,head_11,1.5459551788631332,160,1e-06
transformed_mean_head_pair_quadratic,1.0,head_12,1.2894010193985972,160,1e-06
transformed_mean_head_pair_quadratic,1.0,head_0:head_1,0.2618457859739702,160,1e-06
transformed_mean_head_pair_quadratic,1.0,head_0:head_2,0.248101198988019,160,1e-06
transformed_mean_head_pair_quadratic,1.0,head_0:head_3,0.06994888675486188,160,1e-06
transformed_mean_head_pair_quadratic,1.0,head_0:head_4,0.16226297609743348,160,1e-06
transformed_mean_head_pair_quadratic,1.0,head_0:head_5,0.06631767193986461,160,1e-06
transformed_mean_head_pair_quadratic,1.0,head_0:head_6,-0.2515864784351486,160,1e-06
transformed_mean_head_pair_quadratic,1.0,head_0:head_7,0.2687414076640603,160,1e-06
transformed_mean_head_pair_quadratic,1.0,head_0:head_8,-0.14170532897406737,160,1e-06
transformed_mean_head_pair_quadratic,1.0,head_0:head_9,-0.4231624676094194,160,1e-06
transformed_mean_head_pair_quadratic,1.0,head_0:head_10,0.11184659749434855,160,1e-06
transformed_mean_head_pair_quadratic,1.0,head_0:head_11,-1.6383221275818345,160,1e-06
transformed_mean_head_pair_quadratic,1.0,head_0:head_12,-0.4411463272433838,160,1e-06
transformed_mean_head_pair_quadratic,1.0,head_1:head_2,-0.1896822089762809,160,1e-06
transformed_mean_head_pair_quadratic,1.0,head_1:head_3,-0.18610063484266004,160,1e-06
transformed_mean_head_pair_quadratic,1.0,head_1:head_4,0.024054328013879564,160,1e-06
transformed_mean_head_pair_quadratic,1.0,head_1:head_5,-0.14288768834912055,160,1e-06
transformed_mean_head_pair_quadratic,1.0,head_1:head_6,-0.15091155945688625,160,1e-06
transformed_mean_head_pair_quadratic,1.0,head_1:head_7,-0.12250105305542304,160,1e-06
transformed_mean_head_pair_quadratic,1.0,head_1:head_8,-0.06712074573700245,160,1e-06
transformed_mean_head_pair_quadratic,1.0,head_1:head_9,-0.10988164076054566,160,1e-06
transformed_mean_head_pair_quadratic,1.0,head_1:head_10,0.2116125877142418,160,1e-06
transformed_mean_head_pair_quadratic,1.0,head_1:head_11,-0.6208013301516428,160,1e-06
transformed_mean_head_pair_quadratic,1.0,head_1:head_12,-0.0301070139942967,160,1e-06
transformed_mean_head_pair_quadratic,1.0,head_2:head_3,0.049354330016237305,160,1e-06
transformed_mean_head_pair_quadratic,1.0,head_2:head_4,0.1770254484901178,160,1e-06
transformed_mean_head_pair_quadratic,1.0,head_2:head_5,0.04178676207314339,160,1e-06
transformed_mean_head_pair_quadratic,1.0,head_2:head_6,-0.006350475218671359,160,1e-06
transformed_mean_head_pair_quadratic,1.0,head_2:head_7,0.10174810417466189,160,1e-06
transformed_mean_head_pair_quadratic,1.0,head_2:head_8,0.1349014833468301,160,1e-06
transformed_mean_head_pair_quadratic,1.0,head_2:head_9,-0.19794168179541838,160,1e-06
transformed_mean_head_pair_quadratic,1.0,head_2:head_10,-0.028478925002509866,160,1e-06
transformed_mean_head_pair_quadratic,1.0,head_2:head_11,0.10701750283811819,160,1e-06
transformed_mean_head_pair_quadratic,1.0,head_2:head_12,-0.309262462979873,160,1e-06
transformed_mean_head_pair_quadratic,1.0,head_3:head_4,-0.07448217262096003,160,1e-06
transformed_mean_head_pair_quadratic,1.0,head_3:head_5,0.063941892585234,160,1e-06
transformed_mean_head_pair_quadratic,1.0,head_3:head_6,-0.11898868934194612,160,1e-06
transformed_mean_head_pair_quadratic,1.0,head_3:head_7,0.16443494760300506,160,1e-06
transformed_mean_head_pair_quadratic,1.0,head_3:head_8,-0.06385146932631178,160,1e-06
transformed_mean_head_pair_quadratic,1.0,head_3:head_9,0.09215212841032071,160,1e-06
transformed_mean_head_pair_quadratic,1.0,head_3:head_10,-0.009578603494599372,160,1e-06
transformed_mean_head_pair_quadratic,1.0,head_3:head_11,-0.09196519285302544,160,1e-06
transformed_mean_head_pair_quadratic,1.0,head_3:head_12,0.11672404526675907,160,1e-06
transformed_mean_head_pair_quadratic,1.0,head_4:head_5,-0.10082091693348108,160,1e-06
transformed_mean_head_pair_quadratic,1.0,head_4:head_6,-0.007032621316800224,160,1e-06
transformed_mean_head_pair_quadratic,1.0,head_4:head_7,0.033763143316858674,160,1e-06
transformed_mean_head_pair_quadratic,1.0,head_4:head_8,-0.08051428406433236,160,1e-06
transformed_mean_head_pair_quadratic,1.0,head_4:head_9,0.041893138284379045,160,1e-06
transformed_mean_head_pair_quadratic,1.0,head_4:head_10,0.07932622802019132,160,1e-06
transformed_mean_head_pair_quadratic,1.0,head_4:head_11,0.03569314090593717,160,1e-06
transformed_mean_head_pair_quadratic,1.0,head_4:head_12,0.06380149038326366,160,1e-06
transformed_mean_head_pair_quadratic,1.0,head_5:head_6,0.08980112000674327,160,1e-06
transformed_mean_head_pair_quadratic,1.0,head_5:head_7,0.08621973562581171,160,1e-06
transformed_mean_head_pair_quadratic,1.0,head_5:head_8,0.2045505738899138,160,1e-06
transformed_mean_head_pair_quadratic,1.0,head_5:head_9,0.011961924674337505,160,1e-06
transformed_mean_head_pair_quadratic,1.0,head_5:head_10,-0.24656884035515553,160,1e-06
transformed_mean_head_pair_quadratic,1.0,head_5:head_11,-0.029236764815452513,160,1e-06
transformed_mean_head_pair_quadratic,1.0,head_5:head_12,-0.09654281558946565,160,1e-06
transformed_mean_head_pair_quadratic,1.0,head_6:head_7,0.13783465757734925,160,1e-06
transformed_mean_head_pair_quadratic,1.0,head_6:head_8,0.24659228794145463,160,1e-06
transformed_mean_head_pair_quadratic,1.0,head_6:head_9,-0.20820714587170944,160,1e-06
transformed_mean_head_pair_quadratic,1.0,head_6:head_10,0.11219583435102462,160,1e-06
transformed_mean_head_pair_quadratic,1.0,head_6:head_11,-0.0033743931114765522,160,1e-06
transformed_mean_head_pair_quadratic,1.0,head_6:head_12,-0.15200603009999772,160,1e-06
transformed_mean_head_pair_quadratic,1.0,head_7:head_8,-0.12779973344739312,160,1e-06
transformed_mean_head_pair_quadratic,1.0,head_7:head_9,0.017410328483158356,160,1e-06
transformed_mean_head_pair_quadratic,1.0,head_7:head_10,-0.016351918163838762,160,1e-06
transformed_mean_head_pair_quadratic,1.0,head_7:head_11,0.13111045202222063,160,1e-06
transformed_mean_head_pair_quadratic,1.0,head_7:head_12,-0.45105400211137187,160,1e-06
transformed_mean_head_pair_quadratic,1.0,head_8:head_9,-0.18270821030718545,160,1e-06
transformed_mean_head_pair_quadratic,1.0,head_8:head_10,-0.0029827273162575667,160,1e-06
transformed_mean_head_pair_quadratic,1.0,head_8:head_11,0.0025101952353987463,160,1e-06
transformed_mean_head_pair_quadratic,1.0,head_8:head_12,-0.25924288888037367,160,1e-06
transformed_mean_head_pair_quadratic,1.0,head_9:head_10,0.003935118878150293,160,1e-06
transformed_mean_head_pair_quadratic,1.0,head_9:head_11,-0.09329534396243729,160,1e-06
transformed_mean_head_pair_quadratic,1.0,head_9:head_12,0.0996983568116203,160,1e-06
transformed_mean_head_pair_quadratic,1.0,head_10:head_11,0.0986511851493242,160,1e-06
transformed_mean_head_pair_quadratic,1.0,head_10:head_12,0.12033618987048397,160,1e-06
transformed_mean_head_pair_quadratic,1.0,head_11:head_12,0.5395700692434856,160,1e-06
direct_risk_head_pair_quadratic,1.5,intercept,1.4991456098148437,160,1e-06
direct_risk_head_pair_quadratic,1.5,head_0,-0.34302029654788524,160,1e-06
direct_risk_head_pair_quadratic,1.5,head_1,0.45657875435841844,160,1e-06
direct_risk_head_pair_quadratic,1.5,head_2,-0.4451765588746017,160,1e-06
direct_risk_head_pair_quadratic,1.5,head_3,-0.04022848855698069,160,1e-06
direct_risk_head_pair_quadratic,1.5,head_4,-0.27531898680995137,160,1e-06
direct_risk_head_pair_quadratic,1.5,head_5,-0.13319415607830004,160,1e-06
direct_risk_head_pair_quadratic,1.5,head_6,0.03989836862358847,160,1e-06
direct_risk_head_pair_quadratic,1.5,head_7,-0.3460227431572213,160,1e-06
direct_risk_head_pair_quadratic,1.5,head_8,-0.12477266119866662,160,1e-06
direct_risk_head_pair_quadratic,1.5,head_9,0.5369721263019455,160,1e-06
direct_risk_head_pair_quadratic,1.5,head_10,-0.07684806198360392,160,1e-06
direct_risk_head_pair_quadratic,1.5,head_11,1.6133891844100778,160,1e-06
direct_risk_head_pair_quadratic,1.5,head_12,1.294246230953267,160,1e-06
direct_risk_head_pair_quadratic,1.5,head_0:head_1,0.3135051467062263,160,1e-06
direct_risk_head_pair_quadratic,1.5,head_0:head_2,0.38961296790307476,160,1e-06
direct_risk_head_pair_quadratic,1.5,head_0:head_3,0.008836924696802636,160,1e-06
direct_risk_head_pair_quadratic,1.5,head_0:head_4,0.12528013003568478,160,1e-06
direct_risk_head_pair_quadratic,1.5,head_0:head_5,0.09507332148621594,160,1e-06
direct_risk_head_pair_quadratic,1.5,head_0:head_6,0.052310632582239516,160,1e-06
direct_risk_head_pair_quadratic,1.5,head_0:head_7,0.2154835032020146,160,1e-06
direct_risk_head_pair_quadratic,1.5,head_0:head_8,-0.03392157527145232,160,1e-06
direct_risk_head_pair_quadratic,1.5,head_0:head_9,-0.23764668074607478,160,1e-06
direct_risk_head_pair_quadratic,1.5,head_0:head_10,0.06540188874279834,160,1e-06
direct_risk_head_pair_quadratic,1.5,head_0:head_11,-1.7021404901761081,160,1e-06
direct_risk_head_pair_quadratic,1.5,head_0:head_12,-0.4777987590153019,160,1e-06
direct_risk_head_pair_quadratic,1.5,head_1:head_2,-0.08726807904815427,160,1e-06
direct_risk_head_pair_quadratic,1.5,head_1:head_3,-0.06372100954653229,160,1e-06
direct_risk_head_pair_quadratic,1.5,head_1:head_4,-0.04338448944276893,160,1e-06
direct_risk_head_pair_quadratic,1.5,head_1:head_5,-0.040900326330963695,160,1e-06
direct_risk_head_pair_quadratic,1.5,head_1:head_6,-0.10028577592892245,160,1e-06
direct_risk_head_pair_quadratic,1.5,head_1:head_7,-0.16067530743736635,160,1e-06
direct_risk_head_pair_quadratic,1.5,head_1:head_8,-0.07338323837271818,160,1e-06
direct_risk_head_pair_quadratic,1.5,head_1:head_9,0.010076685116690434,160,1e-06
direct_risk_head_pair_quadratic,1.5,head_1:head_10,0.07272633982267611,160,1e-06
direct_risk_head_pair_quadratic,1.5,head_1:head_11,-0.5927168183682897,160,1e-06
direct_risk_head_pair_quadratic,1.5,head_1:head_12,0.04260336146657361,160,1e-06
direct_risk_head_pair_quadratic,1.5,head_2:head_3,-0.016550507146300745,160,1e-06
direct_risk_head_pair_quadratic,1.5,head_2:head_4,0.18933108352355008,160,1e-06
direct_risk_head_pair_quadratic,1.5,head_2:head_5,0.09143303418323134,160,1e-06
direct_risk_head_pair_quadratic,1.5,head_2:head_6,-0.0028954596454477503,160,1e-06
direct_risk_head_pair_quadratic,1.5,head_2:head_7,0.09699023292749785,160,1e-06
direct_risk_head_pair_quadratic,1.5,head_2:head_8,0.16347395545160578,160,1e-06
direct_risk_head_pair_quadratic,1.5,head_2:head_9,-0.0896510089127861,160,1e-06
direct_risk_head_pair_quadratic,1.5,head_2:head_10,-0.007682844979304806,160,1e-06
direct_risk_head_pair_quadratic,1.5,head_2:head_11,0.005173498674858027,160,1e-06
direct_risk_head_pair_quadratic,1.5,head_2:head_12,-0.3942651963097293,160,1e-06
direct_risk_head_pair_quadratic,1.5,head_3:head_4,-0.03732681143292974,160,1e-06
direct_risk_head_pair_quadratic,1.5,head_3:head_5,0.026445152451293735,160,1e-06
direct_risk_head_pair_quadratic,1.5,head_3:head_6,-0.07594327751088398,160,1e-06
direct_risk_head_pair_quadratic,1.5,head_3:head_7,0.16895967886281157,160,1e-06
direct_risk_head_pair_quadratic,1.5,head_3:head_8,0.0282756637558009,160,1e-06
direct_risk_head_pair_quadratic,1.5,head_3:head_9,0.06411362674190293,160,1e-06
direct_risk_head_pair_quadratic,1.5,head_3:head_10,-0.1034270094016862,160,1e-06
direct_risk_head_pair_quadratic,1.5,head_3:head_11,-0.13151581174029586,160,1e-06
direct_risk_head_pair_quadratic,1.5,head_3:head_12,0.04907953889398569,160,1e-06
direct_risk_head_pair_quadratic,1.5,head_4:head_5,-0.05300174848231726,160,1e-06
direct_risk_head_pair_quadratic,1.5,head_4:head_6,-0.09935246281916978,160,1e-06
direct_risk_head_pair_quadratic,1.5,head_4:head_7,0.04082829488959818,160,1e-06
direct_risk_head_pair_quadratic,1.5,head_4:head_8,-0.022386802214572867,160,1e-06
direct_risk_head_pair_quadratic,1.5,head_4:head_9,0.05030243352296474,160,1e-06
direct_risk_head_pair_quadratic,1.5,head_4:head_10,0.07476221638261074,160,1e-06
direct_risk_head_pair_quadratic,1.5,head_4:head_11,-0.0660432172111361,160,1e-06
direct_risk_head_pair_quadratic,1.5,head_4:head_12,0.0535824959468991,160,1e-06
direct_risk_head_pair_quadratic,1.5,head_5:head_6,0.06793494551819715,160,1e-06
direct_risk_head_pair_quadratic,1.5,head_5:head_7,0.0217000324235708,160,1e-06
direct_risk_head_pair_quadratic,1.5,head_5:head_8,0.09202639042498904,160,1e-06
direct_risk_head_pair_quadratic,1.5,head_5:head_9,-0.01968563873624437,160,1e-06
direct_risk_head_pair_quadratic,1.5,head_5:head_10,-0.061613269272810335,160,1e-06
direct_risk_head_pair_quadratic,1.5,head_5:head_11,0.018248981070320962,160,1e-06
direct_risk_head_pair_quadratic,1.5,head_5:head_12,-0.11165057937815558,160,1e-06
direct_risk_head_pair_quadratic,1.5,head_6:head_7,0.07610742536678125,160,1e-06
direct_risk_head_pair_quadratic,1.5,head_6:head_8,0.18314557901663828,160,1e-06
direct_risk_head_pair_quadratic,1.5,head_6:head_9,-0.032513597821009925,160,1e-06
direct_risk_head_pair_quadratic,1.5,head_6:head_10,0.07439090871507688,160,1e-06
direct_risk_head_pair_quadratic,1.5,head_6:head_11,0.011544590128527517,160,1e-06
direct_risk_head_pair_quadratic,1.5,head_6:head_12,-0.17080591373229798,160,1e-06
direct_risk_head_pair_quadratic,1.5,head_7:head_8,-0.0040869514286393785,160,1e-06
direct_risk_head_pair_quadratic,1.5,head_7:head_9,-0.046311263811594144,160,1e-06
direct_risk_head_pair_quadratic,1.5,head_7:head_10,0.0032296136154745473,160,1e-06
direct_risk_head_pair_quadratic,1.5,head_7:head_11,0.031880185139316404,160,1e-06
direct_risk_head_pair_quadratic,1.5,head_7:head_12,-0.29426978132587367,160,1e-06
direct_risk_head_pair_quadratic,1.5,head_8:head_9,-0.17664391042321714,160,1e-06
direct_risk_head_pair_quadratic,1.5,head_8:head_10,-0.04357545993949932,160,1e-06
direct_risk_head_pair_quadratic,1.5,head_8:head_11,-0.10962062469909767,160,1e-06
direct_risk_head_pair_quadratic,1.5,head_8:head_12,-0.31478199371038457,160,1e-06
direct_risk_head_pair_quadratic,1.5,head_9:head_10,-0.004256952114513388,160,1e-06
direct_risk_head_pair_quadratic,1.5,head_9:head_11,-0.05136259435966022,160,1e-06
direct_risk_head_pair_quadratic,1.5,head_9:head_12,0.06228388352053071,160,1e-06
direct_risk_head_pair_quadratic,1.5,head_10:head_11,0.011280904309676288,160,1e-06
direct_risk_head_pair_quadratic,1.5,head_10:head_12,0.051897293588512056,160,1e-06
direct_risk_head_pair_quadratic,1.5,head_11:head_12,0.5894331137430543,160,1e-06
natural_mean_effect_head_pair_quadratic,1.5,intercept,0.1113292737182488,160,1e-06
natural_mean_effect_head_pair_quadratic,1.5,head_0,0.22682413893264383,160,1e-06
natural_mean_effect_head_pair_quadratic,1.5,head_1,-0.5847686754053515,160,1e-06
natural_mean_effect_head_pair_quadratic,1.5,head_2,0.3423138316793551,160,1e-06
natural_mean_effect_head_pair_quadratic,1.5,head_3,0.010067983879844936,160,1e-06
natural_mean_effect_head_pair_quadratic,1.5,head_4,0.1681570984622305,160,1e-06
natural_mean_effect_head_pair_quadratic,1.5,head_5,0.16622615351343814,160,1e-06
natural_mean_effect_head_pair_quadratic,1.5,head_6,-0.178858978963646,160,1e-06
natural_mean_effect_head_pair_quadratic,1.5,head_7,0.30447000564724774,160,1e-06
natural_mean_effect_head_pair_quadratic,1.5,head_8,0.31086778844894986,160,1e-06
natural_mean_effect_head_pair_quadratic,1.5,head_9,-0.5829318597066411,160,1e-06
natural_mean_effect_head_pair_quadratic,1.5,head_10,-0.0648025414407263,160,1e-06
natural_mean_effect_head_pair_quadratic,1.5,head_11,-1.6079436398789457,160,1e-06
natural_mean_effect_head_pair_quadratic,1.5,head_12,-1.3543224778334098,160,1e-06
natural_mean_effect_head_pair_quadratic,1.5,head_0:head_1,-0.25600500337137133,160,1e-06
natural_mean_effect_head_pair_quadratic,1.5,head_0:head_2,0.0024077764410051954,160,1e-06
natural_mean_effect_head_pair_quadratic,1.5,head_0:head_3,-0.00608865822701011,160,1e-06
natural_mean_effect_head_pair_quadratic,1.5,head_0:head_4,-0.018568875773607454,160,1e-06
natural_mean_effect_head_pair_quadratic,1.5,head_0:head_5,0.032624798181920794,160,1e-06
natural_mean_effect_head_pair_quadratic,1.5,head_0:head_6,0.349069854147193,160,1e-06
natural_mean_effect_head_pair_quadratic,1.5,head_0:head_7,0.043312225658740953,160,1e-06
natural_mean_effect_head_pair_quadratic,1.5,head_0:head_8,0.04605666126449295,160,1e-06
natural_mean_effect_head_pair_quadratic,1.5,head_0:head_9,0.3088329213021678,160,1e-06
natural_mean_effect_head_pair_quadratic,1.5,head_0:head_10,-0.04077439161940728,160,1e-06
natural_mean_effect_head_pair_quadratic,1.5,head_0:head_11,1.6432480992220144,160,1e-06
natural_mean_effect_head_pair_quadratic,1.5,head_0:head_12,0.4400489397364797,160,1e-06
natural_mean_effect_head_pair_quadratic,1.5,head_1:head_2,0.17361060131893072,160,1e-06
natural_mean_effect_head_pair_quadratic,1.5,head_1:head_3,0.07220564990895889,160,1e-06
natural_mean_effect_head_pair_quadratic,1.5,head_1:head_4,0.16000585872859985,160,1e-06
natural_mean_effect_head_pair_quadratic,1.5,head_1:head_5,-0.01026244965109175,160,1e-06
natural_mean_effect_head_pair_quadratic,1.5,head_1:head_6,0.18310745924195598,160,1e-06
natural_mean_effect_head_pair_quadratic,1.5,head_1:head_7,0.09929408762894779,160,1e-06
natural_mean_effect_head_pair_quadratic,1.5,head_1:head_8,0.07266551737316675,160,1e-06
natural_mean_effect_head_pair_quadratic,1.5,head_1:head_9,-0.025802868459571634,160,1e-06
natural_mean_effect_head_pair_quadratic,1.5,head_1:head_10,-0.016607606381798982,160,1e-06
natural_mean_effect_head_pair_quadratic,1.5,head_1:head_11,0.7191895779875805,160,1e-06
natural_mean_effect_head_pair_quadratic,1.5,head_1:head_12,-0.051388473539486494,160,1e-06
natural_mean_effect_head_pair_quadratic,1.5,head_2:head_3,0.025056187908913865,160,1e-06
natural_mean_effect_head_pair_quadratic,1.5,head_2:head_4,-0.03334610537549692,160,1e-06
natural_mean_effect_head_pair_quadratic,1.5,head_2:head_5,-0.0791223697758525,160,1e-06
natural_mean_effect_head_pair_quadratic,1.5,head_2:head_6,-0.04488817964353867,160,1e-06
natural_mean_effect_head_pair_quadratic,1.5,head_2:head_7,-0.0015773995961822051,160,1e-06
natural_mean_effect_head_pair_quadratic,1.5,head_2:head_8,-0.14531556528149378,160,1e-06
natural_mean_effect_head_pair_quadratic,1.5,head_2:head_9,0.35395876736243725,160,1e-06
natural_mean_effect_head_pair_quadratic,1.5,head_2:head_10,0.04832693119628898,160,1e-06
natural_mean_effect_head_pair_quadratic,1.5,head_2:head_11,-0.05838391779340806,160,1e-06
natural_mean_effect_head_pair_quadratic,1.5,head_2:head_12,0.28931972306432935,160,1e-06
natural_mean_effect_head_pair_quadratic,1.5,head_3:head_4,0.009977334244547553,160,1e-06
natural_mean_effect_head_pair_quadratic,1.5,head_3:head_5,-0.022263042912114842,160,1e-06
natural_mean_effect_head_pair_quadratic,1.5,head_3:head_6,0.0009140638993668426,160,1e-06
natural_mean_effect_head_pair_quadratic,1.5,head_3:head_7,-0.02049138164099392,160,1e-06
natural_mean_effect_head_pair_quadratic,1.5,head_3:head_8,-0.05540727346975516,160,1e-06
natural_mean_effect_head_pair_quadratic,1.5,head_3:head_9,-0.10109234774476064,160,1e-06
natural_mean_effect_head_pair_quadratic,1.5,head_3:head_10,0.11850483125371661,160,1e-06
natural_mean_effect_head_pair_quadratic,1.5,head_3:head_11,0.14383523093839398,160,1e-06
natural_mean_effect_head_pair_quadratic,1.5,head_3:head_12,-0.05362615043682517,160,1e-06
natural_mean_effect_head_pair_quadratic,1.5,head_4:head_5,-0.0161260038942304,160,1e-06
natural_mean_effect_head_pair_quadratic,1.5,head_4:head_6,0.13672398985553924,160,1e-06
natural_mean_effect_head_pair_quadratic,1.5,head_4:head_7,0.023319679863448302,160,1e-06
natural_mean_effect_head_pair_quadratic,1.5,head_4:head_8,0.03360589149341668,160,1e-06
natural_mean_effect_head_pair_quadratic,1.5,head_4:head_9,-0.12174549240789934,160,1e-06
natural_mean_effect_head_pair_quadratic,1.5,head_4:head_10,0.028183506404418676,160,1e-06
natural_mean_effect_head_pair_quadratic,1.5,head_4:head_11,0.06731777366291407,160,1e-06
natural_mean_effect_head_pair_quadratic,1.5,head_4:head_12,0.010784096769840924,160,1e-06
natural_mean_effect_head_pair_quadratic,1.5,head_5:head_6,-0.0728078724484319,160,1e-06
natural_mean_effect_head_pair_quadratic,1.5,head_5:head_7,-0.04241652247463334,160,1e-06
natural_mean_effect_head_pair_quadratic,1.5,head_5:head_8,-0.1529987676720074,160,1e-06
natural_mean_effect_head_pair_quadratic,1.5,head_5:head_9,0.1099295394946664,160,1e-06
natural_mean_effect_head_pair_quadratic,1.5,head_5:head_10,0.04441870438194837,160,1e-06
natural_mean_effect_head_pair_quadratic,1.5,head_5:head_11,-0.0767854786157886,160,1e-06
natural_mean_effect_head_pair_quadratic,1.5,head_5:head_12,0.18773123202083428,160,1e-06
natural_mean_effect_head_pair_quadratic,1.5,head_6:head_7,-0.11235869216743229,160,1e-06
natural_mean_effect_head_pair_quadratic,1.5,head_6:head_8,-0.13327357054545125,160,1e-06
natural_mean_effect_head_pair_quadratic,1.5,head_6:head_9,0.1168336612007441,160,1e-06
natural_mean_effect_head_pair_quadratic,1.5,head_6:head_10,0.02522408480422991,160,1e-06
natural_mean_effect_head_pair_quadratic,1.5,head_6:head_11,-0.048719481283283995,160,1e-06
natural_mean_effect_head_pair_quadratic,1.5,head_6:head_12,0.23808302351900282,160,1e-06
natural_mean_effect_head_pair_quadratic,1.5,head_7:head_8,0.013051816322153941,160,1e-06
natural_mean_effect_head_pair_quadratic,1.5,head_7:head_9,0.07050859241125894,160,1e-06
natural_mean_effect_head_pair_quadratic,1.5,head_7:head_10,0.036452143036314305,160,1e-06
natural_mean_effect_head_pair_quadratic,1.5,head_7:head_11,-0.012473205197920544,160,1e-06
natural_mean_effect_head_pair_quadratic,1.5,head_7:head_12,0.22160540281091357,160,1e-06
natural_mean_effect_head_pair_quadratic,1.5,head_8:head_9,0.10127592107837036,160,1e-06
natural_mean_effect_head_pair_quadratic,1.5,head_8:head_10,-0.053667438861923135,160,1e-06
natural_mean_effect_head_pair_quadratic,1.5,head_8:head_11,-0.009446432417066828,160,1e-06
natural_mean_effect_head_pair_quadratic,1.5,head_8:head_12,0.3373782125765851,160,1e-06
natural_mean_effect_head_pair_quadratic,1.5,head_9:head_10,0.047464437328664524,160,1e-06
natural_mean_effect_head_pair_quadratic,1.5,head_9:head_11,0.05586712568763844,160,1e-06
natural_mean_effect_head_pair_quadratic,1.5,head_9:head_12,-0.11696016480343178,160,1e-06
natural_mean_effect_head_pair_quadratic,1.5,head_10:head_11,-0.029351090991179364,160,1e-06
natural_mean_effect_head_pair_quadratic,1.5,head_10:head_12,0.04000944774537852,160,1e-06
natural_mean_effect_head_pair_quadratic,1.5,head_11:head_12,-0.5852695158935965,160,1e-06
transformed_mean_head_pair_quadratic,1.5,intercept,1.431794982991804,160,1e-06
transformed_mean_head_pair_quadratic,1.5,head_0,-0.28768700818438875,160,1e-06
transformed_mean_head_pair_quadratic,1.5,head_1,0.5553197246423824,160,1e-06
transformed_mean_head_pair_quadratic,1.5,head_2,-0.43152201254885997,160,1e-06
transformed_mean_head_pair_quadratic,1.5,head_3,-0.08687841186030362,160,1e-06
transformed_mean_head_pair_quadratic,1.5,head_4,-0.21801465191319402,160,1e-06
transformed_mean_head_pair_quadratic,1.5,head_5,-0.1229912243738072,160,1e-06
transformed_mean_head_pair_quadratic,1.5,head_6,0.14859862044772135,160,1e-06
transformed_mean_head_pair_quadratic,1.5,head_7,-0.33055503527545654,160,1e-06
transformed_mean_head_pair_quadratic,1.5,head_8,-0.20367729771318974,160,1e-06
transformed_mean_head_pair_quadratic,1.5,head_9,0.5883764780032424,160,1e-06
transformed_mean_head_pair_quadratic,1.5,head_10,0.0027637505329985096,160,1e-06
transformed_mean_head_pair_quadratic,1.5,head_11,1.5801397683480944,160,1e-06
transformed_mean_head_pair_quadratic,1.5,head_12,1.325766125877966,160,1e-06
transformed_mean_head_pair_quadratic,1.5,head_0:head_1,0.2895838798782321,160,1e-06
transformed_mean_head_pair_quadratic,1.5,head_0:head_2,0.05078439168133433,160,1e-06
transformed_mean_head_pair_quadratic,1.5,head_0:head_3,0.030639482447434654,160,1e-06
transformed_mean_head_pair_quadratic,1.5,head_0:head_4,0.022480447978514596,160,1e-06
transformed_mean_head_pair_quadratic,1.5,head_0:head_5,-0.049668102902089555,160,1e-06
transformed_mean_head_pair_quadratic,1.5,head_0:head_6,-0.3132398646168097,160,1e-06
transformed_mean_head_pair_quadratic,1.5,head_0:head_7,-0.0008475320959360468,160,1e-06
transformed_mean_head_pair_quadratic,1.5,head_0:head_8,-0.10302509268736444,160,1e-06
transformed_mean_head_pair_quadratic,1.5,head_0:head_9,-0.3054649356171274,160,1e-06
transformed_mean_head_pair_quadratic,1.5,head_0:head_10,0.060114890336261564,160,1e-06
transformed_mean_head_pair_quadratic,1.5,head_0:head_11,-1.6350649872330374,160,1e-06
transformed_mean_head_pair_quadratic,1.5,head_0:head_12,-0.4196167972680629,160,1e-06
transformed_mean_head_pair_quadratic,1.5,head_1:head_2,-0.15740350604140263,160,1e-06
transformed_mean_head_pair_quadratic,1.5,head_1:head_3,-0.08667971711633558,160,1e-06
transformed_mean_head_pair_quadratic,1.5,head_1:head_4,-0.08586874747743976,160,1e-06
transformed_mean_head_pair_quadratic,1.5,head_1:head_5,-0.04954574143537304,160,1e-06
transformed_mean_head_pair_quadratic,1.5,head_1:head_6,-0.156636758179067,160,1e-06
transformed_mean_head_pair_quadratic,1.5,head_1:head_7,-0.05432705851432317,160,1e-06
transformed_mean_head_pair_quadratic,1.5,head_1:head_8,-0.10598941462109608,160,1e-06
transformed_mean_head_pair_quadratic,1.5,head_1:head_9,-0.01799852583495867,160,1e-06
transformed_mean_head_pair_quadratic,1.5,head_1:head_10,0.08755133783929464,160,1e-06
transformed_mean_head_pair_quadratic,1.5,head_1:head_11,-0.6756603087428289,160,1e-06
transformed_mean_head_pair_quadratic,1.5,head_1:head_12,-0.013754587759721666,160,1e-06
transformed_mean_head_pair_quadratic,1.5,head_2:head_3,-0.023486558008856788,160,1e-06
transformed_mean_head_pair_quadratic,1.5,head_2:head_4,0.11942716715143956,160,1e-06
transformed_mean_head_pair_quadratic,1.5,head_2:head_5,0.04338066825958762,160,1e-06
transformed_mean_head_pair_quadratic,1.5,head_2:head_6,0.03871288104230405,160,1e-06
transformed_mean_head_pair_quadratic,1.5,head_2:head_7,0.019558579063327787,160,1e-06
transformed_mean_head_pair_quadratic,1.5,head_2:head_8,0.12827057278253146,160,1e-06
transformed_mean_head_pair_quadratic,1.5,head_2:head_9,-0.337544846194692,160,1e-06
transformed_mean_head_pair_quadratic,1.5,head_2:head_10,0.01128564717550229,160,1e-06
transformed_mean_head_pair_quadratic,1.5,head_2:head_11,0.08284140321224602,160,1e-06
transformed_mean_head_pair_quadratic,1.5,head_2:head_12,-0.2478387119834548,160,1e-06
transformed_mean_head_pair_quadratic,1.5,head_3:head_4,-0.007952318422782947,160,1e-06
transformed_mean_head_pair_quadratic,1.5,head_3:head_5,0.029687833947402688,160,1e-06
transformed_mean_head_pair_quadratic,1.5,head_3:head_6,0.006551611616861609,160,1e-06
transformed_mean_head_pair_quadratic,1.5,head_3:head_7,0.035911837352747646,160,1e-06
transformed_mean_head_pair_quadratic,1.5,head_3:head_8,0.027600801175743393,160,1e-06
transformed_mean_head_pair_quadratic,1.5,head_3:head_9,0.13325197406964126,160,1e-06
transformed_mean_head_pair_quadratic,1.5,head_3:head_10,-0.09500348630576465,160,1e-06
transformed_mean_head_pair_quadratic,1.5,head_3:head_11,-0.17484327507501501,160,1e-06
transformed_mean_head_pair_quadratic,1.5,head_3:head_12,0.135542858607822,160,1e-06
transformed_mean_head_pair_quadratic,1.5,head_4:head_5,-0.015347919778077434,160,1e-06
transformed_mean_head_pair_quadratic,1.5,head_4:head_6,-0.10566557511715884,160,1e-06
transformed_mean_head_pair_quadratic,1.5,head_4:head_7,-0.010049106180376993,160,1e-06
transformed_mean_head_pair_quadratic,1.5,head_4:head_8,-0.04968790436062146,160,1e-06
transformed_mean_head_pair_quadratic,1.5,head_4:head_9,0.12890759370579477,160,1e-06
transformed_mean_head_pair_quadratic,1.5,head_4:head_10,-0.031970289168110476,160,1e-06
transformed_mean_head_pair_quadratic,1.5,head_4:head_11,-0.06464520646819022,160,1e-06
transformed_mean_head_pair_quadratic,1.5,head_4:head_12,0.010079029261980227,160,1e-06
transformed_mean_head_pair_quadratic,1.5,head_5:head_6,0.09172303133783204,160,1e-06
transformed_mean_head_pair_quadratic,1.5,head_5:head_7,0.053277524692229995,160,1e-06
transformed_mean_head_pair_quadratic,1.5,head_5:head_8,0.12186513176132256,160,1e-06
transformed_mean_head_pair_quadratic,1.5,head_5:head_9,-0.0773754699274713,160,1e-06
transformed_mean_head_pair_quadratic,1.5,head_5:head_10,-0.07940865390501757,160,1e-06
transformed_mean_head_pair_quadratic,1.5,head_5:head_11,0.09559425715009275,160,1e-06
transformed_mean_head_pair_quadratic,1.5,head_5:head_12,-0.221939392514614,160,1e-06
transformed_mean_head_pair_quadratic,1.5,head_6:head_7,0.10225205503884158,160,1e-06
transformed_mean_head_pair_quadratic,1.5,head_6:head_8,0.13404495966417043,160,1e-06
transformed_mean_head_pair_quadratic,1.5,head_6:head_9,-0.15885562383277255,160,1e-06
transformed_mean_head_pair_quadratic,1.5,head_6:head_10,0.001100987508327585,160,1e-06
transformed_mean_head_pair_quadratic,1.5,head_6:head_11,0.01709232188057937,160,1e-06
transformed_mean_head_pair_quadratic,1.5,head_6:head_12,-0.207369688807892,160,1e-06
transformed_mean_head_pair_quadratic,1.5,head_7:head_8,-0.013932548295225375,160,1e-06
transformed_mean_head_pair_quadratic,1.5,head_7:head_9,-0.05145769016142939,160,1e-06
transformed_mean_head_pair_quadratic,1.5,head_7:head_10,-0.01149430169911841,160,1e-06
transformed_mean_head_pair_quadratic,1.5,head_7:head_11,0.010665694127476732,160,1e-06
transformed_mean_head_pair_quadratic,1.5,head_7:head_12,-0.26648861026070386,160,1e-06
transformed_mean_head_pair_quadratic,1.5,head_8:head_9,-0.1416764447510094,160,1e-06
transformed_mean_head_pair_quadratic,1.5,head_8:head_10,0.01899622180849205,160,1e-06
transformed_mean_head_pair_quadratic,1.5,head_8:head_11,0.0682349837577919,160,1e-06
transformed_mean_head_pair_quadratic,1.5,head_8:head_12,-0.38705005055475805,160,1e-06
transformed_mean_head_pair_quadratic,1.5,head_9:head_10,-0.03975125332899817,160,1e-06
transformed_mean_head_pair_quadratic,1.5,head_9:head_11,-0.08744774851847315,160,1e-06
transformed_mean_head_pair_quadratic,1.5,head_9:head_12,0.146457858830374,160,1e-06
transformed_mean_head_pair_quadratic,1.5,head_10:head_11,0.06066508901177085,160,1e-06
transformed_mean_head_pair_quadratic,1.5,head_10:head_12,-0.019920753043663048,160,1e-06
transformed_mean_head_pair_quadratic,1.5,head_11:head_12,0.6063314062546198,160,1e-06
