subset_idx,subset_name,mask_bits,heads,n_heads,n_P,n_B,n_E,has_P,has_B,has_E,P_B,P_E,B_E,P_B_count,P_E_count,B_E_count,high_primary,full_primary
0,clean,0000000000000,,0,0,0,0,0,0,0,0,0,0,0.0,0.0,0.0,0,0
1,P:9.9,1000000000000,9.9,1,1,0,0,1,0,0,0,0,0,0.0,0.0,0.0,0,0
2,P:9.6,0100000000000,9.6,1,1,0,0,1,0,0,0,0,0,0.0,0.0,0.0,0,0
3,P:10.0,0010000000000,10.0,1,1,0,0,1,0,0,0,0,0,0.0,0.0,0.0,0,0
4,B:9.0,0001000000000,9.0,1,0,1,0,0,1,0,0,0,0,0.0,0.0,0.0,0,0
5,B:9.7,0000100000000,9.7,1,0,1,0,0,1,0,0,0,0,0.0,0.0,0.0,0,0
6,B:10.1,0000010000000,10.1,1,0,1,0,0,1,0,0,0,0,0.0,0.0,0.0,0,0
7,B:10.2,0000001000000,10.2,1,0,1,0,0,1,0,0,0,0,0.0,0.0,0.0,0,0
8,B:10.6,0000000100000,10.6,1,0,1,0,0,1,0,0,0,0,0.0,0.0,0.0,0,0
9,B:10.10,0000000010000,10.10,1,0,1,0,0,1,0,0,0,0,0.0,0.0,0.0,0,0
10,B:11.2,0000000001000,11.2,1,0,1,0,0,1,0,0,0,0,0.0,0.0,0.0,0,0
11,B:11.9,0000000000100,11.9,1,0,1,0,0,1,0,0,0,0,0.0,0.0,0.0,0,0
12,E:10.7,0000000000010,10.7,1,0,0,1,0,0,1,0,0,0,0.0,0.0,0.0,0,0
13,E:11.10,0000000000001,11.10,1,0,0,1,0,0,1,0,0,0,0.0,0.0,0.0,0,0
14,E:10.7|E:11.10,0000000000011,"10.7,11.10",2,0,0,2,0,0,1,0,0,0,0.0,0.0,0.0,0,0
15,B:9.0|B:9.7|B:10.1|B:10.2|B:10.6|B:10.10|B:11.2|B:11.9,0001111111100,"9.0,9.7,10.1,10.2,10.6,10.10,11.2,11.9",8,0,8,0,0,1,0,0,0,0,0.0,0.0,0.0,0,0
16,B:9.0|B:9.7|B:10.1|B:10.2|B:10.6|B:10.10|B:11.2|B:11.9|E:10.7|E:11.10,0001111111111,"9.0,9.7,10.1,10.2,10.6,10.10,11.2,11.9,10.7,11.10",10,0,8,2,0,1,1,0,0,1,0.0,0.0,1.0,0,0
17,P:9.9|P:9.6|P:10.0,1110000000000,"9.9,9.6,10.0",3,3,0,0,1,0,0,0,0,0,0.0,0.0,0.0,1,1
18,P:9.9|P:9.6|P:10.0|E:10.7|E:11.10,1110000000011,"9.9,9.6,10.0,10.7,11.10",5,3,0,2,1,0,1,0,1,0,0.0,1.0,0.0,1,1
19,P:9.9|P:9.6|P:10.0|B:9.0|B:9.7|B:10.1|B:10.2|B:10.6|B:10.10|B:11.2|B:11.9,1111111111100,"9.9,9.6,10.0,9.0,9.7,10.1,10.2,10.6,10.10,11.2,11.9",11,3,8,0,1,1,0,1,0,0,1.0,0.0,0.0,1,1
20,P:9.9|P:9.6|P:10.0|B:9.0|B:9.7|B:10.1|B:10.2|B:10.6|B:10.10|B:11.2|B:11.9|E:10.7|E:11.10,1111111111111,"9.9,9.6,10.0,9.0,9.7,10.1,10.2,10.6,10.10,11.2,11.9,10.7,11.10",13,3,8,2,1,1,1,1,1,1,1.0,1.0,1.0,1,1
21,B:11.9|E:10.7|E:11.10,0000000000111,"11.9,10.7,11.10",3,0,1,2,0,1,1,0,0,1,0.0,0.0,0.125,0,0
22,B:11.2|B:11.9|E:11.10,0000000001101,"11.2,11.9,11.10",3,0,2,1,0,1,1,0,0,1,0.0,0.0,0.125,0,0
23,B:10.6|E:10.7,0000000100010,"10.6,10.7",2,0,1,1,0,1,1,0,0,1,0.0,0.0,0.0625,0,0
24,B:10.6|E:10.7|E:11.10,0000000100011,"10.6,10.7,11.10",3,0,1,2,0,1,1,0,0,1,0.0,0.0,0.125,0,0
25,B:10.2|E:11.10,0000001000001,"10.2,11.10",2,0,1,1,0,1,1,0,0,1,0.0,0.0,0.0625,0,0
26,B:10.2|E:10.7,0000001000010,"10.2,10.7",2,0,1,1,0,1,1,0,0,1,0.0,0.0,0.0625,0,0
27,B:10.2|B:11.9|E:10.7|E:11.10,0000001000111,"10.2,11.9,10.7,11.10",4,0,2,2,0,1,1,0,0,1,0.0,0.0,0.25,0,0
28,B:10.1|B:10.2|B:10.10,0000011010000,"10.1,10.2,10.10",3,0,3,0,0,1,0,0,0,0,0.0,0.0,0.0,0,0
29,B:9.7|B:11.2|E:10.7|E:11.10,0000100001011,"9.7,11.2,10.7,11.10",4,0,2,2,0,1,1,0,0,1,0.0,0.0,0.25,0,0
30,B:9.7|B:10.10|B:11.2|E:10.7,0000100011010,"9.7,10.10,11.2,10.7",4,0,3,1,0,1,1,0,0,1,0.0,0.0,0.1875,0,0
31,B:9.7|B:10.6|B:10.10|B:11.2|E:11.10,0000100111001,"9.7,10.6,10.10,11.2,11.10",5,0,4,1,0,1,1,0,0,1,0.0,0.0,0.25,0,0
32,B:9.7|B:10.2|B:10.10|E:10.7,0000101010010,"9.7,10.2,10.10,10.7",4,0,3,1,0,1,1,0,0,1,0.0,0.0,0.1875,0,0
33,B:9.7|B:10.1|B:10.6|B:10.10|B:11.2|E:10.7|E:11.10,0000110111011,"9.7,10.1,10.6,10.10,11.2,10.7,11.10",7,0,5,2,0,1,1,0,0,1,0.0,0.0,0.625,0,0
34,B:9.7|B:10.1|B:10.2|B:10.10|B:11.9|E:10.7,0000111010110,"9.7,10.1,10.2,10.10,11.9,10.7",6,0,5,1,0,1,1,0,0,1,0.0,0.0,0.3125,0,0
35,B:9.0|B:11.9,0001000000100,"9.0,11.9",2,0,2,0,0,1,0,0,0,0,0.0,0.0,0.0,0,0
36,B:9.0|B:10.6|B:11.9,0001000100100,"9.0,10.6,11.9",3,0,3,0,0,1,0,0,0,0,0.0,0.0,0.0,0,0
37,B:9.0|B:10.2|E:10.7|E:11.10,0001001000011,"9.0,10.2,10.7,11.10",4,0,2,2,0,1,1,0,0,1,0.0,0.0,0.25,0,0
38,B:9.0|B:10.2|B:10.10|B:11.2|B:11.9,0001001011100,"9.0,10.2,10.10,11.2,11.9",5,0,5,0,0,1,0,0,0,0,0.0,0.0,0.0,0,0
39,B:9.0|B:10.1|B:10.10|B:11.2|E:10.7|E:11.10,0001010011011,"9.0,10.1,10.10,11.2,10.7,11.10",6,0,4,2,0,1,1,0,0,1,0.0,0.0,0.5,0,0
40,B:9.0|B:10.1|B:10.6|B:10.10,0001010110000,"9.0,10.1,10.6,10.10",4,0,4,0,0,1,0,0,0,0,0.0,0.0,0.0,0,0
41,B:9.0|B:9.7|B:11.2|B:11.9|E:10.7|E:11.10,0001100001111,"9.0,9.7,11.2,11.9,10.7,11.10",6,0,4,2,0,1,1,0,0,1,0.0,0.0,0.5,0,0
42,B:9.0|B:9.7|B:10.10|B:11.2|B:11.9|E:11.10,0001100011101,"9.0,9.7,10.10,11.2,11.9,11.10",6,0,5,1,0,1,1,0,0,1,0.0,0.0,0.3125,0,0
43,B:9.0|B:9.7|B:10.6|B:10.10|B:11.2|B:11.9,0001100111100,"9.0,9.7,10.6,10.10,11.2,11.9",6,0,6,0,0,1,0,0,0,0,0.0,0.0,0.0,0,0
44,B:9.0|B:9.7|B:10.1|B:10.10,0001110010000,"9.0,9.7,10.1,10.10",4,0,4,0,0,1,0,0,0,0,0.0,0.0,0.0,0,0
45,B:9.0|B:9.7|B:10.1|B:10.6|B:10.10|B:11.2|B:11.9|E:10.7,0001110111110,"9.0,9.7,10.1,10.6,10.10,11.2,11.9,10.7",8,0,7,1,0,1,1,0,0,1,0.0,0.0,0.4375,0,0
46,B:9.0|B:9.7|B:10.1|B:10.2|B:10.10|B:11.2|B:11.9|E:11.10,0001111011101,"9.0,9.7,10.1,10.2,10.10,11.2,11.9,11.10",8,0,7,1,0,1,1,0,0,1,0.0,0.0,0.4375,0,0
47,B:9.0|B:9.7|B:10.1|B:10.2|B:10.6|B:11.2,0001111101000,"9.0,9.7,10.1,10.2,10.6,11.2",6,0,6,0,0,1,0,0,0,0,0.0,0.0,0.0,0,0
48,B:9.0|B:9.7|B:10.1|B:10.2|B:10.6|B:10.10|B:11.9|E:10.7|E:11.10,0001111110111,"9.0,9.7,10.1,10.2,10.6,10.10,11.9,10.7,11.10",9,0,7,2,0,1,1,0,0,1,0.0,0.0,0.875,0,0
49,B:9.0|B:9.7|B:10.1|B:10.2|B:10.6|B:10.10|B:11.2|B:11.9|E:10.7,0001111111110,"9.0,9.7,10.1,10.2,10.6,10.10,11.2,11.9,10.7",9,0,8,1,0,1,1,0,0,1,0.0,0.0,0.5,0,0
50,P:10.0|E:10.7,0010000000010,"10.0,10.7",2,1,0,1,1,0,1,0,1,0,0.0,0.16666666666666666,0.0,0,0
51,P:10.0|B:11.2|E:10.7,0010000001010,"10.0,11.2,10.7",3,1,1,1,1,1,1,1,1,1,0.041666666666666664,0.16666666666666666,0.0625,0,0
52,P:10.0|B:10.2|E:10.7|E:11.10,0010001000011,"10.0,10.2,10.7,11.10",4,1,1,2,1,1,1,1,1,1,0.041666666666666664,0.3333333333333333,0.125,0,0
53,P:10.0|B:10.2|B:11.9|E:11.10,0010001000101,"10.0,10.2,11.9,11.10",4,1,2,1,1,1,1,1,1,1,0.08333333333333333,0.16666666666666666,0.125,0,0
54,P:10.0|B:10.1|E:11.10,0010010000001,"10.0,10.1,11.10",3,1,1,1,1,1,1,1,1,1,0.041666666666666664,0.16666666666666666,0.0625,0,0
55,P:10.0|B:9.0,0011000000000,"10.0,9.0",2,1,1,0,1,1,0,1,0,0,0.041666666666666664,0.0,0.0,0,0
56,P:10.0|B:9.0|B:10.1|B:11.2|B:11.9|E:10.7,0011010001110,"10.0,9.0,10.1,11.2,11.9,10.7",6,1,4,1,1,1,1,1,1,1,0.16666666666666666,0.16666666666666666,0.25,0,0
57,P:10.0|B:9.0|B:10.1|B:10.2|E:10.7|E:11.10,0011011000011,"10.0,9.0,10.1,10.2,10.7,11.10",6,1,3,2,1,1,1,1,1,1,0.125,0.3333333333333333,0.375,0,0
58,P:10.0|B:9.0|B:10.1|B:10.2|B:10.6|B:10.10|B:11.9,0011011110100,"10.0,9.0,10.1,10.2,10.6,10.10,11.9",7,1,6,0,1,1,0,1,0,0,0.25,0.0,0.0,0,0
59,P:10.0|B:9.0|B:9.7|B:10.1|B:10.6|B:11.9,0011110100100,"10.0,9.0,9.7,10.1,10.6,11.9",6,1,5,0,1,1,0,1,0,0,0.20833333333333331,0.0,0.0,0,0
60,P:10.0|B:9.0|B:9.7|B:10.1|B:10.2|B:10.6|B:11.2|B:11.9,0011111101100,"10.0,9.0,9.7,10.1,10.2,10.6,11.2,11.9",8,1,7,0,1,1,0,1,0,0,0.29166666666666663,0.0,0.0,0,0
61,P:10.0|B:9.0|B:9.7|B:10.1|B:10.2|B:10.6|B:11.2|B:11.9|E:10.7|E:11.10,0011111101111,"10.0,9.0,9.7,10.1,10.2,10.6,11.2,11.9,10.7,11.10",10,1,7,2,1,1,1,1,1,1,0.29166666666666663,0.3333333333333333,0.875,0,0
62,P:9.6|E:11.10,0100000000001,"9.6,11.10",2,1,0,1,1,0,1,0,1,0,0.0,0.16666666666666666,0.0,0,0
63,P:9.6|E:10.7|E:11.10,0100000000011,"9.6,10.7,11.10",3,1,0,2,1,0,1,0,1,0,0.0,0.3333333333333333,0.0,0,0
64,P:9.6|B:10.2|E:10.7|E:11.10,0100001000011,"9.6,10.2,10.7,11.10",4,1,1,2,1,1,1,1,1,1,0.041666666666666664,0.3333333333333333,0.125,0,0
65,P:9.6|B:10.2|B:10.10|B:11.2|E:10.7|E:11.10,0100001011011,"9.6,10.2,10.10,11.2,10.7,11.10",6,1,3,2,1,1,1,1,1,1,0.125,0.3333333333333333,0.375,0,0
66,P:9.6|B:10.1|B:10.2|B:11.9,0100011000100,"9.6,10.1,10.2,11.9",4,1,3,0,1,1,0,1,0,0,0.125,0.0,0.0,0,0
67,P:9.6|B:9.7|B:10.2,0100101000000,"9.6,9.7,10.2",3,1,2,0,1,1,0,1,0,0,0.08333333333333333,0.0,0.0,0,0
68,P:9.6|B:9.7|B:10.1|B:10.10|B:11.2,0100110011000,"9.6,9.7,10.1,10.10,11.2",5,1,4,0,1,1,0,1,0,0,0.16666666666666666,0.0,0.0,0,0
69,P:9.6|B:9.7|B:10.1|B:10.2|B:10.6|B:11.2|B:11.9|E:10.7|E:11.10,0100111101111,"9.6,9.7,10.1,10.2,10.6,11.2,11.9,10.7,11.10",9,1,6,2,1,1,1,1,1,1,0.25,0.3333333333333333,0.75,0,0
70,P:9.6|B:9.0|B:10.1|B:10.2|B:11.9|E:10.7|E:11.10,0101011000111,"9.6,9.0,10.1,10.2,11.9,10.7,11.10",7,1,4,2,1,1,1,1,1,1,0.16666666666666666,0.3333333333333333,0.5,0,0
71,P:9.6|B:9.0|B:10.1|B:10.2|B:11.2|B:11.9|E:10.7|E:11.10,0101011001111,"9.6,9.0,10.1,10.2,11.2,11.9,10.7,11.10",8,1,5,2,1,1,1,1,1,1,0.20833333333333331,0.3333333333333333,0.625,0,0
72,P:9.6|B:9.0|B:9.7|B:10.6|B:11.9,0101100100100,"9.6,9.0,9.7,10.6,11.9",5,1,4,0,1,1,0,1,0,0,0.16666666666666666,0.0,0.0,0,0
73,P:9.6|B:9.0|B:9.7|B:10.1|B:10.2|B:10.6|B:10.10|B:11.9|E:10.7|E:11.10,0101111110111,"9.6,9.0,9.7,10.1,10.2,10.6,10.10,11.9,10.7,11.10",10,1,7,2,1,1,1,1,1,1,0.29166666666666663,0.3333333333333333,0.875,0,0
74,P:9.6|B:9.0|B:9.7|B:10.1|B:10.2|B:10.6|B:10.10|B:11.2|B:11.9|E:11.10,0101111111101,"9.6,9.0,9.7,10.1,10.2,10.6,10.10,11.2,11.9,11.10",10,1,8,1,1,1,1,1,1,1,0.3333333333333333,0.16666666666666666,0.5,0,0
75,P:9.6|P:10.0,0110000000000,"9.6,10.0",2,2,0,0,1,0,0,0,0,0,0.0,0.0,0.0,1,0
76,P:9.6|P:10.0|E:11.10,0110000000001,"9.6,10.0,11.10",3,2,0,1,1,0,1,0,1,0,0.0,0.3333333333333333,0.0,1,0
77,P:9.6|P:10.0|E:10.7|E:11.10,0110000000011,"9.6,10.0,10.7,11.10",4,2,0,2,1,0,1,0,1,0,0.0,0.6666666666666666,0.0,1,0
78,P:9.6|P:10.0|B:11.9|E:10.7|E:11.10,0110000000111,"9.6,10.0,11.9,10.7,11.10",5,2,1,2,1,1,1,1,1,1,0.08333333333333333,0.6666666666666666,0.125,1,0
79,P:9.6|P:10.0|B:11.2|E:10.7|E:11.10,0110000001011,"9.6,10.0,11.2,10.7,11.10",5,2,1,2,1,1,1,1,1,1,0.08333333333333333,0.6666666666666666,0.125,1,0
80,P:9.6|P:10.0|B:10.10,0110000010000,"9.6,10.0,10.10",3,2,1,0,1,1,0,1,0,0,0.08333333333333333,0.0,0.0,1,0
81,P:9.6|P:10.0|B:10.10|E:10.7,0110000010010,"9.6,10.0,10.10,10.7",4,2,1,1,1,1,1,1,1,1,0.08333333333333333,0.3333333333333333,0.0625,1,0
82,P:9.6|P:10.0|B:10.6|E:11.10,0110000100001,"9.6,10.0,10.6,11.10",4,2,1,1,1,1,1,1,1,1,0.08333333333333333,0.3333333333333333,0.0625,1,0
83,P:9.6|P:10.0|B:10.6|B:11.9,0110000100100,"9.6,10.0,10.6,11.9",4,2,2,0,1,1,0,1,0,0,0.16666666666666666,0.0,0.0,1,0
84,P:9.6|P:10.0|B:10.6|B:10.10|E:10.7,0110000110010,"9.6,10.0,10.6,10.10,10.7",5,2,2,1,1,1,1,1,1,1,0.16666666666666666,0.3333333333333333,0.125,1,0
85,P:9.6|P:10.0|B:10.2|B:11.2|B:11.9,0110001001100,"9.6,10.0,10.2,11.2,11.9",5,2,3,0,1,1,0,1,0,0,0.25,0.0,0.0,1,0
86,P:9.6|P:10.0|B:10.1|E:11.10,0110010000001,"9.6,10.0,10.1,11.10",4,2,1,1,1,1,1,1,1,1,0.08333333333333333,0.3333333333333333,0.0625,1,0
87,P:9.6|P:10.0|B:9.7|E:10.7|E:11.10,0110100000011,"9.6,10.0,9.7,10.7,11.10",5,2,1,2,1,1,1,1,1,1,0.08333333333333333,0.6666666666666666,0.125,1,0
88,P:9.6|P:10.0|B:9.7|B:10.6|B:11.2|B:11.9|E:11.10,0110100101101,"9.6,10.0,9.7,10.6,11.2,11.9,11.10",7,2,4,1,1,1,1,1,1,1,0.3333333333333333,0.3333333333333333,0.25,1,0
89,P:9.6|P:10.0|B:9.7|B:10.2|E:11.10,0110101000001,"9.6,10.0,9.7,10.2,11.10",5,2,2,1,1,1,1,1,1,1,0.16666666666666666,0.3333333333333333,0.125,1,0
90,P:9.6|P:10.0|B:9.7|B:10.1|B:11.9,0110110000100,"9.6,10.0,9.7,10.1,11.9",5,2,3,0,1,1,0,1,0,0,0.25,0.0,0.0,1,0
91,P:9.6|P:10.0|B:9.0|B:11.9,0111000000100,"9.6,10.0,9.0,11.9",4,2,2,0,1,1,0,1,0,0,0.16666666666666666,0.0,0.0,1,0
92,P:9.6|P:10.0|B:9.0|B:11.2|E:11.10,0111000001001,"9.6,10.0,9.0,11.2,11.10",5,2,2,1,1,1,1,1,1,1,0.16666666666666666,0.3333333333333333,0.125,1,0
93,P:9.6|P:10.0|B:9.0|B:10.6|B:10.10|B:11.9|E:11.10,0111000110101,"9.6,10.0,9.0,10.6,10.10,11.9,11.10",7,2,4,1,1,1,1,1,1,1,0.3333333333333333,0.3333333333333333,0.25,1,0
94,P:9.6|P:10.0|B:9.0|B:10.1|B:10.6|B:10.10|B:11.2|B:11.9|E:10.7|E:11.10,0111010111111,"9.6,10.0,9.0,10.1,10.6,10.10,11.2,11.9,10.7,11.10",10,2,6,2,1,1,1,1,1,1,0.5,0.6666666666666666,0.75,1,0
95,P:9.6|P:10.0|B:9.0|B:9.7|E:10.7|E:11.10,0111100000011,"9.6,10.0,9.0,9.7,10.7,11.10",6,2,2,2,1,1,1,1,1,1,0.16666666666666666,0.6666666666666666,0.25,1,0
96,P:9.6|P:10.0|B:9.0|B:9.7|B:10.2|B:10.6|B:10.10|B:11.2,0111101111000,"9.6,10.0,9.0,9.7,10.2,10.6,10.10,11.2",8,2,6,0,1,1,0,1,0,0,0.5,0.0,0.0,1,0
97,P:9.6|P:10.0|B:9.0|B:9.7|B:10.1|B:10.2|B:11.2|B:11.9|E:10.7,0111111001110,"9.6,10.0,9.0,9.7,10.1,10.2,11.2,11.9,10.7",9,2,6,1,1,1,1,1,1,1,0.5,0.3333333333333333,0.375,1,0
98,P:9.6|P:10.0|B:9.0|B:9.7|B:10.1|B:10.2|B:10.6|B:10.10|B:11.2|B:11.9,0111111111100,"9.6,10.0,9.0,9.7,10.1,10.2,10.6,10.10,11.2,11.9",10,2,8,0,1,1,0,1,0,0,0.6666666666666666,0.0,0.0,1,0
99,P:9.6|P:10.0|B:9.0|B:9.7|B:10.1|B:10.2|B:10.6|B:10.10|B:11.2|B:11.9|E:11.10,0111111111101,"9.6,10.0,9.0,9.7,10.1,10.2,10.6,10.10,11.2,11.9,11.10",11,2,8,1,1,1,1,1,1,1,0.6666666666666666,0.3333333333333333,0.5,1,0
100,P:9.6|P:10.0|B:9.0|B:9.7|B:10.1|B:10.2|B:10.6|B:10.10|B:11.2|B:11.9|E:10.7|E:11.10,0111111111111,"9.6,10.0,9.0,9.7,10.1,10.2,10.6,10.10,11.2,11.9,10.7,11.10",12,2,8,2,1,1,1,1,1,1,0.6666666666666666,0.6666666666666666,1.0,1,0
101,P:9.9|E:10.7,1000000000010,"9.9,10.7",2,1,0,1,1,0,1,0,1,0,0.0,0.16666666666666666,0.0,0,0
102,P:9.9|E:10.7|E:11.10,1000000000011,"9.9,10.7,11.10",3,1,0,2,1,0,1,0,1,0,0.0,0.3333333333333333,0.0,0,0
103,P:9.9|B:11.9,1000000000100,"9.9,11.9",2,1,1,0,1,1,0,1,0,0,0.041666666666666664,0.0,0.0,0,0
104,P:9.9|B:11.9|E:10.7,1000000000110,"9.9,11.9,10.7",3,1,1,1,1,1,1,1,1,1,0.041666666666666664,0.16666666666666666,0.0625,0,0
105,P:9.9|B:11.9|E:10.7|E:11.10,1000000000111,"9.9,11.9,10.7,11.10",4,1,1,2,1,1,1,1,1,1,0.041666666666666664,0.3333333333333333,0.125,0,0
106,P:9.9|B:11.2,1000000001000,"9.9,11.2",2,1,1,0,1,1,0,1,0,0,0.041666666666666664,0.0,0.0,0,0
107,P:9.9|B:10.1|B:10.6|E:10.7,1000010100010,"9.9,10.1,10.6,10.7",4,1,2,1,1,1,1,1,1,1,0.08333333333333333,0.16666666666666666,0.125,0,0
108,P:9.9|B:10.1|B:10.2|B:11.2|E:11.10,1000011001001,"9.9,10.1,10.2,11.2,11.10",5,1,3,1,1,1,1,1,1,1,0.125,0.16666666666666666,0.1875,0,0
109,P:9.9|B:10.1|B:10.2|B:10.6|B:10.10|B:11.2|E:11.10,1000011111001,"9.9,10.1,10.2,10.6,10.10,11.2,11.10",7,1,5,1,1,1,1,1,1,1,0.20833333333333331,0.16666666666666666,0.3125,0,0
110,P:9.9|B:9.7|B:10.10,1000100010000,"9.9,9.7,10.10",3,1,2,0,1,1,0,1,0,0,0.08333333333333333,0.0,0.0,0,0
111,P:9.9|B:9.7|B:10.6|E:10.7|E:11.10,1000100100011,"9.9,9.7,10.6,10.7,11.10",5,1,2,2,1,1,1,1,1,1,0.08333333333333333,0.3333333333333333,0.25,0,0
112,P:9.9|B:9.7|B:10.1|B:10.2|B:10.6|B:10.10|B:11.2|B:11.9|E:11.10,1000111111101,"9.9,9.7,10.1,10.2,10.6,10.10,11.2,11.9,11.10",9,1,7,1,1,1,1,1,1,1,0.29166666666666663,0.16666666666666666,0.4375,0,0
113,P:9.9|B:9.0|B:9.7|B:11.2|B:11.9|E:10.7|E:11.10,1001100001111,"9.9,9.0,9.7,11.2,11.9,10.7,11.10",7,1,4,2,1,1,1,1,1,1,0.16666666666666666,0.3333333333333333,0.5,0,0
114,P:9.9|B:9.0|B:9.7|B:10.10|B:11.9|E:10.7,1001100010110,"9.9,9.0,9.7,10.10,11.9,10.7",6,1,4,1,1,1,1,1,1,1,0.16666666666666666,0.16666666666666666,0.25,0,0
115,P:9.9|B:9.0|B:9.7|B:10.1|B:10.2|B:10.10|B:11.2|B:11.9,1001111011100,"9.9,9.0,9.7,10.1,10.2,10.10,11.2,11.9",8,1,7,0,1,1,0,1,0,0,0.29166666666666663,0.0,0.0,0,0
116,P:9.9|P:10.0,1010000000000,"9.9,10.0",2,2,0,0,1,0,0,0,0,0,0.0,0.0,0.0,1,0
117,P:9.9|P:10.0|E:11.10,1010000000001,"9.9,10.0,11.10",3,2,0,1,1,0,1,0,1,0,0.0,0.3333333333333333,0.0,1,0
118,P:9.9|P:10.0|E:10.7|E:11.10,1010000000011,"9.9,10.0,10.7,11.10",4,2,0,2,1,0,1,0,1,0,0.0,0.6666666666666666,0.0,1,0
119,P:9.9|P:10.0|B:11.9|E:11.10,1010000000101,"9.9,10.0,11.9,11.10",4,2,1,1,1,1,1,1,1,1,0.08333333333333333,0.3333333333333333,0.0625,1,0
120,P:9.9|P:10.0|B:10.10,1010000010000,"9.9,10.0,10.10",3,2,1,0,1,1,0,1,0,0,0.08333333333333333,0.0,0.0,1,0
121,P:9.9|P:10.0|B:10.6,1010000100000,"9.9,10.0,10.6",3,2,1,0,1,1,0,1,0,0,0.08333333333333333,0.0,0.0,1,0
122,P:9.9|P:10.0|B:10.6|E:11.10,1010000100001,"9.9,10.0,10.6,11.10",4,2,1,1,1,1,1,1,1,1,0.08333333333333333,0.3333333333333333,0.0625,1,0
123,P:9.9|P:10.0|B:10.1|B:11.2|E:10.7,1010010001010,"9.9,10.0,10.1,11.2,10.7",5,2,2,1,1,1,1,1,1,1,0.16666666666666666,0.3333333333333333,0.125,1,0
124,P:9.9|P:10.0|B:10.1|B:10.10|B:11.9,1010010010100,"9.9,10.0,10.1,10.10,11.9",5,2,3,0,1,1,0,1,0,0,0.25,0.0,0.0,1,0
125,P:9.9|P:10.0|B:10.1|B:10.6|B:11.2|B:11.9,1010010101100,"9.9,10.0,10.1,10.6,11.2,11.9",6,2,4,0,1,1,0,1,0,0,0.3333333333333333,0.0,0.0,1,0
126,P:9.9|P:10.0|B:10.1|B:10.2|E:10.7,1010011000010,"9.9,10.0,10.1,10.2,10.7",5,2,2,1,1,1,1,1,1,1,0.16666666666666666,0.3333333333333333,0.125,1,0
127,P:9.9|P:10.0|B:9.7|E:11.10,1010100000001,"9.9,10.0,9.7,11.10",4,2,1,1,1,1,1,1,1,1,0.08333333333333333,0.3333333333333333,0.0625,1,0
128,P:9.9|P:10.0|B:9.7|B:10.6,1010100100000,"9.9,10.0,9.7,10.6",4,2,2,0,1,1,0,1,0,0,0.16666666666666666,0.0,0.0,1,0
129,P:9.9|P:10.0|B:9.7|B:10.2|B:10.6|E:10.7|E:11.10,1010101100011,"9.9,10.0,9.7,10.2,10.6,10.7,11.10",7,2,3,2,1,1,1,1,1,1,0.25,0.6666666666666666,0.375,1,0
130,P:9.9|P:10.0|B:9.7|B:10.2|B:10.6|B:11.2|E:10.7,1010101101010,"9.9,10.0,9.7,10.2,10.6,11.2,10.7",7,2,4,1,1,1,1,1,1,1,0.3333333333333333,0.3333333333333333,0.25,1,0
131,P:9.9|P:10.0|B:9.7|B:10.1|B:11.9|E:10.7|E:11.10,1010110000111,"9.9,10.0,9.7,10.1,11.9,10.7,11.10",7,2,3,2,1,1,1,1,1,1,0.25,0.6666666666666666,0.375,1,0
132,P:9.9|P:10.0|B:9.7|B:10.1|B:10.2|B:11.2|E:11.10,1010111001001,"9.9,10.0,9.7,10.1,10.2,11.2,11.10",7,2,4,1,1,1,1,1,1,1,0.3333333333333333,0.3333333333333333,0.25,1,0
133,P:9.9|P:10.0|B:9.7|B:10.1|B:10.2|B:10.6|B:10.10|B:11.2|E:11.10,1010111111001,"9.9,10.0,9.7,10.1,10.2,10.6,10.10,11.2,11.10",9,2,6,1,1,1,1,1,1,1,0.5,0.3333333333333333,0.375,1,0
134,P:9.9|P:10.0|B:9.0|B:10.6|B:11.9|E:11.10,1011000100101,"9.9,10.0,9.0,10.6,11.9,11.10",6,2,3,1,1,1,1,1,1,1,0.25,0.3333333333333333,0.1875,1,0
135,P:9.9|P:10.0|B:9.0|B:10.6|B:11.9|E:10.7|E:11.10,1011000100111,"9.9,10.0,9.0,10.6,11.9,10.7,11.10",7,2,3,2,1,1,1,1,1,1,0.25,0.6666666666666666,0.375,1,0
136,P:9.9|P:10.0|B:9.0|B:10.1,1011010000000,"9.9,10.0,9.0,10.1",4,2,2,0,1,1,0,1,0,0,0.16666666666666666,0.0,0.0,1,0
137,P:9.9|P:10.0|B:9.0|B:10.1|B:10.2|B:11.2,1011011001000,"9.9,10.0,9.0,10.1,10.2,11.2",6,2,4,0,1,1,0,1,0,0,0.3333333333333333,0.0,0.0,1,0
138,P:9.9|P:10.0|B:9.0|B:10.1|B:10.2|B:10.10|B:11.2|B:11.9|E:10.7|E:11.10,1011011011111,"9.9,10.0,9.0,10.1,10.2,10.10,11.2,11.9,10.7,11.10",10,2,6,2,1,1,1,1,1,1,0.5,0.6666666666666666,0.75,1,0
139,P:9.9|P:10.0|B:9.0|B:10.1|B:10.2|B:10.6|B:10.10|B:11.2,1011011111000,"9.9,10.0,9.0,10.1,10.2,10.6,10.10,11.2",8,2,6,0,1,1,0,1,0,0,0.5,0.0,0.0,1,0
140,P:9.9|P:10.0|B:9.0|B:9.7|B:10.1|B:10.2|B:10.10|B:11.2|B:11.9|E:10.7|E:11.10,1011111011111,"9.9,10.0,9.0,9.7,10.1,10.2,10.10,11.2,11.9,10.7,11.10",11,2,7,2,1,1,1,1,1,1,0.5833333333333333,0.6666666666666666,0.875,1,0
141,P:9.9|P:10.0|B:9.0|B:9.7|B:10.1|B:10.2|B:10.6|B:11.2|B:11.9|E:11.10,1011111101101,"9.9,10.0,9.0,9.7,10.1,10.2,10.6,11.2,11.9,11.10",10,2,7,1,1,1,1,1,1,1,0.5833333333333333,0.3333333333333333,0.4375,1,0
142,P:9.9|P:10.0|B:9.0|B:9.7|B:10.1|B:10.2|B:10.6|B:10.10|B:11.2|B:11.9,1011111111100,"9.9,10.0,9.0,9.7,10.1,10.2,10.6,10.10,11.2,11.9",10,2,8,0,1,1,0,1,0,0,0.6666666666666666,0.0,0.0,1,0
143,P:9.9|P:10.0|B:9.0|B:9.7|B:10.1|B:10.2|B:10.6|B:10.10|B:11.2|B:11.9|E:11.10,1011111111101,"9.9,10.0,9.0,9.7,10.1,10.2,10.6,10.10,11.2,11.9,11.10",11,2,8,1,1,1,1,1,1,1,0.6666666666666666,0.3333333333333333,0.5,1,0
144,P:9.9|P:9.6,1100000000000,"9.9,9.6",2,2,0,0,1,0,0,0,0,0,0.0,0.0,0.0,1,0
145,P:9.9|P:9.6|E:11.10,1100000000001,"9.9,9.6,11.10",3,2,0,1,1,0,1,0,1,0,0.0,0.3333333333333333,0.0,1,0
146,P:9.9|P:9.6|B:11.2,1100000001000,"9.9,9.6,11.2",3,2,1,0,1,1,0,1,0,0,0.08333333333333333,0.0,0.0,1,0
147,P:9.9|P:9.6|B:11.2|E:10.7|E:11.10,1100000001011,"9.9,9.6,11.2,10.7,11.10",5,2,1,2,1,1,1,1,1,1,0.08333333333333333,0.6666666666666666,0.125,1,0
148,P:9.9|P:9.6|B:10.10|E:11.10,1100000010001,"9.9,9.6,10.10,11.10",4,2,1,1,1,1,1,1,1,1,0.08333333333333333,0.3333333333333333,0.0625,1,0
149,P:9.9|P:9.6|B:10.10|E:10.7,1100000010010,"9.9,9.6,10.10,10.7",4,2,1,1,1,1,1,1,1,1,0.08333333333333333,0.3333333333333333,0.0625,1,0
150,P:9.9|P:9.6|B:10.10|E:10.7|E:11.10,1100000010011,"9.9,9.6,10.10,10.7,11.10",5,2,1,2,1,1,1,1,1,1,0.08333333333333333,0.6666666666666666,0.125,1,0
151,P:9.9|P:9.6|B:10.6,1100000100000,"9.9,9.6,10.6",3,2,1,0,1,1,0,1,0,0,0.08333333333333333,0.0,0.0,1,0
152,P:9.9|P:9.6|B:10.6|E:10.7|E:11.10,1100000100011,"9.9,9.6,10.6,10.7,11.10",5,2,1,2,1,1,1,1,1,1,0.08333333333333333,0.6666666666666666,0.125,1,0
153,P:9.9|P:9.6|B:10.2,1100001000000,"9.9,9.6,10.2",3,2,1,0,1,1,0,1,0,0,0.08333333333333333,0.0,0.0,1,0
154,P:9.9|P:9.6|B:10.2|E:10.7|E:11.10,1100001000011,"9.9,9.6,10.2,10.7,11.10",5,2,1,2,1,1,1,1,1,1,0.08333333333333333,0.6666666666666666,0.125,1,0
155,P:9.9|P:9.6|B:10.2|B:10.6|B:10.10|B:11.2|E:10.7,1100001111010,"9.9,9.6,10.2,10.6,10.10,11.2,10.7",7,2,4,1,1,1,1,1,1,1,0.3333333333333333,0.3333333333333333,0.25,1,0
156,P:9.9|P:9.6|B:10.1,1100010000000,"9.9,9.6,10.1",3,2,1,0,1,1,0,1,0,0,0.08333333333333333,0.0,0.0,1,0
157,P:9.9|P:9.6|B:10.1|E:10.7,1100010000010,"9.9,9.6,10.1,10.7",4,2,1,1,1,1,1,1,1,1,0.08333333333333333,0.3333333333333333,0.0625,1,0
158,P:9.9|P:9.6|B:10.1|E:10.7|E:11.10,1100010000011,"9.9,9.6,10.1,10.7,11.10",5,2,1,2,1,1,1,1,1,1,0.08333333333333333,0.6666666666666666,0.125,1,0
159,P:9.9|P:9.6|B:10.1|B:10.10|B:11.2,1100010011000,"9.9,9.6,10.1,10.10,11.2",5,2,3,0,1,1,0,1,0,0,0.25,0.0,0.0,1,0
160,P:9.9|P:9.6|B:10.1|B:10.6|B:10.10|B:11.2|E:11.10,1100010111001,"9.9,9.6,10.1,10.6,10.10,11.2,11.10",7,2,4,1,1,1,1,1,1,1,0.3333333333333333,0.3333333333333333,0.25,1,0
161,P:9.9|P:9.6|B:10.1|B:10.2|B:10.10|B:11.2|E:10.7|E:11.10,1100011011011,"9.9,9.6,10.1,10.2,10.10,11.2,10.7,11.10",8,2,4,2,1,1,1,1,1,1,0.3333333333333333,0.6666666666666666,0.5,1,0
162,P:9.9|P:9.6|B:10.1|B:10.2|B:10.6|E:10.7|E:11.10,1100011100011,"9.9,9.6,10.1,10.2,10.6,10.7,11.10",7,2,3,2,1,1,1,1,1,1,0.25,0.6666666666666666,0.375,1,0
163,P:9.9|P:9.6|B:9.7|B:10.2|B:11.2|E:11.10,1100101001001,"9.9,9.6,9.7,10.2,11.2,11.10",6,2,3,1,1,1,1,1,1,1,0.25,0.3333333333333333,0.1875,1,0
164,P:9.9|P:9.6|B:9.7|B:10.1|B:10.10|B:11.2|B:11.9,1100110011100,"9.9,9.6,9.7,10.1,10.10,11.2,11.9",7,2,5,0,1,1,0,1,0,0,0.41666666666666663,0.0,0.0,1,0
165,P:9.9|P:9.6|B:9.7|B:10.1|B:10.6|B:11.2|E:10.7|E:11.10,1100110101011,"9.9,9.6,9.7,10.1,10.6,11.2,10.7,11.10",8,2,4,2,1,1,1,1,1,1,0.3333333333333333,0.6666666666666666,0.5,1,0
166,P:9.9|P:9.6|B:9.7|B:10.1|B:10.2|E:10.7|E:11.10,1100111000011,"9.9,9.6,9.7,10.1,10.2,10.7,11.10",7,2,3,2,1,1,1,1,1,1,0.25,0.6666666666666666,0.375,1,0
167,P:9.9|P:9.6|B:9.0|B:11.9|E:10.7,1101000000110,"9.9,9.6,9.0,11.9,10.7",5,2,2,1,1,1,1,1,1,1,0.16666666666666666,0.3333333333333333,0.125,1,0
168,P:9.9|P:9.6|B:9.0|B:10.2|B:10.10|B:11.2|B:11.9,1101001011100,"9.9,9.6,9.0,10.2,10.10,11.2,11.9",7,2,5,0,1,1,0,1,0,0,0.41666666666666663,0.0,0.0,1,0
169,P:9.9|P:9.6|B:9.0|B:10.2|B:10.6|B:10.10|B:11.2|B:11.9|E:10.7|E:11.10,1101001111111,"9.9,9.6,9.0,10.2,10.6,10.10,11.2,11.9,10.7,11.10",10,2,6,2,1,1,1,1,1,1,0.5,0.6666666666666666,0.75,1,0
170,P:9.9|P:9.6|B:9.0|B:10.1|B:10.6,1101010100000,"9.9,9.6,9.0,10.1,10.6",5,2,3,0,1,1,0,1,0,0,0.25,0.0,0.0,1,0
171,P:9.9|P:9.6|B:9.0|B:10.1|B:10.2|B:10.10|B:11.2|E:10.7|E:11.10,1101011011011,"9.9,9.6,9.0,10.1,10.2,10.10,11.2,10.7,11.10",9,2,5,2,1,1,1,1,1,1,0.41666666666666663,0.6666666666666666,0.625,1,0
172,P:9.9|P:9.6|B:9.0|B:9.7|B:10.2|B:11.2,1101101001000,"9.9,9.6,9.0,9.7,10.2,11.2",6,2,4,0,1,1,0,1,0,0,0.3333333333333333,0.0,0.0,1,0
173,P:9.9|P:9.6|B:9.0|B:9.7|B:10.2|B:10.6|B:11.9|E:10.7|E:11.10,1101101100111,"9.9,9.6,9.0,9.7,10.2,10.6,11.9,10.7,11.10",9,2,5,2,1,1,1,1,1,1,0.41666666666666663,0.6666666666666666,0.625,1,0
174,P:9.9|P:9.6|B:9.0|B:9.7|B:10.1|B:11.9|E:10.7|E:11.10,1101110000111,"9.9,9.6,9.0,9.7,10.1,11.9,10.7,11.10",8,2,4,2,1,1,1,1,1,1,0.3333333333333333,0.6666666666666666,0.5,1,0
175,P:9.9|P:9.6|B:9.0|B:9.7|B:10.1|B:10.10,1101110010000,"9.9,9.6,9.0,9.7,10.1,10.10",6,2,4,0,1,1,0,1,0,0,0.3333333333333333,0.0,0.0,1,0
176,P:9.9|P:9.6|B:9.0|B:9.7|B:10.1|B:10.2|B:10.6|B:11.9|E:11.10,1101111100101,"9.9,9.6,9.0,9.7,10.1,10.2,10.6,11.9,11.10",9,2,6,1,1,1,1,1,1,1,0.5,0.3333333333333333,0.375,1,0
177,P:9.9|P:9.6|P:10.0|E:11.10,1110000000001,"9.9,9.6,10.0,11.10",4,3,0,1,1,0,1,0,1,0,0.0,0.5,0.0,1,1
178,P:9.9|P:9.6|P:10.0|E:10.7,1110000000010,"9.9,9.6,10.0,10.7",4,3,0,1,1,0,1,0,1,0,0.0,0.5,0.0,1,1
179,P:9.9|P:9.6|P:10.0|B:11.9|E:10.7,1110000000110,"9.9,9.6,10.0,11.9,10.7",5,3,1,1,1,1,1,1,1,1,0.125,0.5,0.0625,1,1
180,P:9.9|P:9.6|P:10.0|B:11.9|E:10.7|E:11.10,1110000000111,"9.9,9.6,10.0,11.9,10.7,11.10",6,3,1,2,1,1,1,1,1,1,0.125,1.0,0.125,1,1
181,P:9.9|P:9.6|P:10.0|B:11.2,1110000001000,"9.9,9.6,10.0,11.2",4,3,1,0,1,1,0,1,0,0,0.125,0.0,0.0,1,1
182,P:9.9|P:9.6|P:10.0|B:11.2|E:11.10,1110000001001,"9.9,9.6,10.0,11.2,11.10",5,3,1,1,1,1,1,1,1,1,0.125,0.5,0.0625,1,1
183,P:9.9|P:9.6|P:10.0|B:10.10|B:11.2,1110000011000,"9.9,9.6,10.0,10.10,11.2",5,3,2,0,1,1,0,1,0,0,0.25,0.0,0.0,1,1
184,P:9.9|P:9.6|P:10.0|B:10.10|B:11.2|B:11.9|E:10.7|E:11.10,1110000011111,"9.9,9.6,10.0,10.10,11.2,11.9,10.7,11.10",8,3,3,2,1,1,1,1,1,1,0.375,1.0,0.375,1,1
185,P:9.9|P:9.6|P:10.0|B:10.6,1110000100000,"9.9,9.6,10.0,10.6",4,3,1,0,1,1,0,1,0,0,0.125,0.0,0.0,1,1
186,P:9.9|P:9.6|P:10.0|B:10.6|E:10.7|E:11.10,1110000100011,"9.9,9.6,10.0,10.6,10.7,11.10",6,3,1,2,1,1,1,1,1,1,0.125,1.0,0.125,1,1
187,P:9.9|P:9.6|P:10.0|B:10.6|B:11.2,1110000101000,"9.9,9.6,10.0,10.6,11.2",5,3,2,0,1,1,0,1,0,0,0.25,0.0,0.0,1,1
188,P:9.9|P:9.6|P:10.0|B:10.2|E:11.10,1110001000001,"9.9,9.6,10.0,10.2,11.10",5,3,1,1,1,1,1,1,1,1,0.125,0.5,0.0625,1,1
189,P:9.9|P:9.6|P:10.0|B:10.2|E:10.7|E:11.10,1110001000011,"9.9,9.6,10.0,10.2,10.7,11.10",6,3,1,2,1,1,1,1,1,1,0.125,1.0,0.125,1,1
190,P:9.9|P:9.6|P:10.0|B:10.2|B:10.6|B:11.2|E:11.10,1110001101001,"9.9,9.6,10.0,10.2,10.6,11.2,11.10",7,3,3,1,1,1,1,1,1,1,0.375,0.5,0.1875,1,1
191,P:9.9|P:9.6|P:10.0|B:10.1|E:11.10,1110010000001,"9.9,9.6,10.0,10.1,11.10",5,3,1,1,1,1,1,1,1,1,0.125,0.5,0.0625,1,1
192,P:9.9|P:9.6|P:10.0|B:10.1|E:10.7|E:11.10,1110010000011,"9.9,9.6,10.0,10.1,10.7,11.10",6,3,1,2,1,1,1,1,1,1,0.125,1.0,0.125,1,1
193,P:9.9|P:9.6|P:10.0|B:10.1|B:10.10,1110010010000,"9.9,9.6,10.0,10.1,10.10",5,3,2,0,1,1,0,1,0,0,0.25,0.0,0.0,1,1
194,P:9.9|P:9.6|P:10.0|B:10.1|B:10.2|B:11.9|E:10.7,1110011000110,"9.9,9.6,10.0,10.1,10.2,11.9,10.7",7,3,3,1,1,1,1,1,1,1,0.375,0.5,0.1875,1,1
195,P:9.9|P:9.6|P:10.0|B:10.1|B:10.2|B:10.10|E:10.7|E:11.10,1110011010011,"9.9,9.6,10.0,10.1,10.2,10.10,10.7,11.10",8,3,3,2,1,1,1,1,1,1,0.375,1.0,0.375,1,1
196,P:9.9|P:9.6|P:10.0|B:10.1|B:10.2|B:10.10|B:11.2|B:11.9|E:10.7|E:11.10,1110011011111,"9.9,9.6,10.0,10.1,10.2,10.10,11.2,11.9,10.7,11.10",10,3,5,2,1,1,1,1,1,1,0.625,1.0,0.625,1,1
197,P:9.9|P:9.6|P:10.0|B:10.1|B:10.2|B:10.6|E:10.7|E:11.10,1110011100011,"9.9,9.6,10.0,10.1,10.2,10.6,10.7,11.10",8,3,3,2,1,1,1,1,1,1,0.375,1.0,0.375,1,1
198,P:9.9|P:9.6|P:10.0|B:9.7,1110100000000,"9.9,9.6,10.0,9.7",4,3,1,0,1,1,0,1,0,0,0.125,0.0,0.0,1,1
199,P:9.9|P:9.6|P:10.0|B:9.7|E:11.10,1110100000001,"9.9,9.6,10.0,9.7,11.10",5,3,1,1,1,1,1,1,1,1,0.125,0.5,0.0625,1,1
200,P:9.9|P:9.6|P:10.0|B:9.7|E:10.7|E:11.10,1110100000011,"9.9,9.6,10.0,9.7,10.7,11.10",6,3,1,2,1,1,1,1,1,1,0.125,1.0,0.125,1,1
201,P:9.9|P:9.6|P:10.0|B:9.7|B:11.2|B:11.9|E:10.7|E:11.10,1110100001111,"9.9,9.6,10.0,9.7,11.2,11.9,10.7,11.10",8,3,3,2,1,1,1,1,1,1,0.375,1.0,0.375,1,1
202,P:9.9|P:9.6|P:10.0|B:9.7|B:10.10|E:10.7,1110100010010,"9.9,9.6,10.0,9.7,10.10,10.7",6,3,2,1,1,1,1,1,1,1,0.25,0.5,0.125,1,1
203,P:9.9|P:9.6|P:10.0|B:9.7|B:10.6|B:10.10,1110100110000,"9.9,9.6,10.0,9.7,10.6,10.10",6,3,3,0,1,1,0,1,0,0,0.375,0.0,0.0,1,1
204,P:9.9|P:9.6|P:10.0|B:9.7|B:10.6|B:10.10|B:11.9|E:10.7,1110100110110,"9.9,9.6,10.0,9.7,10.6,10.10,11.9,10.7",8,3,4,1,1,1,1,1,1,1,0.5,0.5,0.25,1,1
205,P:9.9|P:9.6|P:10.0|B:9.7|B:10.2|B:11.2|B:11.9|E:10.7,1110101001110,"9.9,9.6,10.0,9.7,10.2,11.2,11.9,10.7",8,3,4,1,1,1,1,1,1,1,0.5,0.5,0.25,1,1
206,P:9.9|P:9.6|P:10.0|B:9.7|B:10.2|B:10.6|E:10.7|E:11.10,1110101100011,"9.9,9.6,10.0,9.7,10.2,10.6,10.7,11.10",8,3,3,2,1,1,1,1,1,1,0.375,1.0,0.375,1,1
207,P:9.9|P:9.6|P:10.0|B:9.7|B:10.1|B:10.10|B:11.9|E:10.7|E:11.10,1110110010111,"9.9,9.6,10.0,9.7,10.1,10.10,11.9,10.7,11.10",9,3,4,2,1,1,1,1,1,1,0.5,1.0,0.5,1,1
208,P:9.9|P:9.6|P:10.0|B:9.7|B:10.1|B:10.2|E:11.10,1110111000001,"9.9,9.6,10.0,9.7,10.1,10.2,11.10",7,3,3,1,1,1,1,1,1,1,0.375,0.5,0.1875,1,1
209,P:9.9|P:9.6|P:10.0|B:9.7|B:10.1|B:10.2|B:10.6,1110111100000,"9.9,9.6,10.0,9.7,10.1,10.2,10.6",7,3,4,0,1,1,0,1,0,0,0.5,0.0,0.0,1,1
210,P:9.9|P:9.6|P:10.0|B:9.0,1111000000000,"9.9,9.6,10.0,9.0",4,3,1,0,1,1,0,1,0,0,0.125,0.0,0.0,1,1
211,P:9.9|P:9.6|P:10.0|B:9.0|E:10.7|E:11.10,1111000000011,"9.9,9.6,10.0,9.0,10.7,11.10",6,3,1,2,1,1,1,1,1,1,0.125,1.0,0.125,1,1
212,P:9.9|P:9.6|P:10.0|B:9.0|B:11.2|E:10.7,1111000001010,"9.9,9.6,10.0,9.0,11.2,10.7",6,3,2,1,1,1,1,1,1,1,0.25,0.5,0.125,1,1
213,P:9.9|P:9.6|P:10.0|B:9.0|B:10.6,1111000100000,"9.9,9.6,10.0,9.0,10.6",5,3,2,0,1,1,0,1,0,0,0.25,0.0,0.0,1,1
214,P:9.9|P:9.6|P:10.0|B:9.0|B:10.6|B:10.10|B:11.2|E:10.7|E:11.10,1111000111011,"9.9,9.6,10.0,9.0,10.6,10.10,11.2,10.7,11.10",9,3,4,2,1,1,1,1,1,1,0.5,1.0,0.5,1,1
215,P:9.9|P:9.6|P:10.0|B:9.0|B:10.2|B:11.2|E:10.7|E:11.10,1111001001011,"9.9,9.6,10.0,9.0,10.2,11.2,10.7,11.10",8,3,3,2,1,1,1,1,1,1,0.375,1.0,0.375,1,1
216,P:9.9|P:9.6|P:10.0|B:9.0|B:10.2|B:10.6|E:10.7,1111001100010,"9.9,9.6,10.0,9.0,10.2,10.6,10.7",7,3,3,1,1,1,1,1,1,1,0.375,0.5,0.1875,1,1
217,P:9.9|P:9.6|P:10.0|B:9.0|B:10.2|B:10.6|B:10.10|B:11.2|B:11.9|E:11.10,1111001111101,"9.9,9.6,10.0,9.0,10.2,10.6,10.10,11.2,11.9,11.10",10,3,6,1,1,1,1,1,1,1,0.75,0.5,0.375,1,1
218,P:9.9|P:9.6|P:10.0|B:9.0|B:10.1|B:10.10,1111010010000,"9.9,9.6,10.0,9.0,10.1,10.10",6,3,3,0,1,1,0,1,0,0,0.375,0.0,0.0,1,1
219,P:9.9|P:9.6|P:10.0|B:9.0|B:10.1|B:10.6|B:10.10,1111010110000,"9.9,9.6,10.0,9.0,10.1,10.6,10.10",7,3,4,0,1,1,0,1,0,0,0.5,0.0,0.0,1,1
220,P:9.9|P:9.6|P:10.0|B:9.0|B:10.1|B:10.6|B:10.10|E:10.7|E:11.10,1111010110011,"9.9,9.6,10.0,9.0,10.1,10.6,10.10,10.7,11.10",9,3,4,2,1,1,1,1,1,1,0.5,1.0,0.5,1,1
221,P:9.9|P:9.6|P:10.0|B:9.0|B:10.1|B:10.2|B:11.2|E:11.10,1111011001001,"9.9,9.6,10.0,9.0,10.1,10.2,11.2,11.10",8,3,4,1,1,1,1,1,1,1,0.5,0.5,0.25,1,1
222,P:9.9|P:9.6|P:10.0|B:9.0|B:10.1|B:10.2|B:10.6|B:10.10|B:11.2|E:10.7|E:11.10,1111011111011,"9.9,9.6,10.0,9.0,10.1,10.2,10.6,10.10,11.2,10.7,11.10",11,3,6,2,1,1,1,1,1,1,0.75,1.0,0.75,1,1
223,P:9.9|P:9.6|P:10.0|B:9.0|B:10.1|B:10.2|B:10.6|B:10.10|B:11.2|B:11.9|E:10.7,1111011111110,"9.9,9.6,10.0,9.0,10.1,10.2,10.6,10.10,11.2,11.9,10.7",11,3,7,1,1,1,1,1,1,1,0.875,0.5,0.4375,1,1
224,P:9.9|P:9.6|P:10.0|B:9.0|B:9.7|B:10.6|B:11.2|E:11.10,1111100101001,"9.9,9.6,10.0,9.0,9.7,10.6,11.2,11.10",8,3,4,1,1,1,1,1,1,1,0.5,0.5,0.25,1,1
225,P:9.9|P:9.6|P:10.0|B:9.0|B:9.7|B:10.6|B:11.2|B:11.9,1111100101100,"9.9,9.6,10.0,9.0,9.7,10.6,11.2,11.9",8,3,5,0,1,1,0,1,0,0,0.625,0.0,0.0,1,1
226,P:9.9|P:9.6|P:10.0|B:9.0|B:9.7|B:10.6|B:10.10|B:11.9|E:10.7,1111100110110,"9.9,9.6,10.0,9.0,9.7,10.6,10.10,11.9,10.7",9,3,5,1,1,1,1,1,1,1,0.625,0.5,0.3125,1,1
227,P:9.9|P:9.6|P:10.0|B:9.0|B:9.7|B:10.6|B:10.10|B:11.2|B:11.9|E:10.7|E:11.10,1111100111111,"9.9,9.6,10.0,9.0,9.7,10.6,10.10,11.2,11.9,10.7,11.10",11,3,6,2,1,1,1,1,1,1,0.75,1.0,0.75,1,1
228,P:9.9|P:9.6|P:10.0|B:9.0|B:9.7|B:10.2|B:11.2|B:11.9,1111101001100,"9.9,9.6,10.0,9.0,9.7,10.2,11.2,11.9",8,3,5,0,1,1,0,1,0,0,0.625,0.0,0.0,1,1
229,P:9.9|P:9.6|P:10.0|B:9.0|B:9.7|B:10.2|B:10.6,1111101100000,"9.9,9.6,10.0,9.0,9.7,10.2,10.6",7,3,4,0,1,1,0,1,0,0,0.5,0.0,0.0,1,1
230,P:9.9|P:9.6|P:10.0|B:9.0|B:9.7|B:10.2|B:10.6|B:10.10|B:11.2|B:11.9|E:11.10,1111101111101,"9.9,9.6,10.0,9.0,9.7,10.2,10.6,10.10,11.2,11.9,11.10",11,3,7,1,1,1,1,1,1,1,0.875,0.5,0.4375,1,1
231,P:9.9|P:9.6|P:10.0|B:9.0|B:9.7|B:10.1|B:10.6|B:10.10|B:11.2|B:11.9|E:10.7|E:11.10,1111110111111,"9.9,9.6,10.0,9.0,9.7,10.1,10.6,10.10,11.2,11.9,10.7,11.10",12,3,7,2,1,1,1,1,1,1,0.875,1.0,0.875,1,1
232,P:9.9|P:9.6|P:10.0|B:9.0|B:9.7|B:10.1|B:10.2|B:11.2|B:11.9|E:10.7|E:11.10,1111111001111,"9.9,9.6,10.0,9.0,9.7,10.1,10.2,11.2,11.9,10.7,11.10",11,3,6,2,1,1,1,1,1,1,0.75,1.0,0.75,1,1
233,P:9.9|P:9.6|P:10.0|B:9.0|B:9.7|B:10.1|B:10.2|B:10.10|B:11.2,1111111011000,"9.9,9.6,10.0,9.0,9.7,10.1,10.2,10.10,11.2",9,3,6,0,1,1,0,1,0,0,0.75,0.0,0.0,1,1
234,P:9.9|P:9.6|P:10.0|B:9.0|B:9.7|B:10.1|B:10.2|B:10.6,1111111100000,"9.9,9.6,10.0,9.0,9.7,10.1,10.2,10.6",8,3,5,0,1,1,0,1,0,0,0.625,0.0,0.0,1,1
235,P:9.9|P:9.6|P:10.0|B:9.0|B:9.7|B:10.1|B:10.2|B:10.6|B:11.2,1111111101000,"9.9,9.6,10.0,9.0,9.7,10.1,10.2,10.6,11.2",9,3,6,0,1,1,0,1,0,0,0.75,0.0,0.0,1,1
236,P:9.9|P:9.6|P:10.0|B:9.0|B:9.7|B:10.1|B:10.2|B:10.6|B:11.2|B:11.9|E:11.10,1111111101101,"9.9,9.6,10.0,9.0,9.7,10.1,10.2,10.6,11.2,11.9,11.10",11,3,7,1,1,1,1,1,1,1,0.875,0.5,0.4375,1,1
237,P:9.9|P:9.6|P:10.0|B:9.0|B:9.7|B:10.1|B:10.2|B:10.6|B:10.10|B:11.9,1111111110100,"9.9,9.6,10.0,9.0,9.7,10.1,10.2,10.6,10.10,11.9",10,3,7,0,1,1,0,1,0,0,0.875,0.0,0.0,1,1
238,P:9.9|P:9.6|P:10.0|B:9.0|B:9.7|B:10.1|B:10.2|B:10.6|B:10.10|B:11.2|E:10.7|E:11.10,1111111111011,"9.9,9.6,10.0,9.0,9.7,10.1,10.2,10.6,10.10,11.2,10.7,11.10",12,3,7,2,1,1,1,1,1,1,0.875,1.0,0.875,1,1
239,P:9.9|P:9.6|P:10.0|B:9.0|B:9.7|B:10.1|B:10.2|B:10.6|B:10.10|B:11.2|B:11.9|E:10.7,1111111111110,"9.9,9.6,10.0,9.0,9.7,10.1,10.2,10.6,10.10,11.2,11.9,10.7",12,3,8,1,1,1,1,1,1,1,1.0,0.5,0.5,1,1
