measurement_budget,model,mask_id,mask_bits,predicted_mean_effect
16,no_effect,qmask_9cf9f1f53520f88b,01111010,0
16,no_effect,qmask_af3070b33fa6727a,01000111,0
16,no_effect,qmask_649dfffca1027d37,11101111,0
16,no_effect,qmask_d9d8505932b1a835,11000100,0
16,no_effect,qmask_22c3d94ed895c2d5,10010110,0
16,no_effect,qmask_03e03e6bad3167c1,00110101,0
16,no_effect,qmask_88b9054a02247dd1,11000010,0
16,no_effect,qmask_581f449a19375ab8,00011100,0
16,no_effect,qmask_56332775d253c008,10100101,0
16,no_effect,qmask_d7d102c2537b80f1,11100110,0
16,no_effect,qmask_87bb9cc60085dcff,11011101,0
16,no_effect,qmask_6d873abcf3a8f6b9,01001001,0
16,no_effect,qmask_04e99e00df510b89,10100010,0
16,no_effect,qmask_7c330068eacbeec8,01111110,0
16,no_effect,qmask_a3ac1f42a70defe3,10110101,0
16,no_effect,qmask_4dc7fd92c7b096a2,11101001,0
16,no_effect,qmask_9a6bcdbfd54eac0e,10101001,0
16,no_effect,qmask_87c7efb1f0502cb1,01001101,0
16,no_effect,qmask_4cc030241e0f1e44,01100010,0
16,no_effect,qmask_ecfec3b493d7256a,01100110,0
16,no_effect,qmask_aa927932235c699d,11011100,0
16,no_effect,qmask_fac74048988e3cbb,01010001,0
16,no_effect,qmask_95e119f889d86d43,00111011,0
16,no_effect,qmask_6d08de407943319e,11101101,0
16,no_effect,qmask_a4b7b621b0c57baf,10111100,0
16,no_effect,qmask_2def687a70c0189d,11100100,0
16,no_effect,qmask_cdd694ec938105ff,00011011,0
16,no_effect,qmask_e907033eeed311b5,00101010,0
16,no_effect,qmask_514b410bbe7f097e,11010111,0
16,no_effect,qmask_abc2c93f2a9da9d0,11100111,0
16,no_effect,qmask_8630d2328962fa10,00111000,0
16,no_effect,qmask_168ecc77c6d9bec7,00100011,0
16,no_effect,qmask_bdc01c419cf655bf,01100001,0
16,no_effect,qmask_7c7f09c2f082e17d,01111000,0
16,no_effect,qmask_8a4fe6aab0927861,11110001,0
16,no_effect,qmask_2678a15f3a1887ca,10110001,0
16,no_effect,qmask_9ef84ec72720c5bb,00100111,0
16,no_effect,qmask_239a2dd293cc8eaf,11000001,0
16,no_effect,qmask_f9ff1c9f8ba69f2e,11100101,0
16,no_effect,qmask_05031e6a7405856b,00111110,0
16,no_effect,qmask_cb0a7c3a10da33f2,11001100,0
16,no_effect,qmask_427363983d4a675f,11011110,0
16,no_effect,qmask_55cbf5fefb67a9c9,10010100,0
16,no_effect,qmask_b02b2d5954d58371,01011000,0
16,no_effect,qmask_8a9d405ad1968a90,11001000,0
16,no_effect,qmask_bcbb878aab0fd0e6,10010101,0
16,no_effect,qmask_68ff8f889255b0e9,00001111,0
16,no_effect,qmask_96b494b452b77f8e,01110100,0
16,no_effect,qmask_a6bb6d75ba01c741,11010000,0
16,no_effect,qmask_ddede699aac8de6a,11111010,0
16,no_effect,qmask_39ecce4dbde1e7f4,11001001,0
16,no_effect,qmask_83013e5a4235b8ec,00010111,0
16,no_effect,qmask_7f50455f5507bafe,10010011,0
16,no_effect,qmask_14432725d56e8049,10011100,0
16,no_effect,qmask_527883050feb9009,11001011,0
16,no_effect,qmask_323b67f1b27b5893,11111100,0
16,no_effect,qmask_9a86a5949df1b42b,01001100,0
16,no_effect,qmask_693dc55993aa4fa9,11001111,0
16,no_effect,qmask_84e1013c62ab0342,10110111,0
16,no_effect,qmask_bde177d3edcb1ae0,00110110,0
16,no_effect,qmask_92fdf63f6fed474e,00011001,0
16,no_effect,qmask_95b0a9234a9eee46,10101110,0
16,no_effect,qmask_282cb65c9e54d1f9,01101110,0
16,no_effect,qmask_849e90ce5ffd4bc1,00111010,0
16,no_effect,qmask_a9284c314595341d,11001010,0
16,no_effect,qmask_c7c095a611af1783,00101100,0
16,no_effect,qmask_9df5cd7b1d191d30,00001110,0
16,no_effect,qmask_58970516f324daa1,11011000,0
16,no_effect,qmask_5a3f155888c60ff4,10001001,0
16,no_effect,qmask_d350d740bff94567,00010011,0
16,no_effect,qmask_8a58e1cfc4f87182,11010001,0
16,no_effect,qmask_3745eec79815ddf1,10011011,0
16,no_effect,qmask_d79394fce5af8530,11011111,0
16,no_effect,qmask_f820e84b827bfd6b,10101101,0
16,no_effect,qmask_fa363a52954060a1,10110110,0
16,no_effect,qmask_3b86e07f9bac3525,10001010,0
16,no_effect,qmask_494f47beb25cae41,11111001,0
16,no_effect,qmask_e003b3ec0121953b,11011001,0
16,no_effect,qmask_ba4de66f5ec66b86,01010110,0
16,no_effect,qmask_5febbac13cd7abee,00010110,0
16,no_effect,qmask_75e6dad44fc41222,01100100,0
16,no_effect,qmask_e8f30cbb6e37ce0d,10101011,0
16,no_effect,qmask_ed854a1bc1c21a23,01111011,0
16,no_effect,qmask_07e4d5ad11974b66,01010100,0
16,no_effect,qmask_47a8b0e6e63f5071,10111110,0
16,no_effect,qmask_e7b741d3e896dac1,01101010,0
16,no_effect,qmask_ecc5bb9003043fc6,10000101,0
16,no_effect,qmask_b0e252c8a061a875,00110011,0
16,no_effect,qmask_884363745844cf9e,10110011,0
16,no_effect,qmask_0cd7ddfc8c2186ca,00110100,0
16,no_effect,qmask_424f9867dfadb061,10110000,0
16,no_effect,qmask_ddc0ed6fecc12d09,11011011,0
16,no_effect,qmask_bad2b6dedfcd4ce3,11010101,0
16,no_effect,qmask_1d6d1ddc1980f1fe,10111000,0
16,no_effect,qmask_fe9b859e1804ec08,00011010,0
16,no_effect,qmask_17b31d3e8666d651,01011101,0
16,no_effect,qmask_d49846da5aa54e5e,01001011,0
16,no_effect,qmask_330533bb35dfe50c,10001011,0
16,no_effect,qmask_8ec53a11acfe0f00,11110110,0
16,no_effect,qmask_cbd8bcbf0db11c8c,00110010,0
16,no_effect,qmask_85812c22f52f55f2,10101111,0
16,no_effect,qmask_81b5d6cd2a60bf37,11110101,0
16,no_effect,qmask_7496171506cc1757,10011111,0
16,no_effect,qmask_d474d772a2156911,10111001,0
16,no_effect,qmask_e217ee83fae37141,11110010,0
16,no_effect,qmask_7c849c67ebb1b4f9,10111111,0
16,no_effect,qmask_8fc54aeb91caafc9,00111101,0
16,no_effect,qmask_b996be105c0f3dda,10100110,0
16,no_effect,qmask_31a763e8bc0202e0,00101110,0
16,no_effect,qmask_4f926e356a625a67,01111100,0
16,no_effect,qmask_c76e2148877c5063,11010110,0
16,no_effect,qmask_af6d0dc69e3d9a78,00011110,0
16,no_effect,qmask_ece46f8d3d79b53f,00011111,0
16,no_effect,qmask_6227c96ae46c75f8,01111001,0
16,no_effect,qmask_90dd78ad11f097b3,11110100,0
16,no_effect,qmask_f61f977e6689b2ed,10001111,0
16,no_effect,qmask_cc0414ee182789c1,01111111,0
16,no_effect,qmask_9f2a7299208a9ed1,01100111,0
16,no_effect,qmask_30f1d2fade2e7178,01001010,0
16,no_effect,qmask_afbe22c87ad11ae4,10101100,0
16,no_effect,qmask_ac55e1313a50fb45,01101101,0
16,no_effect,qmask_06e53efa12c0c89c,01010011,0
16,no_effect,qmask_fe024629e8134fa2,11110111,0
16,no_effect,qmask_b52a639547d6a0e9,10000111,0
16,no_effect,qmask_5106913f39c2ea0e,01100101,0
16,no_effect,qmask_58d4e1dd95e5c5b0,00111111,0
16,no_effect,qmask_e28959d82dee3e38,10001110,0
16,no_effect,qmask_d3a70a2b122bfec6,10110100,0
16,additive,qmask_9cf9f1f53520f88b,01111010,1.4991731444181993
16,additive,qmask_af3070b33fa6727a,01000111,0.96970847688826733
16,additive,qmask_649dfffca1027d37,11101111,2.2477559168371721
16,additive,qmask_d9d8505932b1a835,11000100,1.7979021972037459
16,additive,qmask_22c3d94ed895c2d5,10010110,1.1731473199749236
16,additive,qmask_03e03e6bad3167c1,00110101,0.5800387804648206
16,additive,qmask_88b9054a02247dd1,11000010,1.7369268119061236
16,additive,qmask_581f449a19375ab8,00011100,0.47954362066141887
16,additive,qmask_56332775d253c008,10100101,1.2449295699765957
16,additive,qmask_d7d102c2537b80f1,11100110,2.067732700616046
16,additive,qmask_87bb9cc60085dcff,11011101,2.1639449418381522
16,additive,qmask_6d873abcf3a8f6b9,01001001,1.0544579359998871
16,additive,qmask_04e99e00df510b89,10100010,1.1728193612717053
16,additive,qmask_7c330068eacbeec8,01111110,1.5717303039181296
16,additive,qmask_a3ac1f42a70defe3,10110101,1.4309490983898756
16,additive,qmask_4dc7fd92c7b096a2,11101001,2.1636169831349337
16,additive,qmask_9a6bcdbfd54eac0e,10101001,1.3412608032905236
16,additive,qmask_87c7efb1f0502cb1,01001101,1.1270150954998175
16,additive,qmask_4cc030241e0f1e44,01100010,1.1442652231910608
16,additive,qmask_ecfec3b493d7256a,01100110,1.2168223826909912
16,additive,qmask_aa927932235c699d,11011100,2.1528101184308843
16,additive,qmask_fac74048988e3cbb,01010001,1.0715890715993086
16,additive,qmask_95e119f889d86d43,00111011,0.68795178798105694
16,additive,qmask_6d08de407943319e,11101101,2.236174142634864
16,additive,qmask_a4b7b621b0c57baf,10111100,1.5887026677964657
16,additive,qmask_2def687a70c0189d,11100100,2.0561509264137379
16,additive,qmask_cdd694ec938105ff,00011011,0.42970305877106496
16,additive,qmask_e907033eeed311b5,00101010,0.49079743616050886
16,additive,qmask_514b410bbe7f097e,11010111,2.0066383232266021
16,additive,qmask_abc2c93f2a9da9d0,11100111,2.0788675240233139
16,additive,qmask_8630d2328962fa10,00111000,0.66523519037148049
16,additive,qmask_168ecc77c6d9bec7,00100011,0.33304386675391856
16,additive,qmask_bdc01c419cf655bf,01100001,1.1438182723960206
16,additive,qmask_7c7f09c2f082e17d,01111000,1.4875913702158909
16,additive,qmask_8a4fe6aab0927861,11110001,2.1807481187343551
16,additive,qmask_2678a15f3a1887ca,10110001,1.3583919388899452
16,additive,qmask_9ef84ec72720c5bb,00100111,0.40560102625384892
16,additive,qmask_239a2dd293cc8eaf,11000001,1.7364798611110837
16,additive,qmask_f9ff1c9f8ba69f2e,11100101,2.0672857498210058
16,additive,qmask_05031e6a7405856b,00111110,0.74937412407371917
16,additive,qmask_cb0a7c3a10da33f2,11001100,1.9667905900176041
16,additive,qmask_427363983d4a675f,11011110,2.1643918926331924
16,additive,qmask_55cbf5fefb67a9c9,10010100,1.1615655457726153
16,additive,qmask_b02b2d5954d58371,01011000,1.229342641005899
16,additive,qmask_8a9d405ad1968a90,11001000,1.8942334305176738
16,additive,qmask_bcbb878aab0fd0e6,10010101,1.1727003691798834
16,additive,qmask_68ff8f889255b0e9,00001111,0.31624068985771536
16,additive,qmask_96b494b452b77f8e,01110100,1.3912601369019628
16,additive,qmask_a6bb6d75ba01c741,11010000,1.9113645661170953
16,additive,qmask_ddede699aac8de6a,11111010,2.350083462343254
16,additive,qmask_39ecce4dbde1e7f4,11001001,1.9053682539249419
16,additive,qmask_83013e5a4235b8ec,00010111,0.33337182545713695
16,additive,qmask_7f50455f5507bafe,10010011,1.1117249838822614
16,additive,qmask_14432725d56e8049,10011100,1.3304539385864738
16,additive,qmask_527883050feb9009,11001011,1.9169500281272502
16,additive,qmask_323b67f1b27b5893,11111100,2.4110588476408763
16,additive,qmask_9a86a5949df1b42b,01001100,1.1158802720925494
16,additive,qmask_693dc55993aa4fa9,11001111,1.9895071876271806
16,additive,qmask_84e1013c62ab0342,10110111,1.4425308725921837
16,additive,qmask_bde177d3edcb1ae0,00110110,0.5804857312598608
16,additive,qmask_92fdf63f6fed474e,00011001,0.41812128456875663
16,additive,qmask_95b0a9234a9eee46,10101110,1.4142649135854941
16,additive,qmask_282cb65c9e54d1f9,01101110,1.3857107755048497
16,additive,qmask_849e90ce5ffd4bc1,00111010,0.67681696457378882
16,additive,qmask_a9284c314595341d,11001010,1.9058152047199821
16,additive,qmask_c7c095a611af1783,00101100,0.55177282145813089
16,additive,qmask_9df5cd7b1d191d30,00001110,0.30510586645044724
16,additive,qmask_58970516f324daa1,11011000,2.080252958930954
16,additive,qmask_5a3f155888c60ff4,10001001,1.0830120740805316
16,additive,qmask_d350d740bff94567,00010011,0.26081466595720654
16,additive,qmask_8a58e1cfc4f87182,11010001,1.9224993895243634
16,additive,qmask_3745eec79815ddf1,10011011,1.2806133766961199
16,additive,qmask_d79394fce5af8530,11011111,2.1755267160404603
16,additive,qmask_f820e84b827bfd6b,10101101,1.4138179627904539
16,additive,qmask_fa363a52954060a1,10110110,1.4313960491849156
16,additive,qmask_3b86e07f9bac3525,10001010,1.0834590248755718
16,additive,qmask_494f47beb25cae41,11111001,2.3496365115482138
16,additive,qmask_e003b3ec0121953b,11011001,2.0913877823382219
16,additive,qmask_ba4de66f5ec66b86,01010110,1.1445931818942792
16,additive,qmask_5febbac13cd7abee,00010110,0.32223700204986883
16,additive,qmask_75e6dad44fc41222,01100100,1.2052406084886829
16,additive,qmask_e8f30cbb6e37ce0d,10101011,1.3528425774928319
16,additive,qmask_ed854a1bc1c21a23,01111011,1.5103079678254674
16,additive,qmask_07e4d5ad11974b66,01010100,1.1330114076919708
16,additive,qmask_47a8b0e6e63f5071,10111110,1.6002844419987741
16,additive,qmask_e7b741d3e896dac1,01101010,1.3131536160049193
16,additive,qmask_ecc5bb9003043fc6,10000101,0.98668084076660345
16,additive,qmask_b0e252c8a061a875,00110011,0.51906339516719857
16,additive,qmask_884363745844cf9e,10110011,1.3699737130922534
16,additive,qmask_0cd7ddfc8c2186ca,00110100,0.56890395705755248
16,additive,qmask_424f9867dfadb061,10110000,1.3472571154826771
16,additive,qmask_ddc0ed6fecc12d09,11011011,2.10296955654053
16,additive,qmask_bad2b6dedfcd4ce3,11010101,1.9950565490242937
16,additive,qmask_1d6d1ddc1980f1fe,10111000,1.5161455082965354
16,additive,qmask_fe9b859e1804ec08,00011010,0.41856823536379684
16,additive,qmask_17b31d3e8666d651,01011101,1.3130346239130974
16,additive,qmask_d49846da5aa54e5e,01001011,1.0660397102021955
16,additive,qmask_330533bb35dfe50c,10001011,1.0945938482828399
16,additive,qmask_8ec53a11acfe0f00,11110110,2.2537522290293257
16,additive,qmask_cbd8bcbf0db11c8c,00110010,0.50792857175993045
16,additive,qmask_85812c22f52f55f2,10101111,1.4253997369927622
16,additive,qmask_81b5d6cd2a60bf37,11110101,2.2533052782342855
16,additive,qmask_7496171506cc1757,10011111,1.3531705361960502
16,additive,qmask_d474d772a2156911,10111001,1.5272803317038035
16,additive,qmask_e217ee83fae37141,11110010,2.1811950695293953
16,additive,qmask_7c849c67ebb1b4f9,10111111,1.6114192654060422
16,additive,qmask_8fc54aeb91caafc9,00111101,0.74892717327867897
16,additive,qmask_b996be105c0f3dda,10100110,1.2453765207716356
16,additive,qmask_31a763e8bc0202e0,00101110,0.56335459566043922
16,additive,qmask_4f926e356a625a67,01111100,1.5601485297158213
16,additive,qmask_c76e2148877c5063,11010110,1.9955034998193342
16,additive,qmask_af6d0dc69e3d9a78,00011110,0.49112539486372719
16,additive,qmask_ece46f8d3d79b53f,00011111,0.50226021827099532
16,additive,qmask_6227c96ae46c75f8,01111001,1.4987261936231591
16,additive,qmask_90dd78ad11f097b3,11110100,2.2421704548270176
16,additive,qmask_f61f977e6689b2ed,10001111,1.1671510077827703
16,additive,qmask_cc0414ee182789c1,01111111,1.5828651273253977
16,additive,qmask_9f2a7299208a9ed1,01100111,1.2279572060982593
16,additive,qmask_30f1d2fade2e7178,01001010,1.0549048867949273
16,additive,qmask_afbe22c87ad11ae4,10101100,1.4026831393831858
16,additive,qmask_ac55e1313a50fb45,01101101,1.3852638247098095
16,additive,qmask_06e53efa12c0c89c,01010011,1.0831708458016169
16,additive,qmask_fe024629e8134fa2,11110111,2.2648870524365936
16,additive,qmask_b52a639547d6a0e9,10000111,0.99826261496891178
16,additive,qmask_5106913f39c2ea0e,01100101,1.216375431895951
16,additive,qmask_58d4e1dd95e5c5b0,00111111,0.7605089474809873
16,additive,qmask_e28959d82dee3e38,10001110,1.1560161843755021
16,additive,qmask_d3a70a2b122bfec6,10110100,1.4198142749826075
16,quadratic,qmask_9cf9f1f53520f88b,01111010,1.650492659387544
16,quadratic,qmask_af3070b33fa6727a,01000111,1.020795960941915
16,quadratic,qmask_649dfffca1027d37,11101111,2.9367711858372063
16,quadratic,qmask_d9d8505932b1a835,11000100,2.1200591111457134
16,quadratic,qmask_22c3d94ed895c2d5,10010110,1.3500074913611595
16,quadratic,qmask_03e03e6bad3167c1,00110101,0.82029084419481746
16,quadratic,qmask_88b9054a02247dd1,11000010,2.0504344264199275
16,quadratic,qmask_581f449a19375ab8,00011100,0.62883855801185085
16,quadratic,qmask_56332775d253c008,10100101,1.4136256239633738
16,quadratic,qmask_d7d102c2537b80f1,11100110,2.5562556420543299
16,quadratic,qmask_87bb9cc60085dcff,11011101,2.7896716586831491
16,quadratic,qmask_6d873abcf3a8f6b9,01001001,1.0299153743981684
16,quadratic,qmask_04e99e00df510b89,10100010,1.2381850295487067
16,quadratic,qmask_7c330068eacbeec8,01111110,1.7916660127491457
16,quadratic,qmask_a3ac1f42a70defe3,10110101,1.7027226277179328
16,quadratic,qmask_4dc7fd92c7b096a2,11101001,2.6778491968706963
16,quadratic,qmask_9a6bcdbfd54eac0e,10101001,1.5240519212112211
16,quadratic,qmask_87c7efb1f0502cb1,01001101,1.1710887277597704
16,quadratic,qmask_4cc030241e0f1e44,01100010,1.1628295574597103
16,quadratic,qmask_ecfec3b493d7256a,01100110,1.3040029108213123
16,quadratic,qmask_aa927932235c699d,11011100,2.6838557489942678
16,quadratic,qmask_fac74048988e3cbb,01010001,1.0514933679183964
16,quadratic,qmask_95e119f889d86d43,00111011,0.99490983242296593
16,quadratic,qmask_6d08de407943319e,11101101,2.8421225337168443
16,quadratic,qmask_a4b7b621b0c57baf,10111100,1.871606352123047
16,quadratic,qmask_2def687a70c0189d,11100100,2.4616069899339679
16,quadratic,qmask_cdd694ec938105ff,00011011,0.64105893728988261
16,quadratic,qmask_e907033eeed311b5,00101010,0.66964533944524907
16,quadratic,qmask_514b410bbe7f097e,11010111,2.6096206767095156
16,quadratic,qmask_abc2c93f2a9da9d0,11100111,2.6620715517432112
16,quadratic,qmask_8630d2328962fa10,00111000,0.84151609978333231
16,quadratic,qmask_168ecc77c6d9bec7,00100011,0.50724673049513236
16,quadratic,qmask_bdc01c419cf655bf,01100001,1.150723715327449
16,quadratic,qmask_7c7f09c2f082e17d,01111000,1.5677428720015965
16,quadratic,qmask_8a4fe6aab0927861,11110001,2.69224656653126
16,quadratic,qmask_2678a15f3a1887ca,10110001,1.5384492908717848
16,quadratic,qmask_9ef84ec72720c5bb,00100111,0.64842008385673433
16,quadratic,qmask_239a2dd293cc8eaf,11000001,2.0616016839884468
16,quadratic,qmask_f9ff1c9f8ba69f2e,11100101,2.5674228996228488
16,quadratic,qmask_05031e6a7405856b,00111110,1.0654392405308817
16,quadratic,qmask_cb0a7c3a10da33f2,11001100,2.394758745239709
16,quadratic,qmask_427363983d4a675f,11011110,2.7785044011146303
16,quadratic,qmask_55cbf5fefb67a9c9,10010100,1.2553588392407973
16,quadratic,qmask_b02b2d5954d58371,01011000,1.213891976868513
16,quadratic,qmask_8a9d405ad1968a90,11001000,2.230485408393561
16,quadratic,qmask_bcbb878aab0fd0e6,10010101,1.3611747489296786
16,quadratic,qmask_68ff8f889255b0e9,00001111,0.52761174292745383
16,quadratic,qmask_96b494b452b77f8e,01110100,1.4758736711593954
16,quadratic,qmask_a6bb6d75ba01c741,11010000,2.2448827780541247
16,quadratic,qmask_ddede699aac8de6a,11111010,2.9557789430567363
16,quadratic,qmask_39ecce4dbde1e7f4,11001001,2.3363013180824419
16,quadratic,qmask_83013e5a4235b8ec,00010111,0.54918973644768165
16,quadratic,qmask_7f50455f5507bafe,10010011,1.2915500642038926
16,quadratic,qmask_14432725d56e8049,10011100,1.5300584733347926
16,quadratic,qmask_527883050feb9009,11001011,2.4309499702028043
16,quadratic,qmask_323b67f1b27b5893,11111100,3.0254036277825223
16,quadratic,qmask_9a86a5949df1b42b,01001100,1.1004447825060841
16,quadratic,qmask_693dc55993aa4fa9,11001111,2.5952233070489523
16,quadratic,qmask_84e1013c62ab0342,10110111,1.7973712798382948
16,quadratic,qmask_bde177d3edcb1ae0,00110110,0.83239668632707886
16,quadratic,qmask_92fdf63f6fed474e,00011001,0.55830914990393499
16,quadratic,qmask_95b0a9234a9eee46,10101110,1.67715800048885
16,quadratic,qmask_282cb65c9e54d1f9,01101110,1.5370454650251151
16,quadratic,qmask_849e90ce5ffd4bc1,00111010,0.92426588716927982
16,quadratic,qmask_a9284c314595341d,11001010,2.325134060513923
16,quadratic,qmask_c7c095a611af1783,00101100,0.72806890542090352
16,quadratic,qmask_9df5cd7b1d191d30,00001110,0.45696779767376766
16,quadratic,qmask_58970516f324daa1,11011000,2.5195824121481198
16,quadratic,qmask_5a3f155888c60ff4,10001001,1.1825040424229669
16,quadratic,qmask_d350d740bff94567,00010011,0.40801638308607979
16,quadratic,qmask_8a58e1cfc4f87182,11010001,2.3506986877430061
16,quadratic,qmask_3745eec79815ddf1,10011011,1.5662496982978877
16,quadratic,qmask_d79394fce5af8530,11011111,2.8843203108035111
16,quadratic,qmask_f820e84b827bfd6b,10101101,1.6883252580573691
16,quadratic,qmask_fa363a52954060a1,10110110,1.6915553701494137
16,quadratic,qmask_3b86e07f9bac3525,10001010,1.1713367848544476
16,quadratic,qmask_494f47beb25cae41,11111001,2.9669462006252552
16,quadratic,qmask_e003b3ec0121953b,11011001,2.6253983218370012
16,quadratic,qmask_ba4de66f5ec66b86,01010110,1.2047725634122595
16,quadratic,qmask_5febbac13cd7abee,00010110,0.47854579119399554
16,quadratic,qmask_75e6dad44fc41222,01100100,1.2212531234353647
16,quadratic,qmask_e8f30cbb6e37ce0d,10101011,1.6187005733315831
16,quadratic,qmask_ed854a1bc1c21a23,01111011,1.7211366046412302
16,quadratic,qmask_07e4d5ad11974b66,01010100,1.122022776026312
16,quadratic,qmask_47a8b0e6e63f5071,10111110,1.966255004243409
16,quadratic,qmask_e7b741d3e896dac1,01101010,1.3958721116635133
16,quadratic,qmask_ecc5bb9003043fc6,10000101,1.0720777451751196
16,quadratic,qmask_b0e252c8a061a875,00110011,0.76186727821916311
16,quadratic,qmask_884363745844cf9e,10110011,1.6330979429921471
16,quadratic,qmask_0cd7ddfc8c2186ca,00110100,0.74964689894113135
16,quadratic,qmask_424f9867dfadb061,10110000,1.4326333811829037
16,quadratic,qmask_ddc0ed6fecc12d09,11011011,2.7200469739573632
16,quadratic,qmask_bad2b6dedfcd4ce3,11010101,2.514972024589154
16,quadratic,qmask_1d6d1ddc1980f1fe,10111000,1.7073330152768988
16,quadratic,qmask_fe9b859e1804ec08,00011010,0.5704149920361965
16,quadratic,qmask_17b31d3e8666d651,01011101,1.425709275483801
16,quadratic,qmask_d49846da5aa54e5e,01001011,1.1126651617841161
16,quadratic,qmask_330533bb35dfe50c,10001011,1.2771526945433289
16,quadratic,qmask_8ec53a11acfe0f00,11110110,2.8453526458088891
16,quadratic,qmask_cbd8bcbf0db11c8c,00110010,0.691223332965477
16,quadratic,qmask_85812c22f52f55f2,10101111,1.7829739101777313
16,quadratic,qmask_81b5d6cd2a60bf37,11110101,2.856519903377408
16,quadratic,qmask_7496171506cc1757,10011111,1.7305230351440359
16,quadratic,qmask_d474d772a2156911,10111001,1.81314892496578
16,quadratic,qmask_e217ee83fae37141,11110010,2.6810793089627407
16,quadratic,qmask_7c849c67ebb1b4f9,10111111,2.0720709139322904
16,quadratic,qmask_8fc54aeb91caafc9,00111101,1.0533333983986204
16,quadratic,qmask_b996be105c0f3dda,10100110,1.4024583663948547
16,quadratic,qmask_31a763e8bc0202e0,00101110,0.81081869280685104
16,quadratic,qmask_4f926e356a625a67,01111100,1.7089162253631982
16,quadratic,qmask_c76e2148877c5063,11010110,2.5038047670206351
16,quadratic,qmask_af6d0dc69e3d9a78,00011110,0.71158834539779847
16,quadratic,qmask_ece46f8d3d79b53f,00011111,0.78223229065148447
16,quadratic,qmask_6227c96ae46c75f8,01111001,1.6383868172552827
16,quadratic,qmask_90dd78ad11f097b3,11110100,2.7507039936885267
16,quadratic,qmask_f61f977e6689b2ed,10001111,1.4414260313894771
16,quadratic,qmask_cc0414ee182789c1,01111111,1.8623099580028319
16,quadratic,qmask_9f2a7299208a9ed1,01100111,1.3746468560749983
16,quadratic,qmask_30f1d2fade2e7178,01001010,1.0420212165304299
16,quadratic,qmask_afbe22c87ad11ae4,10101100,1.582509348368488
16,quadratic,qmask_ac55e1313a50fb45,01101101,1.5249396228928536
16,quadratic,qmask_06e53efa12c0c89c,01010011,1.1342431553043439
16,quadratic,qmask_fe024629e8134fa2,11110111,2.95116855549777
16,quadratic,qmask_b52a639547d6a0e9,10000111,1.1667263972954816
16,quadratic,qmask_5106913f39c2ea0e,01100101,1.2918970686890507
16,quadratic,qmask_58d4e1dd95e5c5b0,00111111,1.1360831857845679
16,quadratic,qmask_e28959d82dee3e38,10001110,1.3356101217005958
16,quadratic,qmask_d3a70a2b122bfec6,10110100,1.5969067180290517
40,no_effect,qmask_9cf9f1f53520f88b,01111010,0
40,no_effect,qmask_af3070b33fa6727a,01000111,0
40,no_effect,qmask_649dfffca1027d37,11101111,0
40,no_effect,qmask_d9d8505932b1a835,11000100,0
40,no_effect,qmask_22c3d94ed895c2d5,10010110,0
40,no_effect,qmask_03e03e6bad3167c1,00110101,0
40,no_effect,qmask_88b9054a02247dd1,11000010,0
40,no_effect,qmask_581f449a19375ab8,00011100,0
40,no_effect,qmask_56332775d253c008,10100101,0
40,no_effect,qmask_d7d102c2537b80f1,11100110,0
40,no_effect,qmask_87bb9cc60085dcff,11011101,0
40,no_effect,qmask_6d873abcf3a8f6b9,01001001,0
40,no_effect,qmask_04e99e00df510b89,10100010,0
40,no_effect,qmask_7c330068eacbeec8,01111110,0
40,no_effect,qmask_a3ac1f42a70defe3,10110101,0
40,no_effect,qmask_4dc7fd92c7b096a2,11101001,0
40,no_effect,qmask_9a6bcdbfd54eac0e,10101001,0
40,no_effect,qmask_87c7efb1f0502cb1,01001101,0
40,no_effect,qmask_4cc030241e0f1e44,01100010,0
40,no_effect,qmask_ecfec3b493d7256a,01100110,0
40,no_effect,qmask_aa927932235c699d,11011100,0
40,no_effect,qmask_fac74048988e3cbb,01010001,0
40,no_effect,qmask_95e119f889d86d43,00111011,0
40,no_effect,qmask_6d08de407943319e,11101101,0
40,no_effect,qmask_a4b7b621b0c57baf,10111100,0
40,no_effect,qmask_2def687a70c0189d,11100100,0
40,no_effect,qmask_cdd694ec938105ff,00011011,0
40,no_effect,qmask_e907033eeed311b5,00101010,0
40,no_effect,qmask_514b410bbe7f097e,11010111,0
40,no_effect,qmask_abc2c93f2a9da9d0,11100111,0
40,no_effect,qmask_8630d2328962fa10,00111000,0
40,no_effect,qmask_168ecc77c6d9bec7,00100011,0
40,no_effect,qmask_bdc01c419cf655bf,01100001,0
40,no_effect,qmask_7c7f09c2f082e17d,01111000,0
40,no_effect,qmask_8a4fe6aab0927861,11110001,0
40,no_effect,qmask_2678a15f3a1887ca,10110001,0
40,no_effect,qmask_9ef84ec72720c5bb,00100111,0
40,no_effect,qmask_239a2dd293cc8eaf,11000001,0
40,no_effect,qmask_f9ff1c9f8ba69f2e,11100101,0
40,no_effect,qmask_05031e6a7405856b,00111110,0
40,no_effect,qmask_cb0a7c3a10da33f2,11001100,0
40,no_effect,qmask_427363983d4a675f,11011110,0
40,no_effect,qmask_55cbf5fefb67a9c9,10010100,0
40,no_effect,qmask_b02b2d5954d58371,01011000,0
40,no_effect,qmask_8a9d405ad1968a90,11001000,0
40,no_effect,qmask_bcbb878aab0fd0e6,10010101,0
40,no_effect,qmask_68ff8f889255b0e9,00001111,0
40,no_effect,qmask_96b494b452b77f8e,01110100,0
40,no_effect,qmask_a6bb6d75ba01c741,11010000,0
40,no_effect,qmask_ddede699aac8de6a,11111010,0
40,no_effect,qmask_39ecce4dbde1e7f4,11001001,0
40,no_effect,qmask_83013e5a4235b8ec,00010111,0
40,no_effect,qmask_7f50455f5507bafe,10010011,0
40,no_effect,qmask_14432725d56e8049,10011100,0
40,no_effect,qmask_527883050feb9009,11001011,0
40,no_effect,qmask_323b67f1b27b5893,11111100,0
40,no_effect,qmask_9a86a5949df1b42b,01001100,0
40,no_effect,qmask_693dc55993aa4fa9,11001111,0
40,no_effect,qmask_84e1013c62ab0342,10110111,0
40,no_effect,qmask_bde177d3edcb1ae0,00110110,0
40,no_effect,qmask_92fdf63f6fed474e,00011001,0
40,no_effect,qmask_95b0a9234a9eee46,10101110,0
40,no_effect,qmask_282cb65c9e54d1f9,01101110,0
40,no_effect,qmask_849e90ce5ffd4bc1,00111010,0
40,no_effect,qmask_a9284c314595341d,11001010,0
40,no_effect,qmask_c7c095a611af1783,00101100,0
40,no_effect,qmask_9df5cd7b1d191d30,00001110,0
40,no_effect,qmask_58970516f324daa1,11011000,0
40,no_effect,qmask_5a3f155888c60ff4,10001001,0
40,no_effect,qmask_d350d740bff94567,00010011,0
40,no_effect,qmask_8a58e1cfc4f87182,11010001,0
40,no_effect,qmask_3745eec79815ddf1,10011011,0
40,no_effect,qmask_d79394fce5af8530,11011111,0
40,no_effect,qmask_f820e84b827bfd6b,10101101,0
40,no_effect,qmask_fa363a52954060a1,10110110,0
40,no_effect,qmask_3b86e07f9bac3525,10001010,0
40,no_effect,qmask_494f47beb25cae41,11111001,0
40,no_effect,qmask_e003b3ec0121953b,11011001,0
40,no_effect,qmask_ba4de66f5ec66b86,01010110,0
40,no_effect,qmask_5febbac13cd7abee,00010110,0
40,no_effect,qmask_75e6dad44fc41222,01100100,0
40,no_effect,qmask_e8f30cbb6e37ce0d,10101011,0
40,no_effect,qmask_ed854a1bc1c21a23,01111011,0
40,no_effect,qmask_07e4d5ad11974b66,01010100,0
40,no_effect,qmask_47a8b0e6e63f5071,10111110,0
40,no_effect,qmask_e7b741d3e896dac1,01101010,0
40,no_effect,qmask_ecc5bb9003043fc6,10000101,0
40,no_effect,qmask_b0e252c8a061a875,00110011,0
40,no_effect,qmask_884363745844cf9e,10110011,0
40,no_effect,qmask_0cd7ddfc8c2186ca,00110100,0
40,no_effect,qmask_424f9867dfadb061,10110000,0
40,no_effect,qmask_ddc0ed6fecc12d09,11011011,0
40,no_effect,qmask_bad2b6dedfcd4ce3,11010101,0
40,no_effect,qmask_1d6d1ddc1980f1fe,10111000,0
40,no_effect,qmask_fe9b859e1804ec08,00011010,0
40,no_effect,qmask_17b31d3e8666d651,01011101,0
40,no_effect,qmask_d49846da5aa54e5e,01001011,0
40,no_effect,qmask_330533bb35dfe50c,10001011,0
40,no_effect,qmask_8ec53a11acfe0f00,11110110,0
40,no_effect,qmask_cbd8bcbf0db11c8c,00110010,0
40,no_effect,qmask_85812c22f52f55f2,10101111,0
40,no_effect,qmask_81b5d6cd2a60bf37,11110101,0
40,no_effect,qmask_7496171506cc1757,10011111,0
40,no_effect,qmask_d474d772a2156911,10111001,0
40,no_effect,qmask_e217ee83fae37141,11110010,0
40,no_effect,qmask_7c849c67ebb1b4f9,10111111,0
40,no_effect,qmask_8fc54aeb91caafc9,00111101,0
40,no_effect,qmask_b996be105c0f3dda,10100110,0
40,no_effect,qmask_31a763e8bc0202e0,00101110,0
40,no_effect,qmask_4f926e356a625a67,01111100,0
40,no_effect,qmask_c76e2148877c5063,11010110,0
40,no_effect,qmask_af6d0dc69e3d9a78,00011110,0
40,no_effect,qmask_ece46f8d3d79b53f,00011111,0
40,no_effect,qmask_6227c96ae46c75f8,01111001,0
40,no_effect,qmask_90dd78ad11f097b3,11110100,0
40,no_effect,qmask_f61f977e6689b2ed,10001111,0
40,no_effect,qmask_cc0414ee182789c1,01111111,0
40,no_effect,qmask_9f2a7299208a9ed1,01100111,0
40,no_effect,qmask_30f1d2fade2e7178,01001010,0
40,no_effect,qmask_afbe22c87ad11ae4,10101100,0
40,no_effect,qmask_ac55e1313a50fb45,01101101,0
40,no_effect,qmask_06e53efa12c0c89c,01010011,0
40,no_effect,qmask_fe024629e8134fa2,11110111,0
40,no_effect,qmask_b52a639547d6a0e9,10000111,0
40,no_effect,qmask_5106913f39c2ea0e,01100101,0
40,no_effect,qmask_58d4e1dd95e5c5b0,00111111,0
40,no_effect,qmask_e28959d82dee3e38,10001110,0
40,no_effect,qmask_d3a70a2b122bfec6,10110100,0
40,additive,qmask_9cf9f1f53520f88b,01111010,2.0778347426880557
40,additive,qmask_af3070b33fa6727a,01000111,1.320737524814485
40,additive,qmask_649dfffca1027d37,11101111,3.0947802749056086
40,additive,qmask_d9d8505932b1a835,11000100,1.9506843611866787
40,additive,qmask_22c3d94ed895c2d5,10010110,1.5854730424705741
40,additive,qmask_03e03e6bad3167c1,00110101,1.0400984269483478
40,additive,qmask_88b9054a02247dd1,11000010,1.8752658507718565
40,additive,qmask_581f449a19375ab8,00011100,0.80606204716846874
40,additive,qmask_56332775d253c008,10100101,1.6405870589265059
40,additive,qmask_d7d102c2537b80f1,11100110,2.5621676541863749
40,additive,qmask_87bb9cc60085dcff,11011101,2.853793576124521
40,additive,qmask_6d873abcf3a8f6b9,01001001,1.2612562212444143
40,additive,qmask_04e99e00df510b89,10100010,1.3997671827370206
40,additive,qmask_7c330068eacbeec8,01111110,2.3288902771527873
40,additive,qmask_a3ac1f42a70defe3,10110101,2.0110836531451142
40,additive,qmask_4dc7fd92c7b096a2,11101001,2.6680877163909673
40,additive,qmask_9a6bcdbfd54eac0e,10101001,1.7567427794063448
40,additive,qmask_87c7efb1f0502cb1,01001101,1.5123117557091461
40,additive,qmask_4cc030241e0f1e44,01100010,1.3401268935248767
40,additive,qmask_ecfec3b493d7256a,01100110,1.5911824279896085
40,additive,qmask_aa927932235c699d,11011100,2.6883922103498579
40,additive,qmask_fac74048988e3cbb,01010001,1.2645415605184518
40,additive,qmask_95e119f889d86d43,00111011,1.3318911714780963
40,additive,qmask_6d08de407943319e,11101101,2.9191432508556989
40,additive,qmask_a4b7b621b0c57baf,10111100,2.212893542315022
40,additive,qmask_2def687a70c0189d,11100100,2.3865306301364653
40,additive,qmask_cdd694ec938105ff,00011011,0.89604490252830971
40,additive,qmask_e907033eeed311b5,00101010,0.79599321148482494
40,additive,qmask_514b410bbe7f097e,11010111,2.6622193452298597
40,additive,qmask_abc2c93f2a9da9d0,11100111,2.7275690199610381
40,additive,qmask_8630d2328962fa10,00111000,0.99085278165352353
40,additive,qmask_168ecc77c6d9bec7,00100011,0.59418332231491722
40,additive,qmask_bdc01c419cf655bf,01100001,1.3298912352496302
40,additive,qmask_7c7f09c2f082e17d,01111000,1.902197718638146
40,additive,qmask_8a4fe6aab0927861,11110001,2.671373055665005
40,additive,qmask_2678a15f3a1887ca,10110001,1.7600281186803823
40,additive,qmask_9ef84ec72720c5bb,00100111,0.84523885677964916
40,additive,qmask_239a2dd293cc8eaf,11000001,1.86503019249661
40,additive,qmask_f9ff1c9f8ba69f2e,11100101,2.5519319959111284
40,additive,qmask_05031e6a7405856b,00111110,1.417545340168165
40,additive,qmask_cb0a7c3a10da33f2,11001100,2.3178956161312492
40,additive,qmask_427363983d4a675f,11011110,2.8640292343997675
40,additive,qmask_55cbf5fefb67a9c9,10010100,1.4098360184206644
40,additive,qmask_b02b2d5954d58371,01011000,1.4663514496883594
40,additive,qmask_8a9d405ad1968a90,11001000,2.0668400816665176
40,additive,qmask_bcbb878aab0fd0e6,10010101,1.5752373841953276
40,additive,qmask_68ff8f889255b0e9,00001111,0.77660384277443306
40,additive,qmask_96b494b452b77f8e,01110100,1.7860419981583071
40,additive,qmask_a6bb6d75ba01c741,11010000,2.0701254209405553
40,additive,qmask_ddede699aac8de6a,11111010,3.0488199688848221
40,additive,qmask_39ecce4dbde1e7f4,11001001,2.2322414474411807
40,additive,qmask_83013e5a4235b8ec,00010111,0.7798891820484708
40,additive,qmask_7f50455f5507bafe,10010011,1.4998188737805054
40,additive,qmask_14432725d56e8049,10011100,1.7770472733652352
40,additive,qmask_527883050feb9009,11001011,2.4078784714910904
40,additive,qmask_323b67f1b27b5893,11111100,3.1242384792996445
40,additive,qmask_9a86a5949df1b42b,01001100,1.346910389934483
40,additive,qmask_693dc55993aa4fa9,11001111,2.658934005955822
40,additive,qmask_84e1013c62ab0342,10110111,2.1867206771950238
40,additive,qmask_bde177d3edcb1ae0,00110110,1.0503340852235943
40,additive,qmask_92fdf63f6fed474e,00011001,0.72040787847840004
40,additive,qmask_95b0a9234a9eee46,10101110,2.018033972146323
40,additive,qmask_282cb65c9e54d1f9,01101110,1.9583936829341793
40,additive,qmask_849e90ce5ffd4bc1,00111010,1.1664898057034332
40,additive,qmask_a9284c314595341d,11001010,2.2424771057164272
40,additive,qmask_c7c095a611af1783,00101100,0.87141172189964711
40,additive,qmask_9df5cd7b1d191d30,00001110,0.61120247699976993
40,additive,qmask_58970516f324daa1,11011000,2.4373366758851258
40,additive,qmask_5a3f155888c60ff4,10001001,1.3208965104565582
40,additive,qmask_d350d740bff94567,00010011,0.52883364758373896
40,additive,qmask_8a58e1cfc4f87182,11010001,2.2355267867152184
40,additive,qmask_3745eec79815ddf1,10011011,1.8670301287250761
40,additive,qmask_d79394fce5af8530,11011111,3.0294306001744307
40,additive,qmask_f820e84b827bfd6b,10101101,2.0077983138710764
40,additive,qmask_fa363a52954060a1,10110110,2.0213193114203607
40,additive,qmask_3b86e07f9bac3525,10001010,1.3311321687318047
40,additive,qmask_494f47beb25cae41,11111001,3.0385843106095756
40,additive,qmask_e003b3ec0121953b,11011001,2.6027380416597889
40,additive,qmask_ba4de66f5ec66b86,01010110,1.5258327532584302
40,additive,qmask_5febbac13cd7abee,00010110,0.61448781627380766
40,additive,qmask_75e6dad44fc41222,01100100,1.4155454039396989
40,additive,qmask_e8f30cbb6e37ce0d,10101011,1.9323798034562545
40,additive,qmask_ed854a1bc1c21a23,01111011,2.2432361084627188
40,additive,qmask_07e4d5ad11974b66,01010100,1.3501957292085205
40,additive,qmask_47a8b0e6e63f5071,10111110,2.3885305663649317
40,additive,qmask_e7b741d3e896dac1,01101010,1.7073381484694474
40,additive,qmask_ecc5bb9003043fc6,10000101,1.2047407899767193
40,additive,qmask_b0e252c8a061a875,00110011,0.96467991653352558
40,additive,qmask_884363745844cf9e,10110011,1.935665142730292
40,additive,qmask_0cd7ddfc8c2186ca,00110100,0.87469706117368462
40,additive,qmask_424f9867dfadb061,10110000,1.5946267529057192
40,additive,qmask_ddc0ed6fecc12d09,11011011,2.7783750657096986
40,additive,qmask_bad2b6dedfcd4ce3,11010101,2.48658232117995
40,additive,qmask_1d6d1ddc1980f1fe,10111000,1.9618380078502899
40,additive,qmask_fe9b859e1804ec08,00011010,0.73064353675364657
40,additive,qmask_17b31d3e8666d651,01011101,1.8828083499277544
40,additive,qmask_d49846da5aa54e5e,01001011,1.4368932452943239
40,additive,qmask_330533bb35dfe50c,10001011,1.4965335345064679
40,additive,qmask_8ec53a11acfe0f00,11110110,2.9326642484049832
40,additive,qmask_cbd8bcbf0db11c8c,00110010,0.79927855075886245
40,additive,qmask_85812c22f52f55f2,10101111,2.1834353379209861
40,additive,qmask_81b5d6cd2a60bf37,11110101,2.9224285901297367
40,additive,qmask_7496171506cc1757,10011111,2.1180856631898077
40,additive,qmask_d474d772a2156911,10111001,2.1272393736249531
40,additive,qmask_e217ee83fae37141,11110010,2.6816087139402516
40,additive,qmask_7c849c67ebb1b4f9,10111111,2.5539319321395948
40,additive,qmask_8fc54aeb91caafc9,00111101,1.4073096818929185
40,additive,qmask_b996be105c0f3dda,10100110,1.6508227172017524
40,additive,qmask_31a763e8bc0202e0,00101110,1.0470487459495568
40,additive,qmask_4f926e356a625a67,01111100,2.1532532531028776
40,additive,qmask_c76e2148877c5063,11010110,2.4968179794551966
40,additive,qmask_af6d0dc69e3d9a78,00011110,0.98169907121837841
40,additive,qmask_ece46f8d3d79b53f,00011111,1.1471004369930415
40,additive,qmask_6227c96ae46c75f8,01111001,2.0675990844128092
40,additive,qmask_90dd78ad11f097b3,11110100,2.7570272243550735
40,additive,qmask_f61f977e6689b2ed,10001111,1.7475890689711997
40,additive,qmask_cc0414ee182789c1,01111111,2.4942916429274504
40,additive,qmask_9f2a7299208a9ed1,01100111,1.7565837937642717
40,additive,qmask_30f1d2fade2e7178,01001010,1.2714918795196608
40,additive,qmask_afbe22c87ad11ae4,10101100,1.8423969480964135
40,additive,qmask_ac55e1313a50fb45,01101101,1.9481580246589327
40,additive,qmask_06e53efa12c0c89c,01010011,1.4401785845683615
40,additive,qmask_fe024629e8134fa2,11110111,3.0980656141796463
40,additive,qmask_b52a639547d6a0e9,10000111,1.380377814026629
40,additive,qmask_5106913f39c2ea0e,01100101,1.580946769714362
40,additive,qmask_58d4e1dd95e5c5b0,00111111,1.5829467059428282
40,additive,qmask_e28959d82dee3e38,10001110,1.5821877031965366
40,additive,qmask_d3a70a2b122bfec6,10110100,1.845682287370451
40,quadratic,qmask_9cf9f1f53520f88b,01111010,1.9609202472838578
40,quadratic,qmask_af3070b33fa6727a,01000111,1.1068028760899049
40,quadratic,qmask_649dfffca1027d37,11101111,3.0992746443779642
40,quadratic,qmask_d9d8505932b1a835,11000100,2.1406043659663356
40,quadratic,qmask_22c3d94ed895c2d5,10010110,1.3879587284827799
40,quadratic,qmask_03e03e6bad3167c1,00110101,0.81924747312739532
40,quadratic,qmask_88b9054a02247dd1,11000010,2.0628532134849142
40,quadratic,qmask_581f449a19375ab8,00011100,0.75176384282760522
40,quadratic,qmask_56332775d253c008,10100101,1.4063437621758075
40,quadratic,qmask_d7d102c2537b80f1,11100110,2.5993129261348513
40,quadratic,qmask_87bb9cc60085dcff,11011101,3.0765650084973211
40,quadratic,qmask_6d873abcf3a8f6b9,01001001,1.1470445984130828
40,quadratic,qmask_04e99e00df510b89,10100010,1.2390841156688854
40,quadratic,qmask_7c330068eacbeec8,01111110,2.1436828627469011
40,quadratic,qmask_a3ac1f42a70defe3,10110101,1.6892319442090495
40,quadratic,qmask_4dc7fd92c7b096a2,11101001,2.7910875178281374
40,quadratic,qmask_9a6bcdbfd54eac0e,10101001,1.5180970800867948
40,quadratic,qmask_87c7efb1f0502cb1,01001101,1.3085103626187942
40,quadratic,qmask_4cc030241e0f1e44,01100010,1.1833177729359683
40,quadratic,qmask_ecfec3b493d7256a,01100110,1.3588807669978888
40,quadratic,qmask_aa927932235c699d,11011100,2.9618680860732018
40,quadratic,qmask_fac74048988e3cbb,01010001,1.1457644254830894
40,quadratic,qmask_95e119f889d86d43,00111011,1.1362458438453744
40,quadratic,qmask_6d08de407943319e,11101101,2.9665268257363455
40,quadratic,qmask_a4b7b621b0c57baf,10111100,1.9764533343979838
40,quadratic,qmask_2def687a70c0189d,11100100,2.4770822636607481
40,quadratic,qmask_cdd694ec938105ff,00011011,0.77158670885588299
40,quadratic,qmask_e907033eeed311b5,00101010,0.68371705183960463
40,quadratic,qmask_514b410bbe7f097e,11010111,2.7633753181476437
40,quadratic,qmask_abc2c93f2a9da9d0,11100111,2.7420612826665751
40,quadratic,qmask_8630d2328962fa10,00111000,0.9538439391155924
40,quadratic,qmask_168ecc77c6d9bec7,00100011,0.52144348007220742
40,quadratic,qmask_bdc01c419cf655bf,01100001,1.2016400171697548
40,quadratic,qmask_7c7f09c2f082e17d,01111000,1.8287524276461831
40,quadratic,qmask_8a4fe6aab0927861,11110001,2.784127003218178
40,quadratic,qmask_2678a15f3a1887ca,10110001,1.5336001556675214
40,quadratic,qmask_9ef84ec72720c5bb,00100111,0.66648716549260789
40,quadratic,qmask_239a2dd293cc8eaf,11000001,2.0961865131766171
40,quadratic,qmask_f9ff1c9f8ba69f2e,11100101,2.6184401835110589
40,quadratic,qmask_05031e6a7405856b,00111110,1.2322169331299695
40,quadratic,qmask_cb0a7c3a10da33f2,11001100,2.4992619076120626
40,quadratic,qmask_427363983d4a675f,11011110,3.1145856752721541
40,quadratic,qmask_55cbf5fefb67a9c9,10010100,1.2582749872274537
40,quadratic,qmask_b02b2d5954d58371,01011000,1.4742428963704901
40,quadratic,qmask_8a9d405ad1968a90,11001000,2.3119246796204367
40,quadratic,qmask_bcbb878aab0fd0e6,10010101,1.3459406316403855
40,quadratic,qmask_68ff8f889255b0e9,00001111,0.54201782634413842
40,quadratic,qmask_96b494b452b77f8e,01110100,1.568721553874443
40,quadratic,qmask_a6bb6d75ba01c741,11010000,2.3038584575535621
40,quadratic,qmask_ddede699aac8de6a,11111010,3.2508248700916171
40,quadratic,qmask_39ecce4dbde1e7f4,11001001,2.4430070302309144
40,quadratic,qmask_83013e5a4235b8ec,00010111,0.58066495366929038
40,quadratic,qmask_7f50455f5507bafe,10010011,1.3049185249811679
40,quadratic,qmask_14432725d56e8049,10011100,1.6425602654584233
40,quadratic,qmask_527883050feb9009,11001011,2.5609318478391412
40,quadratic,qmask_323b67f1b27b5893,11111100,3.296484935079242
40,quadratic,qmask_9a86a5949df1b42b,01001100,1.2169082157870987
40,quadratic,qmask_693dc55993aa4fa9,11001111,2.7528356518017776
40,quadratic,qmask_84e1013c62ab0342,10110111,1.8226935511954663
40,quadratic,qmask_bde177d3edcb1ae0,00110110,0.87627662542770568
40,quadratic,qmask_92fdf63f6fed474e,00011001,0.65432301004399696
40,quadratic,qmask_95b0a9234a9eee46,10101110,1.6933269080736175
40,quadratic,qmask_282cb65c9e54d1f9,01101110,1.6891933381149102
40,quadratic,qmask_849e90ce5ffd4bc1,00111010,1.0721046302957433
40,quadratic,qmask_a9284c314595341d,11001010,2.4284590605472505
40,quadratic,qmask_c7c095a611af1783,00101100,0.73185952046676084
40,quadratic,qmask_9df5cd7b1d191d30,00001110,0.48571513136415412
40,quadratic,qmask_58970516f324daa1,11011000,2.7695096507499466
40,quadratic,qmask_5a3f155888c60ff4,10001001,1.1707403725560506
40,quadratic,qmask_d350d740bff94567,00010011,0.42657113684654518
40,quadratic,qmask_8a58e1cfc4f87182,11010001,2.4360829865123206
40,quadratic,qmask_3745eec79815ddf1,10011011,1.6864934981068098
40,quadratic,qmask_d79394fce5af8530,11011111,3.2306730343776864
40,quadratic,qmask_f820e84b827bfd6b,10101101,1.6708860753661858
40,quadratic,qmask_fa363a52954060a1,10110110,1.7251515153705221
40,quadratic,qmask_3b86e07f9bac3525,10001010,1.178975162947987
40,quadratic,qmask_494f47beb25cae41,11111001,3.2392072969941221
40,quadratic,qmask_e003b3ec0121953b,11011001,2.8920755691867686
40,quadratic,qmask_ba4de66f5ec66b86,01010110,1.3504179008565695
40,quadratic,qmask_5febbac13cd7abee,00010110,0.52322008034102463
40,quadratic,qmask_75e6dad44fc41222,01100100,1.247151731151027
40,quadratic,qmask_e8f30cbb6e37ce0d,10101011,1.6245021982871755
40,quadratic,qmask_ed854a1bc1c21a23,01111011,2.0617513493666131
40,quadratic,qmask_07e4d5ad11974b66,01010100,1.217328657770961
40,quadratic,qmask_47a8b0e6e63f5071,10111110,2.1176512241890899
40,quadratic,qmask_e7b741d3e896dac1,01101010,1.511451929983497
40,quadratic,qmask_ecc5bb9003043fc6,10000101,1.062103689817274
40,quadratic,qmask_b0e252c8a061a875,00110011,0.79214256073454037
40,quadratic,qmask_884363745844cf9e,10110011,1.6546261906702244
40,quadratic,qmask_0cd7ddfc8c2186ca,00110100,0.75470708174994328
40,quadratic,qmask_424f9867dfadb061,10110000,1.4295795605112875
40,quadratic,qmask_ddc0ed6fecc12d09,11011011,3.0337480230834202
40,quadratic,qmask_bad2b6dedfcd4ce3,11010101,2.6183940117533808
40,quadratic,qmask_1d6d1ddc1980f1fe,10111000,1.8107741357742602
40,quadratic,qmask_fe9b859e1804ec08,00011010,0.71593145003685121
40,quadratic,qmask_17b31d3e8666d651,01011101,1.7316845785785744
40,quadratic,qmask_d49846da5aa54e5e,01001011,1.2544677893940679
40,quadratic,qmask_330533bb35dfe50c,10001011,1.2747580617067531
40,quadratic,qmask_8ec53a11acfe0f00,11110110,2.9755459154743957
40,quadratic,qmask_cbd8bcbf0db11c8c,00110010,0.71834273666297244
40,quadratic,qmask_85812c22f52f55f2,10101111,1.7897267655502802
40,quadratic,qmask_81b5d6cd2a60bf37,11110101,2.9624091043885232
40,quadratic,qmask_7496171506cc1757,10011111,1.8607681967722589
40,quadratic,qmask_d474d772a2156911,10111001,1.9051361204085575
40,quadratic,qmask_e217ee83fae37141,11110010,2.776959246307634
40,quadratic,qmask_7c849c67ebb1b4f9,10111111,2.2055346494920971
40,quadratic,qmask_8fc54aeb91caafc9,00111101,1.1564024508216202
40,quadratic,qmask_b996be105c0f3dda,10100110,1.4099992648752
40,quadratic,qmask_31a763e8bc0202e0,00101110,0.83880814734220077
40,quadratic,qmask_4f926e356a625a67,01111100,1.9990794711255127
40,quadratic,qmask_c76e2148877c5063,11010110,2.6376293485201745
40,quadratic,qmask_af6d0dc69e3d9a78,00011110,0.88007267694179214
40,quadratic,qmask_ece46f8d3d79b53f,00011111,0.92785893974812095
40,quadratic,qmask_6227c96ae46c75f8,01111001,1.9281930930475255
40,quadratic,qmask_90dd78ad11f097b3,11110100,2.8295676167118682
40,quadratic,qmask_f61f977e6689b2ed,10001111,1.4440115530405726
40,quadratic,qmask_cc0414ee182789c1,01111111,2.2366449688169534
40,quadratic,qmask_9f2a7299208a9ed1,01100111,1.4700179157635334
40,quadratic,qmask_30f1d2fade2e7178,01001010,1.1536062098682569
40,quadratic,qmask_afbe22c87ad11ae4,10101100,1.5758766545709362
40,quadratic,qmask_ac55e1313a50fb45,01101101,1.6684256843442413
40,quadratic,qmask_06e53efa12c0c89c,01010011,1.2678085332663969
40,quadratic,qmask_fe024629e8134fa2,11110111,3.1097778398324638
40,quadratic,qmask_b52a639547d6a0e9,10000111,1.1694302314655882
40,quadratic,qmask_5106913f39c2ea0e,01100101,1.3568984432352589
40,quadratic,qmask_58d4e1dd95e5c5b0,00111111,1.2884891506668976
40,quadratic,qmask_e28959d82dee3e38,10001110,1.3560976502945095
40,quadratic,qmask_d3a70a2b122bfec6,10110100,1.5930803450655184
64,no_effect,qmask_9cf9f1f53520f88b,01111010,0
64,no_effect,qmask_af3070b33fa6727a,01000111,0
64,no_effect,qmask_649dfffca1027d37,11101111,0
64,no_effect,qmask_d9d8505932b1a835,11000100,0
64,no_effect,qmask_22c3d94ed895c2d5,10010110,0
64,no_effect,qmask_03e03e6bad3167c1,00110101,0
64,no_effect,qmask_88b9054a02247dd1,11000010,0
64,no_effect,qmask_581f449a19375ab8,00011100,0
64,no_effect,qmask_56332775d253c008,10100101,0
64,no_effect,qmask_d7d102c2537b80f1,11100110,0
64,no_effect,qmask_87bb9cc60085dcff,11011101,0
64,no_effect,qmask_6d873abcf3a8f6b9,01001001,0
64,no_effect,qmask_04e99e00df510b89,10100010,0
64,no_effect,qmask_7c330068eacbeec8,01111110,0
64,no_effect,qmask_a3ac1f42a70defe3,10110101,0
64,no_effect,qmask_4dc7fd92c7b096a2,11101001,0
64,no_effect,qmask_9a6bcdbfd54eac0e,10101001,0
64,no_effect,qmask_87c7efb1f0502cb1,01001101,0
64,no_effect,qmask_4cc030241e0f1e44,01100010,0
64,no_effect,qmask_ecfec3b493d7256a,01100110,0
64,no_effect,qmask_aa927932235c699d,11011100,0
64,no_effect,qmask_fac74048988e3cbb,01010001,0
64,no_effect,qmask_95e119f889d86d43,00111011,0
64,no_effect,qmask_6d08de407943319e,11101101,0
64,no_effect,qmask_a4b7b621b0c57baf,10111100,0
64,no_effect,qmask_2def687a70c0189d,11100100,0
64,no_effect,qmask_cdd694ec938105ff,00011011,0
64,no_effect,qmask_e907033eeed311b5,00101010,0
64,no_effect,qmask_514b410bbe7f097e,11010111,0
64,no_effect,qmask_abc2c93f2a9da9d0,11100111,0
64,no_effect,qmask_8630d2328962fa10,00111000,0
64,no_effect,qmask_168ecc77c6d9bec7,00100011,0
64,no_effect,qmask_bdc01c419cf655bf,01100001,0
64,no_effect,qmask_7c7f09c2f082e17d,01111000,0
64,no_effect,qmask_8a4fe6aab0927861,11110001,0
64,no_effect,qmask_2678a15f3a1887ca,10110001,0
64,no_effect,qmask_9ef84ec72720c5bb,00100111,0
64,no_effect,qmask_239a2dd293cc8eaf,11000001,0
64,no_effect,qmask_f9ff1c9f8ba69f2e,11100101,0
64,no_effect,qmask_05031e6a7405856b,00111110,0
64,no_effect,qmask_cb0a7c3a10da33f2,11001100,0
64,no_effect,qmask_427363983d4a675f,11011110,0
64,no_effect,qmask_55cbf5fefb67a9c9,10010100,0
64,no_effect,qmask_b02b2d5954d58371,01011000,0
64,no_effect,qmask_8a9d405ad1968a90,11001000,0
64,no_effect,qmask_bcbb878aab0fd0e6,10010101,0
64,no_effect,qmask_68ff8f889255b0e9,00001111,0
64,no_effect,qmask_96b494b452b77f8e,01110100,0
64,no_effect,qmask_a6bb6d75ba01c741,11010000,0
64,no_effect,qmask_ddede699aac8de6a,11111010,0
64,no_effect,qmask_39ecce4dbde1e7f4,11001001,0
64,no_effect,qmask_83013e5a4235b8ec,00010111,0
64,no_effect,qmask_7f50455f5507bafe,10010011,0
64,no_effect,qmask_14432725d56e8049,10011100,0
64,no_effect,qmask_527883050feb9009,11001011,0
64,no_effect,qmask_323b67f1b27b5893,11111100,0
64,no_effect,qmask_9a86a5949df1b42b,01001100,0
64,no_effect,qmask_693dc55993aa4fa9,11001111,0
64,no_effect,qmask_84e1013c62ab0342,10110111,0
64,no_effect,qmask_bde177d3edcb1ae0,00110110,0
64,no_effect,qmask_92fdf63f6fed474e,00011001,0
64,no_effect,qmask_95b0a9234a9eee46,10101110,0
64,no_effect,qmask_282cb65c9e54d1f9,01101110,0
64,no_effect,qmask_849e90ce5ffd4bc1,00111010,0
64,no_effect,qmask_a9284c314595341d,11001010,0
64,no_effect,qmask_c7c095a611af1783,00101100,0
64,no_effect,qmask_9df5cd7b1d191d30,00001110,0
64,no_effect,qmask_58970516f324daa1,11011000,0
64,no_effect,qmask_5a3f155888c60ff4,10001001,0
64,no_effect,qmask_d350d740bff94567,00010011,0
64,no_effect,qmask_8a58e1cfc4f87182,11010001,0
64,no_effect,qmask_3745eec79815ddf1,10011011,0
64,no_effect,qmask_d79394fce5af8530,11011111,0
64,no_effect,qmask_f820e84b827bfd6b,10101101,0
64,no_effect,qmask_fa363a52954060a1,10110110,0
64,no_effect,qmask_3b86e07f9bac3525,10001010,0
64,no_effect,qmask_494f47beb25cae41,11111001,0
64,no_effect,qmask_e003b3ec0121953b,11011001,0
64,no_effect,qmask_ba4de66f5ec66b86,01010110,0
64,no_effect,qmask_5febbac13cd7abee,00010110,0
64,no_effect,qmask_75e6dad44fc41222,01100100,0
64,no_effect,qmask_e8f30cbb6e37ce0d,10101011,0
64,no_effect,qmask_ed854a1bc1c21a23,01111011,0
64,no_effect,qmask_07e4d5ad11974b66,01010100,0
64,no_effect,qmask_47a8b0e6e63f5071,10111110,0
64,no_effect,qmask_e7b741d3e896dac1,01101010,0
64,no_effect,qmask_ecc5bb9003043fc6,10000101,0
64,no_effect,qmask_b0e252c8a061a875,00110011,0
64,no_effect,qmask_884363745844cf9e,10110011,0
64,no_effect,qmask_0cd7ddfc8c2186ca,00110100,0
64,no_effect,qmask_424f9867dfadb061,10110000,0
64,no_effect,qmask_ddc0ed6fecc12d09,11011011,0
64,no_effect,qmask_bad2b6dedfcd4ce3,11010101,0
64,no_effect,qmask_1d6d1ddc1980f1fe,10111000,0
64,no_effect,qmask_fe9b859e1804ec08,00011010,0
64,no_effect,qmask_17b31d3e8666d651,01011101,0
64,no_effect,qmask_d49846da5aa54e5e,01001011,0
64,no_effect,qmask_330533bb35dfe50c,10001011,0
64,no_effect,qmask_8ec53a11acfe0f00,11110110,0
64,no_effect,qmask_cbd8bcbf0db11c8c,00110010,0
64,no_effect,qmask_85812c22f52f55f2,10101111,0
64,no_effect,qmask_81b5d6cd2a60bf37,11110101,0
64,no_effect,qmask_7496171506cc1757,10011111,0
64,no_effect,qmask_d474d772a2156911,10111001,0
64,no_effect,qmask_e217ee83fae37141,11110010,0
64,no_effect,qmask_7c849c67ebb1b4f9,10111111,0
64,no_effect,qmask_8fc54aeb91caafc9,00111101,0
64,no_effect,qmask_b996be105c0f3dda,10100110,0
64,no_effect,qmask_31a763e8bc0202e0,00101110,0
64,no_effect,qmask_4f926e356a625a67,01111100,0
64,no_effect,qmask_c76e2148877c5063,11010110,0
64,no_effect,qmask_af6d0dc69e3d9a78,00011110,0
64,no_effect,qmask_ece46f8d3d79b53f,00011111,0
64,no_effect,qmask_6227c96ae46c75f8,01111001,0
64,no_effect,qmask_90dd78ad11f097b3,11110100,0
64,no_effect,qmask_f61f977e6689b2ed,10001111,0
64,no_effect,qmask_cc0414ee182789c1,01111111,0
64,no_effect,qmask_9f2a7299208a9ed1,01100111,0
64,no_effect,qmask_30f1d2fade2e7178,01001010,0
64,no_effect,qmask_afbe22c87ad11ae4,10101100,0
64,no_effect,qmask_ac55e1313a50fb45,01101101,0
64,no_effect,qmask_06e53efa12c0c89c,01010011,0
64,no_effect,qmask_fe024629e8134fa2,11110111,0
64,no_effect,qmask_b52a639547d6a0e9,10000111,0
64,no_effect,qmask_5106913f39c2ea0e,01100101,0
64,no_effect,qmask_58d4e1dd95e5c5b0,00111111,0
64,no_effect,qmask_e28959d82dee3e38,10001110,0
64,no_effect,qmask_d3a70a2b122bfec6,10110100,0
64,additive,qmask_9cf9f1f53520f88b,01111010,1.9770363554553114
64,additive,qmask_af3070b33fa6727a,01000111,1.2223334852946057
64,additive,qmask_649dfffca1027d37,11101111,3.0444796576771154
64,additive,qmask_d9d8505932b1a835,11000100,2.0368139706260528
64,additive,qmask_22c3d94ed895c2d5,10010110,1.58369856781437
64,additive,qmask_03e03e6bad3167c1,00110101,0.89741783729810565
64,additive,qmask_88b9054a02247dd1,11000010,1.9462707428317121
64,additive,qmask_581f449a19375ab8,00011100,0.73291757834898774
64,additive,qmask_56332775d253c008,10100101,1.6326024292452155
64,additive,qmask_d7d102c2537b80f1,11100110,2.5973491968503435
64,additive,qmask_87bb9cc60085dcff,11011101,2.8049558073175156
64,additive,qmask_6d873abcf3a8f6b9,01001001,1.1930934120436474
64,additive,qmask_04e99e00df510b89,10100010,1.4444555427735573
64,additive,qmask_7c330068eacbeec8,01111110,2.2116914070526881
64,additive,qmask_a3ac1f42a70defe3,10110101,1.9536138051099063
64,additive,qmask_4dc7fd92c7b096a2,11101001,2.6657127822767022
64,additive,qmask_9a6bcdbfd54eac0e,10101001,1.7474741797972928
64,additive,qmask_87c7efb1f0502cb1,01001101,1.427748463641024
64,additive,qmask_4cc030241e0f1e44,01100010,1.3064981774411664
64,additive,qmask_ecfec3b493d7256a,01100110,1.541153229038543
64,additive,qmask_aa927932235c699d,11011100,2.7073521486401981
64,additive,qmask_fac74048988e3cbb,01010001,1.1645779857588843
64,additive,qmask_95e119f889d86d43,00111011,1.1564014116532193
64,additive,qmask_6d08de407943319e,11101101,2.9003678338740793
64,additive,qmask_a4b7b621b0c57baf,10111100,2.2055369485820426
64,additive,qmask_2def687a70c0189d,11100100,2.4532373730473074
64,additive,qmask_cdd694ec938105ff,00011011,0.73997800923196455
64,additive,qmask_e907033eeed311b5,00101010,0.73778637711121098
64,additive,qmask_514b410bbe7f097e,11010111,2.5995408289710973
64,additive,qmask_abc2c93f2a9da9d0,11100111,2.694952855527661
64,additive,qmask_8630d2328962fa10,00111000,0.91468592917286584
64,additive,qmask_168ecc77c6d9bec7,00100011,0.48586323363907424
64,additive,qmask_bdc01c419cf655bf,01100001,1.2599900123154479
64,additive,qmask_7c7f09c2f082e17d,01111000,1.8329245316522755
64,additive,qmask_8a4fe6aab0927861,11110001,2.6371973559919395
64,additive,qmask_2678a15f3a1887ca,10110001,1.7189587535125299
64,additive,qmask_9ef84ec72720c5bb,00100111,0.72051828523645078
64,additive,qmask_239a2dd293cc8eaf,11000001,1.8997625777059937
64,additive,qmask_f9ff1c9f8ba69f2e,11100101,2.5508410317246248
64,additive,qmask_05031e6a7405856b,00111110,1.2934528045732785
64,additive,qmask_cb0a7c3a10da33f2,11001100,2.3863407727755073
64,additive,qmask_427363983d4a675f,11011110,2.8514639724432342
64,additive,qmask_55cbf5fefb67a9c9,10010100,1.4395867440113341
64,additive,qmask_b02b2d5954d58371,01011000,1.4165011292310208
64,additive,qmask_8a9d405ad1968a90,11001000,2.1516857211781302
64,additive,qmask_bcbb878aab0fd0e6,10010101,1.5371904026886516
64,additive,qmask_68ff8f889255b0e9,00001111,0.65362168496465023
64,additive,qmask_96b494b452b77f8e,01110100,1.718052781100198
64,additive,qmask_a6bb6d75ba01c741,11010000,2.1231702948933675
64,additive,qmask_ddede699aac8de6a,11111010,3.0332323232671121
64,additive,qmask_39ecce4dbde1e7f4,11001001,2.2492893798554476
64,additive,qmask_83013e5a4235b8ec,00010111,0.62510625867988701
64,additive,qmask_7f50455f5507bafe,10010011,1.446647174894311
64,additive,qmask_14432725d56e8049,10011100,1.7891135461607883
64,additive,qmask_527883050feb9009,11001011,2.3934012036584837
64,additive,qmask_323b67f1b27b5893,11111100,3.1237755510614527
64,additive,qmask_9a86a5949df1b42b,01001100,1.3301448049637066
64,additive,qmask_693dc55993aa4fa9,11001111,2.6280562552558604
64,additive,qmask_84e1013c62ab0342,10110111,2.0977256289129422
64,additive,qmask_bde177d3edcb1ae0,00110110,0.9439260024238243
64,additive,qmask_92fdf63f6fed474e,00011001,0.59586618542892855
64,additive,qmask_95b0a9234a9eee46,10101110,2.0286373965203879
64,additive,qmask_282cb65c9e54d1f9,01101110,1.8906800311879972
64,additive,qmask_849e90ce5ffd4bc1,00111010,1.0587977529759018
64,additive,qmask_a9284c314595341d,11001010,2.2957975449811663
64,additive,qmask_c7c095a611af1783,00101100,0.82832960490555152
64,additive,qmask_9df5cd7b1d191d30,00001110,0.55601802628733288
64,additive,qmask_58970516f324daa1,11011000,2.4726970970428215
64,additive,qmask_5a3f155888c60ff4,10001001,1.3310507773760383
64,additive,qmask_d350d740bff94567,00010011,0.39045120708251052
64,additive,qmask_8a58e1cfc4f87182,11010001,2.220773953570685
64,additive,qmask_3745eec79815ddf1,10011011,1.796173977043765
64,additive,qmask_d79394fce5af8530,11011111,2.9490676311205517
64,additive,qmask_f820e84b827bfd6b,10101101,1.9821292313946695
64,additive,qmask_fa363a52954060a1,10110110,2.0001219702356248
64,additive,qmask_3b86e07f9bac3525,10001010,1.3775589425017567
64,additive,qmask_494f47beb25cae41,11111001,2.9867241581413935
64,additive,qmask_e003b3ec0121953b,11011001,2.5703007557201389
64,additive,qmask_ba4de66f5ec66b86,01010110,1.4457412024819793
64,additive,qmask_5febbac13cd7abee,00010110,0.52750260000256965
64,additive,qmask_75e6dad44fc41222,01100100,1.3970414052355071
64,additive,qmask_e8f30cbb6e37ce0d,10101011,1.8915860036003289
64,additive,qmask_ed854a1bc1c21a23,01111011,2.0746400141326289
64,additive,qmask_07e4d5ad11974b66,01010100,1.3016293786789435
64,additive,qmask_47a8b0e6e63f5071,10111110,2.3496487723850787
64,additive,qmask_e7b741d3e896dac1,01101010,1.6560249795906206
64,additive,qmask_ecc5bb9003043fc6,10000101,1.2161790268239607
64,additive,qmask_b0e252c8a061a875,00110011,0.80687460950376511
64,additive,qmask_884363745844cf9e,10110011,1.8630705773155656
64,additive,qmask_0cd7ddfc8c2186ca,00110100,0.7998141786207883
64,additive,qmask_424f9867dfadb061,10110000,1.6213550948352125
64,additive,qmask_ddc0ed6fecc12d09,11011011,2.7144125795231746
64,additive,qmask_bad2b6dedfcd4ce3,11010101,2.4554290051680612
64,additive,qmask_1d6d1ddc1980f1fe,10111000,1.9708818969846664
64,additive,qmask_fe9b859e1804ec08,00011010,0.6423743505546472
64,additive,qmask_17b31d3e8666d651,01011101,1.7487598395057149
64,additive,qmask_d49846da5aa54e5e,01001011,1.3372052358466833
64,additive,qmask_330533bb35dfe50c,10001011,1.4751626011790742
64,additive,qmask_8ec53a11acfe0f00,11110110,2.9183605727150344
64,additive,qmask_cbd8bcbf0db11c8c,00110010,0.70927095082644775
64,additive,qmask_85812c22f52f55f2,10101111,2.1262410551977053
64,additive,qmask_81b5d6cd2a60bf37,11110101,2.8718524075893161
64,additive,qmask_7496171506cc1757,10011111,2.0308290286411417
64,additive,qmask_d474d772a2156911,10111001,2.0684855556619839
64,additive,qmask_e217ee83fae37141,11110010,2.6837055211176581
64,additive,qmask_7c849c67ebb1b4f9,10111111,2.4472524310623962
64,additive,qmask_8fc54aeb91caafc9,00111101,1.2469446394475598
64,additive,qmask_b996be105c0f3dda,10100110,1.6791105943709339
64,additive,qmask_31a763e8bc0202e0,00101110,0.97244142870858741
64,additive,qmask_4f926e356a625a67,01111100,2.0675795832496524
64,additive,qmask_c76e2148877c5063,11010110,2.5019371702937798
64,additive,qmask_af6d0dc69e3d9a78,00011110,0.87702940215202374
64,additive,qmask_ece46f8d3d79b53f,00011111,0.97463306082934109
64,additive,qmask_6227c96ae46c75f8,01111001,1.930528190329593
64,additive,qmask_90dd78ad11f097b3,11110100,2.7742487489119987
64,additive,qmask_f61f977e6689b2ed,10001111,1.7098176527764508
64,additive,qmask_cc0414ee182789c1,01111111,2.3092950657300055
64,additive,qmask_9f2a7299208a9ed1,01100111,1.6387568877158605
64,additive,qmask_30f1d2fade2e7178,01001010,1.2396015771693658
64,additive,qmask_afbe22c87ad11ae4,10101100,1.884525572717352
64,additive,qmask_ac55e1313a50fb45,01101101,1.8441718660622786
64,additive,qmask_06e53efa12c0c89c,01010011,1.3086898095619202
64,additive,qmask_fe024629e8134fa2,11110111,3.0159642313923518
64,additive,qmask_b52a639547d6a0e9,10000111,1.3602908506269966
64,additive,qmask_5106913f39c2ea0e,01100101,1.4946450639128246
64,additive,qmask_58d4e1dd95e5c5b0,00111111,1.391056463250596
64,additive,qmask_e28959d82dee3e38,10001110,1.6122139940991334
64,additive,qmask_d3a70a2b122bfec6,10110100,1.8560101464325889
64,quadratic,qmask_9cf9f1f53520f88b,01111010,1.9543292973319544
64,quadratic,qmask_af3070b33fa6727a,01000111,1.1295961623825506
64,quadratic,qmask_649dfffca1027d37,11101111,3.1153364477170427
64,quadratic,qmask_d9d8505932b1a835,11000100,2.1570456119877464
64,quadratic,qmask_22c3d94ed895c2d5,10010110,1.3867450362659834
64,quadratic,qmask_03e03e6bad3167c1,00110101,0.81717438357206995
64,quadratic,qmask_88b9054a02247dd1,11000010,2.0635874958973637
64,quadratic,qmask_581f449a19375ab8,00011100,0.76277582967415591
64,quadratic,qmask_56332775d253c008,10100101,1.4078155278535225
64,quadratic,qmask_d7d102c2537b80f1,11100110,2.603028771077657
64,quadratic,qmask_87bb9cc60085dcff,11011101,3.1138518746165804
64,quadratic,qmask_6d873abcf3a8f6b9,01001001,1.1534470021631531
64,quadratic,qmask_04e99e00df510b89,10100010,1.2300117057584148
64,quadratic,qmask_7c330068eacbeec8,01111110,2.1540183943347913
64,quadratic,qmask_a3ac1f42a70defe3,10110101,1.6763497418428714
64,quadratic,qmask_4dc7fd92c7b096a2,11101001,2.7794292565292391
64,quadratic,qmask_9a6bcdbfd54eac0e,10101001,1.506104372645567
64,quadratic,qmask_87c7efb1f0502cb1,01001101,1.3353284176413212
64,quadratic,qmask_4cc030241e0f1e44,01100010,1.1832432871521588
64,quadratic,qmask_ecfec3b493d7256a,01100110,1.3691972890646888
64,quadratic,qmask_aa927932235c699d,11011100,2.9917400178124982
64,quadratic,qmask_fac74048988e3cbb,01010001,1.1493817951377163
64,quadratic,qmask_95e119f889d86d43,00111011,1.1297590165956279
64,quadratic,qmask_6d08de407943319e,11101101,2.9792305927938356
64,quadratic,qmask_a4b7b621b0c57baf,10111100,1.9630621055721353
64,quadratic,qmask_2def687a70c0189d,11100100,2.4809206190343867
64,quadratic,qmask_cdd694ec938105ff,00011011,0.7799889536742205
64,quadratic,qmask_e907033eeed311b5,00101010,0.67995403021916889
64,quadratic,qmask_514b410bbe7f097e,11010111,2.7894186239906338
64,quadratic,qmask_abc2c93f2a9da9d0,11100111,2.7567601045112951
64,quadratic,qmask_8630d2328962fa10,00111000,0.94988122964018773
64,quadratic,qmask_168ecc77c6d9bec7,00100011,0.52846118955788568
64,quadratic,qmask_bdc01c419cf655bf,01100001,1.2010195278346341
64,quadratic,qmask_7c7f09c2f082e17d,01111000,1.8224198235687854
64,quadratic,qmask_8a4fe6aab0927861,11110001,2.7649346685132725
64,quadratic,qmask_2678a15f3a1887ca,10110001,1.51450919034985
64,quadratic,qmask_9ef84ec72720c5bb,00100111,0.67668179766752368
64,quadratic,qmask_239a2dd293cc8eaf,11000001,2.1036090077182026
64,quadratic,qmask_f9ff1c9f8ba69f2e,11100101,2.6293831859345067
64,quadratic,qmask_05031e6a7405856b,00111110,1.2315419378455252
64,quadratic,qmask_cb0a7c3a10da33f2,11001100,2.5277605031417107
64,quadratic,qmask_427363983d4a675f,11011110,3.143813718290871
64,quadratic,qmask_55cbf5fefb67a9c9,10010100,1.259187373924709
64,quadratic,qmask_b02b2d5954d58371,01011000,1.4848405325985743
64,quadratic,qmask_8a9d405ad1968a90,11001000,2.3189852337722865
64,quadratic,qmask_bcbb878aab0fd0e6,10010101,1.3504269221104883
64,quadratic,qmask_68ff8f889255b0e9,00001111,0.55938240381554849
64,quadratic,qmask_96b494b452b77f8e,01110100,1.5744718883464375
64,quadratic,qmask_a6bb6d75ba01c741,11010000,2.3051481432182293
64,quadratic,qmask_ddede699aac8de6a,11111010,3.2240773024329359
64,quadratic,qmask_39ecce4dbde1e7f4,11001001,2.4569714913912071
64,quadratic,qmask_83013e5a4235b8ec,00010111,0.58782399954188458
64,quadratic,qmask_7f50455f5507bafe,10010011,1.3013676864010049
64,quadratic,qmask_14432725d56e8049,10011100,1.6549060165784635
64,quadratic,qmask_527883050feb9009,11001011,2.5775137880042389
64,quadratic,qmask_323b67f1b27b5893,11111100,3.2940941745249082
64,quadratic,qmask_9a86a5949df1b42b,01001100,1.2341595722686289
64,quadratic,qmask_693dc55993aa4fa9,11001111,2.7973602373600905
64,quadratic,qmask_84e1013c62ab0342,10110111,1.810085916008509
64,quadratic,qmask_bde177d3edcb1ae0,00110110,0.87573776886592869
64,quadratic,qmask_92fdf63f6fed474e,00011001,0.65950756045905723
64,quadratic,qmask_95b0a9234a9eee46,10101110,1.6863743723273932
64,quadratic,qmask_282cb65c9e54d1f9,01101110,1.6999977065444951
64,quadratic,qmask_849e90ce5ffd4bc1,00111010,1.0660036016126777
64,quadratic,qmask_a9284c314595341d,11001010,2.4342587638518003
64,quadratic,qmask_c7c095a611af1783,00101100,0.73190000329536409
64,quadratic,qmask_9df5cd7b1d191d30,00001110,0.49239694846265392
64,quadratic,qmask_58970516f324daa1,11011000,2.7780022128987145
64,quadratic,qmask_5a3f155888c60ff4,10001001,1.177844675226273
64,quadratic,qmask_d350d740bff94567,00010011,0.42924955581596175
64,quadratic,qmask_8a58e1cfc4f87182,11010001,2.4394224809902272
64,quadratic,qmask_3745eec79815ddf1,10011011,1.6884628579202183
64,quadratic,qmask_d79394fce5af8530,11011111,3.2711943416284703
64,quadratic,qmask_f820e84b827bfd6b,10101101,1.6717549481401741
64,quadratic,qmask_fa363a52954060a1,10110110,1.7080985069101224
64,quadratic,qmask_3b86e07f9bac3525,10001010,1.1787970024495027
64,quadratic,qmask_494f47beb25cae41,11111001,3.2169212538991219
64,quadratic,qmask_e003b3ec0121953b,11011001,2.9036967027356986
64,quadratic,qmask_ba4de66f5ec66b86,01010110,1.3669208662337642
64,quadratic,qmask_5febbac13cd7abee,00010110,0.52455046403591277
64,quadratic,qmask_75e6dad44fc41222,01100100,1.2535092960081367
64,quadratic,qmask_e8f30cbb6e37ce0d,10101011,1.6117693127587647
64,quadratic,qmask_ed854a1bc1c21a23,01111011,2.0575368688682203
64,quadratic,qmask_07e4d5ad11974b66,01010100,1.2299962610885287
64,quadratic,qmask_47a8b0e6e63f5071,10111110,2.1002584495506738
64,quadratic,qmask_e7b741d3e896dac1,01101010,1.5052711450860186
64,quadratic,qmask_ecc5bb9003043fc6,10000101,1.0726594941465308
64,quadratic,qmask_b0e252c8a061a875,00110011,0.79130725509699118
64,quadratic,qmask_884363745844cf9e,10110011,1.6335915514961574
64,quadratic,qmask_0cd7ddfc8c2186ca,00110100,0.75369052022052729
64,quadratic,qmask_424f9867dfadb061,10110000,1.414207914752079
64,quadratic,qmask_ddc0ed6fecc12d09,11011011,3.0463853567282588
64,quadratic,qmask_bad2b6dedfcd4ce3,11010101,2.6408050933251621
64,quadratic,qmask_1d6d1ddc1980f1fe,10111000,1.7888663615002649
64,quadratic,qmask_fe9b859e1804ec08,00011010,0.72171263307035927
64,quadratic,qmask_17b31d3e8666d651,01011101,1.7641441942447611
64,quadratic,qmask_d49846da5aa54e5e,01001011,1.2675691397894673
64,quadratic,qmask_330533bb35dfe50c,10001011,1.2825998700486259
64,quadratic,qmask_8ec53a11acfe0f00,11110110,2.9690096910808972
64,quadratic,qmask_cbd8bcbf0db11c8c,00110010,0.71897199217902763
64,quadratic,qmask_85812c22f52f55f2,10101111,1.7920737012727024
64,quadratic,qmask_81b5d6cd2a60bf37,11110101,2.9609259807762829
64,quadratic,qmask_7496171506cc1757,10011111,1.8791210820504409
64,quadratic,qmask_d474d772a2156911,10111001,1.8805877891630227
64,quadratic,qmask_e217ee83fae37141,11110010,2.7547819327656535
64,quadratic,qmask_7c849c67ebb1b4f9,10111111,2.1936660107140464
64,quadratic,qmask_8fc54aeb91caafc9,00111101,1.1556697682702342
64,quadratic,qmask_b996be105c0f3dda,10100110,1.4051261677593088
64,quadratic,qmask_31a763e8bc0202e0,00101110,0.84052983090765609
64,quadratic,qmask_4f926e356a625a67,01111100,2.0074551075522917
64,quadratic,qmask_c76e2148877c5063,11010110,2.6534581527180205
64,quadratic,qmask_af6d0dc69e3d9a78,00011110,0.89264226937513125
64,quadratic,qmask_ece46f8d3d79b53f,00011111,0.94733595694608974
64,quadratic,qmask_6227c96ae46c75f8,01111001,1.9203586285715333
64,quadratic,qmask_90dd78ad11f097b3,11110100,2.8247551816580989
64,quadratic,qmask_f61f977e6689b2ed,10001111,1.4682955586344881
64,quadratic,qmask_cc0414ee182789c1,01111111,2.2536433328381542
64,quadratic,qmask_9f2a7299208a9ed1,01100111,1.4896938432850015
64,quadratic,qmask_30f1d2fade2e7178,01001010,1.1575488948503541
64,quadratic,qmask_afbe22c87ad11ae4,10101100,1.571324385728383
64,quadratic,qmask_ac55e1313a50fb45,01101101,1.6822287168933052
64,quadratic,qmask_06e53efa12c0c89c,01010011,1.2769213537971398
64,quadratic,qmask_fe024629e8134fa2,11110111,3.1104492567325996
64,quadratic,qmask_b52a639547d6a0e9,10000111,1.1833395656417955
64,quadratic,qmask_5106913f39c2ea0e,01100101,1.3687370836949311
64,quadratic,qmask_58d4e1dd95e5c5b0,00111111,1.2917147197955725
64,quadratic,qmask_e28959d82dee3e38,10001110,1.3680753240682679
64,quadratic,qmask_d3a70a2b122bfec6,10110100,1.5796310992780029
128,no_effect,qmask_9cf9f1f53520f88b,01111010,0
128,no_effect,qmask_af3070b33fa6727a,01000111,0
128,no_effect,qmask_649dfffca1027d37,11101111,0
128,no_effect,qmask_d9d8505932b1a835,11000100,0
128,no_effect,qmask_22c3d94ed895c2d5,10010110,0
128,no_effect,qmask_03e03e6bad3167c1,00110101,0
128,no_effect,qmask_88b9054a02247dd1,11000010,0
128,no_effect,qmask_581f449a19375ab8,00011100,0
128,no_effect,qmask_56332775d253c008,10100101,0
128,no_effect,qmask_d7d102c2537b80f1,11100110,0
128,no_effect,qmask_87bb9cc60085dcff,11011101,0
128,no_effect,qmask_6d873abcf3a8f6b9,01001001,0
128,no_effect,qmask_04e99e00df510b89,10100010,0
128,no_effect,qmask_7c330068eacbeec8,01111110,0
128,no_effect,qmask_a3ac1f42a70defe3,10110101,0
128,no_effect,qmask_4dc7fd92c7b096a2,11101001,0
128,no_effect,qmask_9a6bcdbfd54eac0e,10101001,0
128,no_effect,qmask_87c7efb1f0502cb1,01001101,0
128,no_effect,qmask_4cc030241e0f1e44,01100010,0
128,no_effect,qmask_ecfec3b493d7256a,01100110,0
128,no_effect,qmask_aa927932235c699d,11011100,0
128,no_effect,qmask_fac74048988e3cbb,01010001,0
128,no_effect,qmask_95e119f889d86d43,00111011,0
128,no_effect,qmask_6d08de407943319e,11101101,0
128,no_effect,qmask_a4b7b621b0c57baf,10111100,0
128,no_effect,qmask_2def687a70c0189d,11100100,0
128,no_effect,qmask_cdd694ec938105ff,00011011,0
128,no_effect,qmask_e907033eeed311b5,00101010,0
128,no_effect,qmask_514b410bbe7f097e,11010111,0
128,no_effect,qmask_abc2c93f2a9da9d0,11100111,0
128,no_effect,qmask_8630d2328962fa10,00111000,0
128,no_effect,qmask_168ecc77c6d9bec7,00100011,0
128,no_effect,qmask_bdc01c419cf655bf,01100001,0
128,no_effect,qmask_7c7f09c2f082e17d,01111000,0
128,no_effect,qmask_8a4fe6aab0927861,11110001,0
128,no_effect,qmask_2678a15f3a1887ca,10110001,0
128,no_effect,qmask_9ef84ec72720c5bb,00100111,0
128,no_effect,qmask_239a2dd293cc8eaf,11000001,0
128,no_effect,qmask_f9ff1c9f8ba69f2e,11100101,0
128,no_effect,qmask_05031e6a7405856b,00111110,0
128,no_effect,qmask_cb0a7c3a10da33f2,11001100,0
128,no_effect,qmask_427363983d4a675f,11011110,0
128,no_effect,qmask_55cbf5fefb67a9c9,10010100,0
128,no_effect,qmask_b02b2d5954d58371,01011000,0
128,no_effect,qmask_8a9d405ad1968a90,11001000,0
128,no_effect,qmask_bcbb878aab0fd0e6,10010101,0
128,no_effect,qmask_68ff8f889255b0e9,00001111,0
128,no_effect,qmask_96b494b452b77f8e,01110100,0
128,no_effect,qmask_a6bb6d75ba01c741,11010000,0
128,no_effect,qmask_ddede699aac8de6a,11111010,0
128,no_effect,qmask_39ecce4dbde1e7f4,11001001,0
128,no_effect,qmask_83013e5a4235b8ec,00010111,0
128,no_effect,qmask_7f50455f5507bafe,10010011,0
128,no_effect,qmask_14432725d56e8049,10011100,0
128,no_effect,qmask_527883050feb9009,11001011,0
128,no_effect,qmask_323b67f1b27b5893,11111100,0
128,no_effect,qmask_9a86a5949df1b42b,01001100,0
128,no_effect,qmask_693dc55993aa4fa9,11001111,0
128,no_effect,qmask_84e1013c62ab0342,10110111,0
128,no_effect,qmask_bde177d3edcb1ae0,00110110,0
128,no_effect,qmask_92fdf63f6fed474e,00011001,0
128,no_effect,qmask_95b0a9234a9eee46,10101110,0
128,no_effect,qmask_282cb65c9e54d1f9,01101110,0
128,no_effect,qmask_849e90ce5ffd4bc1,00111010,0
128,no_effect,qmask_a9284c314595341d,11001010,0
128,no_effect,qmask_c7c095a611af1783,00101100,0
128,no_effect,qmask_9df5cd7b1d191d30,00001110,0
128,no_effect,qmask_58970516f324daa1,11011000,0
128,no_effect,qmask_5a3f155888c60ff4,10001001,0
128,no_effect,qmask_d350d740bff94567,00010011,0
128,no_effect,qmask_8a58e1cfc4f87182,11010001,0
128,no_effect,qmask_3745eec79815ddf1,10011011,0
128,no_effect,qmask_d79394fce5af8530,11011111,0
128,no_effect,qmask_f820e84b827bfd6b,10101101,0
128,no_effect,qmask_fa363a52954060a1,10110110,0
128,no_effect,qmask_3b86e07f9bac3525,10001010,0
128,no_effect,qmask_494f47beb25cae41,11111001,0
128,no_effect,qmask_e003b3ec0121953b,11011001,0
128,no_effect,qmask_ba4de66f5ec66b86,01010110,0
128,no_effect,qmask_5febbac13cd7abee,00010110,0
128,no_effect,qmask_75e6dad44fc41222,01100100,0
128,no_effect,qmask_e8f30cbb6e37ce0d,10101011,0
128,no_effect,qmask_ed854a1bc1c21a23,01111011,0
128,no_effect,qmask_07e4d5ad11974b66,01010100,0
128,no_effect,qmask_47a8b0e6e63f5071,10111110,0
128,no_effect,qmask_e7b741d3e896dac1,01101010,0
128,no_effect,qmask_ecc5bb9003043fc6,10000101,0
128,no_effect,qmask_b0e252c8a061a875,00110011,0
128,no_effect,qmask_884363745844cf9e,10110011,0
128,no_effect,qmask_0cd7ddfc8c2186ca,00110100,0
128,no_effect,qmask_424f9867dfadb061,10110000,0
128,no_effect,qmask_ddc0ed6fecc12d09,11011011,0
128,no_effect,qmask_bad2b6dedfcd4ce3,11010101,0
128,no_effect,qmask_1d6d1ddc1980f1fe,10111000,0
128,no_effect,qmask_fe9b859e1804ec08,00011010,0
128,no_effect,qmask_17b31d3e8666d651,01011101,0
128,no_effect,qmask_d49846da5aa54e5e,01001011,0
128,no_effect,qmask_330533bb35dfe50c,10001011,0
128,no_effect,qmask_8ec53a11acfe0f00,11110110,0
128,no_effect,qmask_cbd8bcbf0db11c8c,00110010,0
128,no_effect,qmask_85812c22f52f55f2,10101111,0
128,no_effect,qmask_81b5d6cd2a60bf37,11110101,0
128,no_effect,qmask_7496171506cc1757,10011111,0
128,no_effect,qmask_d474d772a2156911,10111001,0
128,no_effect,qmask_e217ee83fae37141,11110010,0
128,no_effect,qmask_7c849c67ebb1b4f9,10111111,0
128,no_effect,qmask_8fc54aeb91caafc9,00111101,0
128,no_effect,qmask_b996be105c0f3dda,10100110,0
128,no_effect,qmask_31a763e8bc0202e0,00101110,0
128,no_effect,qmask_4f926e356a625a67,01111100,0
128,no_effect,qmask_c76e2148877c5063,11010110,0
128,no_effect,qmask_af6d0dc69e3d9a78,00011110,0
128,no_effect,qmask_ece46f8d3d79b53f,00011111,0
128,no_effect,qmask_6227c96ae46c75f8,01111001,0
128,no_effect,qmask_90dd78ad11f097b3,11110100,0
128,no_effect,qmask_f61f977e6689b2ed,10001111,0
128,no_effect,qmask_cc0414ee182789c1,01111111,0
128,no_effect,qmask_9f2a7299208a9ed1,01100111,0
128,no_effect,qmask_30f1d2fade2e7178,01001010,0
128,no_effect,qmask_afbe22c87ad11ae4,10101100,0
128,no_effect,qmask_ac55e1313a50fb45,01101101,0
128,no_effect,qmask_06e53efa12c0c89c,01010011,0
128,no_effect,qmask_fe024629e8134fa2,11110111,0
128,no_effect,qmask_b52a639547d6a0e9,10000111,0
128,no_effect,qmask_5106913f39c2ea0e,01100101,0
128,no_effect,qmask_58d4e1dd95e5c5b0,00111111,0
128,no_effect,qmask_e28959d82dee3e38,10001110,0
128,no_effect,qmask_d3a70a2b122bfec6,10110100,0
128,additive,qmask_9cf9f1f53520f88b,01111010,1.9874089331191862
128,additive,qmask_af3070b33fa6727a,01000111,1.2371545555937811
128,additive,qmask_649dfffca1027d37,11101111,2.9657487086949836
128,additive,qmask_d9d8505932b1a835,11000100,2.0455348322369042
128,additive,qmask_22c3d94ed895c2d5,10010110,1.5240587113664437
128,additive,qmask_03e03e6bad3167c1,00110101,0.80888785488768877
128,additive,qmask_88b9054a02247dd1,11000010,1.9930093674987215
128,additive,qmask_581f449a19375ab8,00011100,0.70130636228148413
128,additive,qmask_56332775d253c008,10100101,1.5096836350659955
128,additive,qmask_d7d102c2537b80f1,11100110,2.530083719818204
128,additive,qmask_87bb9cc60085dcff,11011101,2.8138028482378079
128,additive,qmask_6d873abcf3a8f6b9,01001001,1.2648290599340926
128,additive,qmask_04e99e00df510b89,10100010,1.3625861288074821
128,additive,qmask_7c330068eacbeec8,01111110,2.1703808869963463
128,additive,qmask_a3ac1f42a70defe3,10110101,1.8422866621901197
128,additive,qmask_4dc7fd92c7b096a2,11101001,2.6523302656788461
128,additive,qmask_9a6bcdbfd54eac0e,10101001,1.6678046285452843
128,additive,qmask_87c7efb1f0502cb1,01001101,1.4478010138112525
128,additive,qmask_4cc030241e0f1e44,01100010,1.3137129586386131
128,additive,qmask_ecfec3b493d7256a,01100110,1.4966849125157733
128,additive,qmask_aa927932235c699d,11011100,2.7192308067174773
128,additive,qmask_fac74048988e3cbb,01010001,1.256339139701768
128,additive,qmask_95e119f889d86d43,00111011,1.0974553375059548
128,additive,qmask_6d08de407943319e,11101101,2.8353022195560063
128,additive,qmask_a4b7b621b0c57baf,10111100,2.0888075680262377
128,additive,qmask_2def687a70c0189d,11100100,2.3996372306792271
128,additive,qmask_cdd694ec938105ff,00011011,0.74335293906363209
128,additive,qmask_e907033eeed311b5,00101010,0.67028026886149994
128,additive,qmask_514b410bbe7f097e,11010111,2.6031563900203363
128,additive,qmask_abc2c93f2a9da9d0,11100111,2.6246557613385346
128,additive,qmask_8630d2328962fa10,00111000,0.87243680684664704
128,additive,qmask_168ecc77c6d9bec7,00100011,0.42375936302538181
128,additive,qmask_bdc01c419cf655bf,01100001,1.2778385110199666
128,additive,qmask_7c7f09c2f082e17d,01111000,1.856962443980209
128,additive,qmask_8a4fe6aab0927861,11110001,2.643840345446522
128,additive,qmask_2678a15f3a1887ca,10110001,1.6593147083129598
128,additive,qmask_9ef84ec72720c5bb,00100111,0.60673131690254178
128,additive,qmask_239a2dd293cc8eaf,11000001,1.9571349198800747
128,additive,qmask_f9ff1c9f8ba69f2e,11100101,2.4942092721995577
128,additive,qmask_05031e6a7405856b,00111110,1.1858552498627843
128,additive,qmask_cb0a7c3a10da33f2,11001100,2.3866277795933528
128,additive,qmask_427363983d4a675f,11011110,2.8496772958564547
128,additive,qmask_55cbf5fefb67a9c9,10010100,1.3936122222274663
128,additive,qmask_b02b2d5954d58371,01011000,1.5028600455378862
128,additive,qmask_8a9d405ad1968a90,11001000,2.2036558257161927
128,additive,qmask_bcbb878aab0fd0e6,10010101,1.4881842637477969
128,additive,qmask_68ff8f889255b0e9,00001111,0.59372186581666775
128,additive,qmask_96b494b452b77f8e,01110100,1.6988414505009202
128,additive,qmask_a6bb6d75ba01c741,11010000,2.1951659054838686
128,additive,qmask_ddede699aac8de6a,11111010,3.0208077404216174
128,additive,qmask_39ecce4dbde1e7f4,11001001,2.2982278672365233
128,additive,qmask_83013e5a4235b8ec,00010111,0.58523194558434322
128,additive,qmask_7f50455f5507bafe,10010011,1.4356587990096144
128,additive,qmask_14432725d56e8049,10011100,1.7347051695839151
128,additive,qmask_527883050feb9009,11001011,2.4286743563755007
128,additive,qmask_323b67f1b27b5893,11111100,3.0733332051598001
128,additive,qmask_9a86a5949df1b42b,01001100,1.3532289722909219
128,additive,qmask_693dc55993aa4fa9,11001111,2.6116463102526608
128,additive,qmask_84e1013c62ab0342,10110111,1.9727331513290969
128,additive,qmask_bde177d3edcb1ae0,00110110,0.84476230250633544
128,additive,qmask_92fdf63f6fed474e,00011001,0.61290644992465482
128,additive,qmask_95b0a9234a9eee46,10101110,1.886651030041091
128,additive,qmask_282cb65c9e54d1f9,01101110,1.8377778598722219
128,additive,qmask_849e90ce5ffd4bc1,00111010,1.0028832959856242
128,additive,qmask_a9284c314595341d,11001010,2.3341023148551701
128,additive,qmask_c7c095a611af1783,00101100,0.7228057335996827
128,additive,qmask_9df5cd7b1d191d30,00001110,0.49914982429633714
128,additive,qmask_58970516f324daa1,11011000,2.5362588528403172
128,additive,qmask_5a3f155888c60ff4,10001001,1.3137022301029615
128,additive,qmask_d350d740bff94567,00010011,0.4022599917071833
128,additive,qmask_8a58e1cfc4f87182,11010001,2.2897379470041992
128,additive,qmask_3745eec79815ddf1,10011011,1.7767517463660631
128,additive,qmask_d79394fce5af8530,11011111,2.9442493373767853
128,additive,qmask_f820e84b827bfd6b,10101101,1.8507765824224442
128,additive,qmask_fa363a52954060a1,10110110,1.8781611098087663
128,additive,qmask_3b86e07f9bac3525,10001010,1.3495766777216083
128,additive,qmask_494f47beb25cae41,11111001,2.9849332928029706
128,additive,qmask_e003b3ec0121953b,11011001,2.6308308943606478
128,additive,qmask_ba4de66f5ec66b86,01010110,1.4751855411975747
128,additive,qmask_5febbac13cd7abee,00010110,0.49065990406401261
128,additive,qmask_75e6dad44fc41222,01100100,1.3662384233767959
128,additive,qmask_e8f30cbb6e37ce0d,10101011,1.7982511176842617
128,additive,qmask_ed854a1bc1c21a23,01111011,2.0819809746395168
128,additive,qmask_07e4d5ad11974b66,01010100,1.3447390520585973
128,additive,qmask_47a8b0e6e63f5071,10111110,2.2192540571652151
128,additive,qmask_e7b741d3e896dac1,01101010,1.6548059059950622
128,additive,qmask_ecc5bb9003043fc6,10000101,1.1555812366236726
128,additive,qmask_b0e252c8a061a875,00110011,0.75636239014950613
128,additive,qmask_884363745844cf9e,10110011,1.789761197451937
128,additive,qmask_0cd7ddfc8c2186ca,00110100,0.71431581336735817
128,additive,qmask_424f9867dfadb061,10110000,1.5647426667926292
128,additive,qmask_ddc0ed6fecc12d09,11011011,2.7612773834996251
128,additive,qmask_bad2b6dedfcd4ce3,11010101,2.4727099008813589
128,additive,qmask_1d6d1ddc1980f1fe,10111000,1.905835614149078
128,additive,qmask_fe9b859e1804ec08,00011010,0.64878089754330148
128,additive,qmask_17b31d3e8666d651,01011101,1.7804040409353767
128,additive,qmask_d49846da5aa54e5e,01001011,1.3952755490730699
128,additive,qmask_330533bb35dfe50c,10001011,1.4441487192419389
128,additive,qmask_8ec53a11acfe0f00,11110110,2.8626867469423285
128,additive,qmask_cbd8bcbf0db11c8c,00110010,0.66179034862917552
128,additive,qmask_85812c22f52f55f2,10101111,1.9812230715614216
128,additive,qmask_81b5d6cd2a60bf37,11110101,2.8268122993236817
128,additive,qmask_7496171506cc1757,10011111,1.9597237002432231
128,additive,qmask_d474d772a2156911,10111001,2.0004076556694086
128,additive,qmask_e217ee83fae37141,11110010,2.6797147930651684
128,additive,qmask_7c849c67ebb1b4f9,10111111,2.3138260986855457
128,additive,qmask_8fc54aeb91caafc9,00111101,1.1499808022441376
128,additive,qmask_b996be105c0f3dda,10100110,1.545558082684642
128,additive,qmask_31a763e8bc0202e0,00101110,0.85325222273865997
128,additive,qmask_4f926e356a625a67,01111100,2.039934397857369
128,additive,qmask_c76e2148877c5063,11010110,2.5085843485000057
128,additive,qmask_af6d0dc69e3d9a78,00011110,0.8317528514204614
128,additive,qmask_ece46f8d3d79b53f,00011111,0.92632489294079201
128,additive,qmask_6227c96ae46c75f8,01111001,1.9515344855005397
128,additive,qmask_90dd78ad11f097b3,11110100,2.7322402578033511
128,additive,qmask_f61f977e6689b2ed,10001111,1.6271206731190988
128,additive,qmask_cc0414ee182789c1,01111111,2.264952928516677
128,additive,qmask_9f2a7299208a9ed1,01100111,1.5912569540361039
128,additive,qmask_30f1d2fade2e7178,01001010,1.3007035075527393
128,additive,qmask_afbe22c87ad11ae4,10101100,1.7562045409021136
128,additive,qmask_ac55e1313a50fb45,01101101,1.8019034122535753
128,additive,qmask_06e53efa12c0c89c,01010011,1.3867856288407454
128,additive,qmask_fe024629e8134fa2,11110111,2.9572587884626591
128,additive,qmask_b52a639547d6a0e9,10000111,1.28602772576265
128,additive,qmask_5106913f39c2ea0e,01100101,1.4608104648971265
128,additive,qmask_58d4e1dd95e5c5b0,00111111,1.280427291383115
128,additive,qmask_e28959d82dee3e38,10001110,1.5325486315987682
128,additive,qmask_d3a70a2b122bfec6,10110100,1.7477146206697891
128,quadratic,qmask_9cf9f1f53520f88b,01111010,1.9756904477235453
128,quadratic,qmask_af3070b33fa6727a,01000111,1.1249193123799017
128,quadratic,qmask_649dfffca1027d37,11101111,3.1172596644093256
128,quadratic,qmask_d9d8505932b1a835,11000100,2.1657697015938391
128,quadratic,qmask_22c3d94ed895c2d5,10010110,1.3994639970140139
128,quadratic,qmask_03e03e6bad3167c1,00110101,0.82227350351669704
128,quadratic,qmask_88b9054a02247dd1,11000010,2.071133105070039
128,quadratic,qmask_581f449a19375ab8,00011100,0.75941257597410949
128,quadratic,qmask_56332775d253c008,10100101,1.4207792902120058
128,quadratic,qmask_d7d102c2537b80f1,11100110,2.593871592745677
128,quadratic,qmask_87bb9cc60085dcff,11011101,3.1351275973187733
128,quadratic,qmask_6d873abcf3a8f6b9,01001001,1.1593483168982417
128,quadratic,qmask_04e99e00df510b89,10100010,1.228122750789296
128,quadratic,qmask_7c330068eacbeec8,01111110,2.1674123820785427
128,quadratic,qmask_a3ac1f42a70defe3,10110101,1.6826807222020339
128,quadratic,qmask_4dc7fd92c7b096a2,11101001,2.7857715871290543
128,quadratic,qmask_9a6bcdbfd54eac0e,10101001,1.5111272557040765
128,quadratic,qmask_87c7efb1f0502cb1,01001101,1.3389538691447378
128,quadratic,qmask_4cc030241e0f1e44,01100010,1.1712394780485742
128,quadratic,qmask_ecfec3b493d7256a,01100110,1.3592486245800084
128,quadratic,qmask_aa927932235c699d,11011100,3.0234408777400912
128,quadratic,qmask_fac74048988e3cbb,01010001,1.1559175290600618
128,quadratic,qmask_95e119f889d86d43,00111011,1.1397881526865055
128,quadratic,qmask_6d08de407943319e,11101101,2.9849860584624546
128,quadratic,qmask_a4b7b621b0c57baf,10111100,1.9720922450701521
128,quadratic,qmask_2def687a70c0189d,11100100,2.4767491854451054
128,quadratic,qmask_cdd694ec938105ff,00011011,0.78388170955993475
128,quadratic,qmask_e907033eeed311b5,00101010,0.69143612907211394
128,quadratic,qmask_514b410bbe7f097e,11010111,2.8056196574506815
128,quadratic,qmask_abc2c93f2a9da9d0,11100111,2.7511647213375277
128,quadratic,qmask_8630d2328962fa10,00111000,0.95678340117330563
128,quadratic,qmask_168ecc77c6d9bec7,00100011,0.53431234580304121
128,quadratic,qmask_bdc01c419cf655bf,01100001,1.2033111277382524
128,quadratic,qmask_7c7f09c2f082e17d,01111000,1.8312737602017497
128,quadratic,qmask_8a4fe6aab0927861,11110001,2.7735012139797792
128,quadratic,qmask_2678a15f3a1887ca,10110001,1.5223520193330569
128,quadratic,qmask_9ef84ec72720c5bb,00100111,0.6847362360104251
128,quadratic,qmask_239a2dd293cc8eaf,11000001,2.1183215164337015
128,quadratic,qmask_f9ff1c9f8ba69f2e,11100101,2.6352956848870335
128,quadratic,qmask_05031e6a7405856b,00111110,1.2480858566082542
128,quadratic,qmask_cb0a7c3a10da33f2,11001100,2.5479260915667661
128,quadratic,qmask_427363983d4a675f,11011110,3.1886915926771744
128,quadratic,qmask_55cbf5fefb67a9c9,10010100,1.2632697847576269
128,quadratic,qmask_b02b2d5954d58371,01011000,1.504176128035202
128,quadratic,qmask_8a9d405ad1968a90,11001000,2.340337042691381
128,quadratic,qmask_bcbb878aab0fd0e6,10010101,1.3530922935593295
128,quadratic,qmask_68ff8f889255b0e9,00001111,0.5532515499984193
128,quadratic,qmask_96b494b452b77f8e,01110100,1.571580918873656
128,quadratic,qmask_a6bb6d75ba01c741,11010000,2.3274899876506243
128,quadratic,qmask_ddede699aac8de6a,11111010,3.2570511065174705
128,quadratic,qmask_39ecce4dbde1e7f4,11001001,2.477308082929139
128,quadratic,qmask_83013e5a4235b8ec,00010111,0.58012736163046574
128,quadratic,qmask_7f50455f5507bafe,10010011,1.3135475904120963
128,quadratic,qmask_14432725d56e8049,10011100,1.6660209911711301
128,quadratic,qmask_527883050feb9009,11001011,2.6002045724117933
128,quadratic,qmask_323b67f1b27b5893,11111100,3.3079109702426375
128,quadratic,qmask_9a86a5949df1b42b,01001100,1.2411651741621059
128,quadratic,qmask_693dc55993aa4fa9,11001111,2.813575885429759
128,quadratic,qmask_84e1013c62ab0342,10110111,1.8158153928634551
128,quadratic,qmask_bde177d3edcb1ae0,00110110,0.8837619686453656
128,quadratic,qmask_92fdf63f6fed474e,00011001,0.65156415532764766
128,quadratic,qmask_95b0a9234a9eee46,10101110,1.6982755726521508
128,quadratic,qmask_282cb65c9e54d1f9,01101110,1.7029776961023206
128,quadratic,qmask_849e90ce5ffd4bc1,00111010,1.0885481555107828
128,quadratic,qmask_a9284c314595341d,11001010,2.4644869030241132
128,quadratic,qmask_c7c095a611af1783,00101100,0.73943772970991672
128,quadratic,qmask_9df5cd7b1d191d30,00001110,0.49654309860510426
128,quadratic,qmask_58970516f324daa1,11011000,2.8173462025563731
128,quadratic,qmask_5a3f155888c60ff4,10001001,1.1810625901076857
128,quadratic,qmask_d350d740bff94567,00010011,0.4282242906392883
128,quadratic,qmask_8a58e1cfc4f87182,11010001,2.4625403922580902
128,quadratic,qmask_3745eec79815ddf1,10011011,1.7095335428444878
128,quadratic,qmask_d79394fce5af8530,11011111,3.2991249414057791
128,quadratic,qmask_f820e84b827bfd6b,10101101,1.6781574937799508
128,quadratic,qmask_fa363a52954060a1,10110110,1.7182324346033953
128,quadratic,qmask_3b86e07f9bac3525,10001010,1.19541634975758
128,quadratic,qmask_494f47beb25cae41,11111001,3.2308914124880217
128,quadratic,qmask_e003b3ec0121953b,11011001,2.9344339452015795
128,quadratic,qmask_ba4de66f5ec66b86,01010110,1.3739550627267321
128,quadratic,qmask_5febbac13cd7abee,00010110,0.52533954586744347
128,quadratic,qmask_75e6dad44fc41222,01100100,1.2499707867407315
128,quadratic,qmask_e8f30cbb6e37ce0d,10101011,1.6195656412575246
128,quadratic,qmask_ed854a1bc1c21a23,01111011,2.0667573176385066
128,quadratic,qmask_07e4d5ad11974b66,01010100,1.2329534867473215
128,quadratic,qmask_47a8b0e6e63f5071,10111110,2.1228848560780289
128,quadratic,qmask_e7b741d3e896dac1,01101010,1.5097613880556562
128,quadratic,qmask_ecc5bb9003043fc6,10000101,1.079184824655828
128,quadratic,qmask_b0e252c8a061a875,00110011,0.79863408820110615
128,quadratic,qmask_884363745844cf9e,10110011,1.6443034027853733
128,quadratic,qmask_0cd7ddfc8c2186ca,00110100,0.75721849659516138
128,quadratic,qmask_424f9867dfadb061,10110000,1.4181146671563947
128,quadratic,qmask_ddc0ed6fecc12d09,11011011,3.0872480020794804
128,quadratic,qmask_bad2b6dedfcd4ce3,11010101,2.658026882860054
128,quadratic,qmask_1d6d1ddc1980f1fe,10111000,1.8011553576194208
128,quadratic,qmask_fe9b859e1804ec08,00011010,0.74165553269264717
128,quadratic,qmask_17b31d3e8666d651,01011101,1.7655937270466353
128,quadratic,qmask_d49846da5aa54e5e,01001011,1.2744002369196012
128,quadratic,qmask_330533bb35dfe50c,10001011,1.2913071464060215
128,quadratic,qmask_8ec53a11acfe0f00,11110110,2.9743909229527237
128,quadratic,qmask_cbd8bcbf0db11c8c,00110010,0.7294314290631243
128,quadratic,qmask_85812c22f52f55f2,10101111,1.7977791665425031
128,quadratic,qmask_81b5d6cd2a60bf37,11110101,2.9660141501062824
128,quadratic,qmask_7496171506cc1757,10011111,1.8892262489132603
128,quadratic,qmask_d474d772a2156911,10111001,1.8874300478338235
128,quadratic,qmask_e217ee83fae37141,11110010,2.7652936765505913
128,quadratic,qmask_7c849c67ebb1b4f9,10111111,2.2025051523758297
128,quadratic,qmask_8fc54aeb91caafc9,00111101,1.1522301600209488
128,quadratic,qmask_b996be105c0f3dda,10100110,1.406530137625569
128,quadratic,qmask_31a763e8bc0202e0,00101110,0.85246820386125244
128,quadratic,qmask_4f926e356a625a67,01111100,2.0118124073476427
128,quadratic,qmask_c76e2148877c5063,11010110,2.6772236467598178
128,quadratic,qmask_af6d0dc69e3d9a78,00011110,0.90416678826557928
128,quadratic,qmask_ece46f8d3d79b53f,00011111,0.94099194206634251
128,quadratic,qmask_6227c96ae46c75f8,01111001,1.9235940009667889
128,quadratic,qmask_90dd78ad11f097b3,11110100,2.8273509482569059
128,quadratic,qmask_f61f977e6689b2ed,10001111,1.4724942261664609
128,quadratic,qmask_cc0414ee182789c1,01111111,2.25307822892698
128,quadratic,qmask_9f2a7299208a9ed1,01100111,1.4827604309832565
128,quadratic,qmask_30f1d2fade2e7178,01001010,1.1724638897205231
128,quadratic,qmask_afbe22c87ad11ae4,10101100,1.5774005290395203
128,quadratic,qmask_ac55e1313a50fb45,01101101,1.6840978040577332
128,quadratic,qmask_06e53efa12c0c89c,01010011,1.2844824469802898
128,quadratic,qmask_fe024629e8134fa2,11110111,3.1118007539520223
128,quadratic,qmask_b52a639547d6a0e9,10000111,1.1842080986668913
128,quadratic,qmask_5106913f39c2ea0e,01100101,1.3747359639940577
128,quadratic,qmask_58d4e1dd95e5c5b0,00111111,1.2939248307174527
128,quadratic,qmask_e28959d82dee3e38,10001110,1.3820044525845436
128,quadratic,qmask_d3a70a2b122bfec6,10110100,1.583844393091896
