model,fold,subset_idx,observed,predicted,error,subset_name,n_heads,n_P,n_B,n_E,has_P,has_B,has_E,P_B,P_E,B_E
additive_head,0,90,-0.595661997795105,-0.4232299795405391,0.1724320182545659,P:9.6|B:9.7|B:10.1|B:10.6|B:11.2|E:10.7,6,1,4,1,1,1,1,1,1,1
additive_head,0,26,0.0753335952758789,0.20868105653168018,0.13334746125580127,B:10.6|B:10.10|B:11.2|B:11.9,4,0,4,0,0,1,0,0,0,0
additive_head,0,114,0.47765815258026123,0.07566655837798952,-0.4019915942022717,P:9.9|B:10.1|B:10.2|E:10.7,4,1,2,1,1,1,1,1,1,1
additive_head,0,35,0.053665924817323685,0.04910872407999747,-0.004557200737326211,B:10.1|B:10.6|B:11.2|B:11.9,4,0,4,0,0,1,0,0,0,0
additive_head,0,58,0.5000542402267456,0.1986563796713549,-0.3013978605553907,B:9.0|B:9.7|B:10.1|B:10.6,4,0,4,0,0,1,0,0,0,0
additive_head,0,142,0.26869750022888184,-0.18017113703713483,-0.44886863726601667,P:9.9|P:9.6|B:9.0|B:9.7|B:10.10|E:10.7|E:11.10,7,2,3,2,1,1,1,1,1,1
additive_head,0,155,1.256514310836792,1.1157041566850303,-0.14081015415176168,P:9.9|P:9.6|P:10.0|B:9.0|B:9.7|B:10.2|B:10.10|B:11.2|B:11.9|E:11.10,10,3,6,1,1,1,1,1,1,1
additive_head,0,134,0.5611758232116699,0.17996797401600162,-0.3812078491956683,P:9.9|P:9.6|B:10.6|E:10.7,4,2,1,1,1,1,1,1,1,1
additive_head,0,73,0.1380012333393097,-0.001895746920473007,-0.1398969802597827,P:10.0|B:9.7|B:10.2|B:11.9|E:11.10,5,1,3,1,1,1,1,1,1,1
additive_head,0,83,-1.8848259449005127,-1.4820502197875465,0.4027757251129662,P:9.6|B:10.2|E:10.7|E:11.10,4,1,1,2,1,1,1,1,1,1
additive_head,0,36,0.18984061479568481,0.041648275119745726,-0.1481923396759391,B:10.1|B:10.2|B:10.6|B:10.10|B:11.9|E:11.10,6,0,5,1,0,1,1,0,0,1
additive_head,0,149,0.5778186321258545,1.1264659084993516,0.5486472763734971,P:9.9|P:9.6|P:10.0|B:9.7|B:10.1|B:10.6|E:11.10,7,3,3,1,1,1,1,1,1,1
additive_head,0,19,1.8685230016708374,2.179268473772443,0.31074547210160564,P:9.9|P:9.6|P:10.0|B:9.0|B:9.7|B:10.1|B:10.2|B:10.6|B:10.10|B:11.2|B:11.9,11,3,8,0,1,1,0,1,0,0
additive_head,0,156,1.7477082014083862,1.0224325273347998,-0.7252756740735864,P:9.9|P:9.6|P:10.0|B:9.0|B:9.7|B:10.2|B:10.6|B:11.2|B:11.9|E:10.7,10,3,6,1,1,1,1,1,1,1
additive_head,0,32,0.3163869380950928,-0.004903016480189926,-0.3212899545752827,B:10.1|B:10.6,2,0,2,0,0,1,0,0,0,0
additive_head,0,89,0.01536153256893158,0.4936434168176187,0.4782818842486871,P:9.6|B:9.7|B:10.1|B:10.10|B:11.2|B:11.9,6,1,5,0,1,1,0,1,0,0
additive_head,0,43,0.38185328245162964,0.09820580133716533,-0.2836474811144643,B:9.7|B:10.6,2,0,2,0,0,1,0,0,0,0
additive_head,0,107,0.5906956195831299,0.45496312260043104,-0.13573249698269885,P:9.6|P:10.0|B:9.0|B:9.7|B:10.2,5,2,3,0,1,1,0,1,0,0
additive_head,0,138,-0.4714113175868988,-0.0025868677560220155,0.4688244498308768,P:9.9|P:9.6|B:9.0|B:10.2|E:11.10,5,2,2,1,1,1,1,1,1,1
additive_head,0,30,0.22791749238967896,0.04657762981587221,-0.18133986257380674,B:10.1|B:10.10,2,0,2,0,0,1,0,0,0,0
additive_head,0,4,0.0034867338836193085,-0.5229843404481939,-0.5264710743318132,B:9.0,1,0,1,0,0,1,0,0,0,0
additive_head,0,25,-1.8505467176437378,-1.271890847031159,0.5786558706125788,B:10.6|B:10.10|B:11.2|E:10.7|E:11.10,5,0,3,2,0,1,1,0,0,1
additive_head,0,87,-0.05161554738879204,0.44708543852838223,0.49870098591717427,P:9.6|B:9.7|B:10.2|B:10.10|B:11.2|B:11.9,6,1,5,0,1,1,0,1,0,0
additive_head,0,136,0.5182402729988098,0.5587159174051306,0.04047564440632079,P:9.9|P:9.6|B:9.7|B:10.10|B:11.2|B:11.9|E:10.7,7,2,4,1,1,1,1,1,1,1
additive_head,0,130,1.0393701791763306,1.011590086597498,-0.027780092578832516,P:9.9|P:10.0|B:9.7|B:10.2|B:10.10|E:11.10,6,2,3,1,1,1,1,1,1,1
additive_head,0,123,0.027535997331142426,-0.2720292353766298,-0.29956523270777224,P:9.9|B:9.0|B:10.1|B:11.2|E:10.7,5,1,3,1,1,1,1,1,1,1
additive_head,0,51,-0.6954300403594971,-0.9297408804417531,-0.234310840082256,B:9.0|B:11.9|E:11.10,3,0,2,1,0,1,1,0,0,1
additive_head,0,48,0.3063284754753113,0.19131507122633745,-0.11501340424897383,B:9.7|B:10.1|B:10.6|B:10.10|B:11.9|E:11.10,6,0,5,1,0,1,1,0,0,1
additive_head,0,88,0.1200236976146698,0.26455558284578046,0.14453188523111066,P:9.6|B:9.7|B:10.2|B:10.6|B:10.10|B:11.9|E:11.10,7,1,5,1,1,1,1,1,1,1
additive_head,0,153,0.8125643730163574,1.2440436806410238,0.43147930762466635,P:9.9|P:9.6|P:10.0|B:9.0|B:10.1|B:10.2,6,3,3,0,1,1,0,1,0,0
additive_head,0,60,0.3031556308269501,0.49755333831785303,0.19439770749090296,B:9.0|B:9.7|B:10.1|B:10.2|B:10.6|B:10.10|B:11.2,7,0,7,0,0,1,0,0,0,0
additive_head,0,147,1.2249832153320312,1.1854003170663652,-0.03958289826566608,P:9.9|P:9.6|P:10.0|B:9.7|B:10.2|B:10.10|B:11.2|B:11.9|E:11.10,9,3,5,1,1,1,1,1,1,1
additive_head,1,144,0.8243080377578735,1.719780762438457,0.8954727246805834,P:9.9|P:9.6|P:10.0|B:10.6|B:11.9,5,3,2,0,1,1,0,1,0,0
additive_head,1,13,-0.7300630211830139,-1.1120939971714974,-0.38203097598848346,E:11.10,1,0,0,1,0,0,1,0,0,0
additive_head,1,3,0.42918601632118225,0.05437803690185006,-0.3748079794193322,P:10.0,1,1,0,0,1,0,0,0,0,0
additive_head,1,59,0.5976948142051697,0.6331395606926301,0.03544474648746043,B:9.0|B:9.7|B:10.1|B:10.2|B:10.6|B:11.9,6,0,6,0,0,1,0,0,0,0
additive_head,1,39,-0.7762652039527893,-0.48689723290566855,0.28936797104712075,B:9.7|B:11.9|E:10.7,3,0,2,1,0,1,1,0,0,1
additive_head,1,132,1.0787711143493652,0.74205101394531,-0.3367201004040552,P:9.9|P:10.0|B:9.0|B:10.2|B:10.6|E:10.7,6,2,3,1,1,1,1,1,1,1
additive_head,1,124,0.6422114372253418,1.061145677897704,0.4189342406723622,P:9.9|P:10.0,2,2,0,0,1,0,0,0,0,0
additive_head,1,69,-0.1578442007303238,0.1472238958744374,0.3050680966047612,P:10.0|B:10.1|B:10.6|B:10.10|E:10.7,5,1,3,1,1,1,1,1,1,1
additive_head,1,8,0.2057855874300003,-0.1629052120338843,-0.3686907994638846,B:10.6,1,0,1,0,0,1,0,0,0,0
additive_head,1,96,0.43713223934173584,0.6564106180184911,0.21927837867675526,P:9.6|B:9.0|B:9.7|B:10.1|B:10.6|B:11.9,6,1,5,0,1,1,0,1,0,0
additive_head,1,95,-1.3447966575622559,-1.0376340238725303,0.3071626336897255,P:9.6|B:9.0|B:9.7|B:10.2|B:10.6|E:10.7|E:11.10,7,1,4,2,1,1,1,1,1,1
additive_head,1,71,0.6027172207832336,0.3718048290437732,-0.23091239173946043,P:10.0|B:9.7,2,1,1,0,1,1,0,1,0,0
additive_head,1,84,0.16804468631744385,-0.03392057914086951,-0.20196526545831336,P:9.6|B:10.2|B:10.6,3,1,2,0,1,1,0,1,0,0
additive_head,1,128,0.24340668320655823,0.7202643983178096,0.4768577151112514,P:9.9|P:10.0|B:9.7|E:11.10,4,2,1,1,1,1,1,1,1,1
additive_head,1,79,0.9280621409416199,0.9842023555512041,0.05614021460958418,P:10.0|B:9.0|B:9.7|B:10.2|B:10.6|B:10.10,6,1,5,0,1,1,0,1,0,0
additive_head,1,33,-0.2582476735115051,-0.666411077431872,-0.4081634039203669,B:10.1|B:10.6|E:11.10,3,0,2,1,0,1,1,0,0,1
additive_head,1,119,0.43619659543037415,1.2216201888301945,0.7854235933998204,P:9.9|B:9.7|B:10.6|B:11.2|B:11.9,5,1,4,0,1,1,0,1,0,0
additive_head,1,116,-0.3665222227573395,0.2121004359662797,0.5786226587236192,P:9.9|B:9.7|E:11.10,3,1,1,1,1,1,1,1,1,1
additive_head,1,29,-0.1502489149570465,-0.23865275139954822,-0.08840383644250172,B:10.1|B:11.2|B:11.9,3,0,3,0,0,1,0,0,0,0
additive_head,1,100,0.48271340131759644,0.4726902346412583,-0.010023166676338124,P:9.6|P:10.0|B:10.2|B:10.10,4,2,2,0,1,1,0,1,0,0
additive_head,1,10,-0.3037194609642029,-0.6850814837388977,-0.3813620227746948,B:11.2,1,0,1,0,0,1,0,0,0,0
additive_head,1,146,0.8021336793899536,1.3449325171145485,0.5427988377245949,P:9.9|P:9.6|P:10.0|B:10.1|B:10.2,5,3,2,0,1,1,0,1,0,0
additive_head,1,86,-1.0828529596328735,-1.1124595040274474,-0.029606544394573886,P:9.6|B:10.1|B:11.2|E:11.10,4,1,2,1,1,1,1,1,1,1
additive_head,1,120,0.34306079149246216,0.6562302071365028,0.31316941564404066,P:9.9|B:9.7|B:10.1|B:10.10|E:11.10,5,1,3,1,1,1,1,1,1,1
additive_head,1,12,-1.0317822694778442,-1.0959505510631113,-0.0641682815852671,E:10.7,1,0,0,1,0,0,1,0,0,0
additive_head,1,98,-1.4053977727890015,-1.109635847597659,0.29576192519134237,P:9.6|P:10.0|B:11.2|B:11.9|E:10.7|E:11.10,6,2,2,2,1,1,1,1,1,1
additive_head,1,102,-0.16227994859218597,-0.0810441959503414,0.08123575264184457,P:9.6|P:10.0|B:9.7|B:10.2|B:11.2|B:11.9|E:10.7,7,2,4,1,1,1,1,1,1,1
additive_head,1,6,0.11284340918064117,-0.2989837191258501,-0.41182712830649126,B:10.1,1,0,1,0,0,1,0,0,0,0
additive_head,1,152,0.6535904407501221,1.5630347158081561,0.909444275058034,P:9.9|P:9.6|P:10.0|B:9.0|B:10.1|B:11.9,6,3,3,0,1,1,0,1,0,0
additive_head,1,106,-0.7090648412704468,-0.400468121323574,0.30859671994687277,P:9.6|P:10.0|B:9.0|B:10.1|B:10.2|B:10.6|B:11.9|E:10.7|E:11.10,9,2,5,2,1,1,1,1,1,1
additive_head,1,11,0.04421548917889595,-0.16215939943416025,-0.2063748886130562,B:11.9,1,0,1,0,0,1,0,0,0,0
additive_head,1,117,-0.49109554290771484,-0.43006418964715176,0.06103135326056308,P:9.9|B:9.7|E:10.7|E:11.10,4,1,1,2,1,1,1,1,1,1
additive_head,2,103,0.7969586253166199,0.7305689512829925,-0.06638967403362739,P:9.6|P:10.0|B:9.7|B:10.2|B:10.6,5,2,3,0,1,1,0,1,0,0
additive_head,2,16,-1.3794432878494263,-0.5769917500804448,0.8024515377689815,B:9.0|B:9.7|B:10.1|B:10.2|B:10.6|B:10.10|B:11.2|B:11.9|E:10.7|E:11.10,10,0,8,2,0,1,1,0,0,1
additive_head,2,24,-0.822664737701416,-0.7662596850943925,0.056405052607023554,B:10.6|E:10.7,2,0,1,1,0,1,1,0,0,1
additive_head,2,74,0.5657888054847717,0.44490918647400757,-0.12087961901076416,P:10.0|B:9.7|B:10.1|B:11.2|B:11.9,5,1,4,0,1,1,0,1,0,0
additive_head,2,131,1.47161865234375,1.2844953123726734,-0.18712333997107655,P:9.9|P:10.0|B:9.7|B:10.1|B:10.6|B:10.10|B:11.2|B:11.9|E:11.10,9,2,6,1,1,1,1,1,1,1
additive_head,2,82,-0.8344820737838745,-0.9799863990376683,-0.14550432525379375,P:9.6|B:10.2|E:11.10,3,1,1,1,1,1,1,1,1,1
additive_head,2,115,-0.3236079812049866,-0.1066422269588958,0.21696575424609077,P:9.9|B:10.1|B:10.2|B:11.2|E:11.10,5,1,3,1,1,1,1,1,1,1
additive_head,2,81,-0.22903822362422943,0.08070661870836981,0.30974484233259925,P:10.0|B:9.0|B:9.7|B:10.1|B:10.2|B:10.10|B:11.2|E:10.7,8,1,6,1,1,1,1,1,1,1
additive_head,2,2,-0.1576346457004547,-0.41541182450186975,-0.25777717880141504,P:9.6,1,1,0,0,1,0,0,0,0,0
additive_head,2,139,0.36554136872291565,0.016760547275891602,-0.34878082144702405,P:9.9|P:9.6|B:9.0|B:10.2|B:11.2|B:11.9|E:10.7,7,2,4,1,1,1,1,1,1,1
additive_head,2,64,-0.7005806565284729,-0.6402328089974673,0.06034784753100564,P:10.0|B:10.2|B:11.2|E:10.7,4,1,2,1,1,1,1,1,1,1
additive_head,2,27,0.250720739364624,0.017948437203360507,-0.23277230216126352,B:10.2|B:10.6,2,0,2,0,0,1,0,0,0,0
additive_head,2,68,0.12592610716819763,-0.40174850934381884,-0.5276746165120165,P:10.0|B:10.1|B:10.6|B:11.2|E:11.10,5,1,3,1,1,1,1,1,1,1
additive_head,2,101,0.5091183185577393,0.30328849704505634,-0.20582982151268292,P:9.6|P:10.0|B:9.7,3,2,1,0,1,1,0,1,0,0
additive_head,2,118,0.5970599055290222,0.4192936218433977,-0.17776628368562453,P:9.9|B:9.7|B:10.6|E:10.7,4,1,2,1,1,1,1,1,1,1
additive_head,2,158,1.248700737953186,0.14575721878876924,-1.1029435191644168,P:9.9|P:9.6|P:10.0|B:9.0|B:9.7|B:10.1|B:10.2|B:11.2|B:11.9|E:10.7|E:11.10,11,3,6,2,1,1,1,1,1,1
additive_head,2,122,0.6891814470291138,0.9458920982029704,0.2567106511738566,P:9.9|B:9.0|B:10.2|B:10.6,4,1,3,0,1,1,0,1,0,0
additive_head,2,23,-0.4600883722305298,-0.8021598885644331,-0.3420715163339033,B:10.6|E:11.10,2,0,1,1,0,1,1,0,0,1
additive_head,2,137,-0.025706518441438675,0.51253183649774,0.5382383549391787,P:9.9|P:9.6|B:9.0,3,2,1,0,1,1,0,1,0,0
additive_head,2,143,0.8449387550354004,0.713226499637881,-0.1317122553975194,P:9.9|P:9.6|B:9.0|B:9.7|B:10.1|B:10.6|B:10.10|B:11.2|E:10.7,9,2,6,1,1,1,1,1,1,1
additive_head,2,56,0.11645320057868958,-0.2879536685098296,-0.4044068690885192,B:9.0|B:10.1,2,0,2,0,0,1,0,0,0,0
additive_head,2,31,-0.2099604457616806,-0.6758247822327117,-0.4658643364710311,B:10.1|B:10.10|E:11.10,3,0,2,1,0,1,1,0,0,1
additive_head,2,159,1.5357577800750732,0.5898473455095891,-0.9459104345654842,P:9.9|P:9.6|P:10.0|B:9.0|B:9.7|B:10.1|B:10.2|B:10.6|B:11.9|E:10.7|E:11.10,11,3,6,2,1,1,1,1,1,1
additive_head,2,63,0.027358129620552063,-0.3032093733048028,-0.33056750292535486,P:10.0|B:10.10|B:11.2|B:11.9|E:11.10,5,1,3,1,1,1,1,1,1,1
additive_head,2,50,0.04845794662833214,-0.21311183868478709,-0.26156978531311925,B:9.0|B:11.9,2,0,2,0,0,1,0,0,0,0
additive_head,2,85,-0.046540651470422745,0.1905029664730975,0.23704361794352025,P:9.6|B:10.2|B:10.6|B:10.10|B:11.2,5,1,4,0,1,1,0,1,0,0
additive_head,2,150,1.6031233072280884,0.5948041033165643,-1.008319203911524,P:9.9|P:9.6|P:10.0|B:9.7|B:10.1|B:10.2|B:10.10|B:11.9|E:10.7|E:11.10,10,3,5,2,1,1,1,1,1,1
additive_head,2,78,-1.5730154514312744,-1.1692571626433839,0.40375828878789055,P:10.0|B:9.0|B:10.2|E:10.7|E:11.10,5,1,2,2,1,1,1,1,1,1
additive_head,2,93,-0.4406649172306061,-0.47348151409414996,-0.03281659686354388,P:9.6|B:9.0|B:10.1|B:10.6|B:11.9|E:10.7,6,1,4,1,1,1,1,1,1,1
additive_head,2,92,-0.28124770522117615,-0.46628826278881674,-0.1850405575676406,P:9.6|B:9.0|B:10.6|B:10.10|E:11.10,5,1,3,1,1,1,1,1,1,1
additive_head,2,110,0.456341415643692,0.7993846741799745,0.3430432585362825,P:9.9|B:10.6,2,1,1,0,1,1,0,1,0,0
additive_head,2,18,0.16123811900615692,-0.41264128154106217,-0.5738794005472191,P:9.9|P:9.6|P:10.0|E:10.7|E:11.10,5,3,0,2,1,0,1,0,1,0
additive_head,3,15,0.35023680329322815,0.7451347597802922,0.39489795648706405,B:9.0|B:9.7|B:10.1|B:10.2|B:10.6|B:10.10|B:11.2|B:11.9,8,0,8,0,0,1,0,0,0,0
additive_head,3,97,-0.44264063239097595,-0.7300971176937443,-0.28745648530276835,P:9.6|P:10.0|B:11.2|E:11.10,4,2,1,1,1,1,1,1,1,1
additive_head,3,80,-1.1219369173049927,-0.31776141687266746,0.8041755004323252,P:10.0|B:9.0|B:9.7|B:10.1|B:10.2|B:11.9|E:10.7|E:11.10,8,1,5,2,1,1,1,1,1,1
additive_head,3,108,1.0093169212341309,1.2829073261763688,0.27359040494223796,P:9.6|P:10.0|B:9.0|B:9.7|B:10.1|B:10.2|B:10.6|B:10.10|B:11.2|B:11.9,10,2,8,0,1,1,0,1,0,0
additive_head,3,151,1.6777565479278564,1.4548179259414935,-0.22293862198636294,P:9.9|P:9.6|P:10.0|B:9.7|B:10.1|B:10.2|B:10.6|B:11.9|E:10.7,9,3,5,1,1,1,1,1,1,1
additive_head,3,112,-0.5692129135131836,-0.4719518142656629,0.09726109924752069,P:9.9|B:10.6|B:11.2|B:11.9|E:10.7|E:11.10,6,1,3,2,1,1,1,1,1,1
additive_head,3,75,-0.21502315998077393,0.01320911288138038,0.2282322728621543,P:10.0|B:9.7|B:10.1|B:10.6|B:11.2|E:10.7,6,1,4,1,1,1,1,1,1,1
additive_head,3,17,0.46300008893013,0.9696735093173747,0.5066734203872447,P:9.9|P:9.6|P:10.0,3,3,0,0,1,0,0,0,0,0
additive_head,3,44,0.22910833358764648,-0.06430751567940873,-0.2934158492670552,B:9.7|B:10.2,2,0,2,0,0,1,0,0,0,0
additive_head,3,154,1.506675362586975,1.2744770553140394,-0.23219830727293567,P:9.9|P:9.6|P:10.0|B:9.0|B:10.1|B:10.2|B:10.6|B:10.10|E:10.7,9,3,5,1,1,1,1,1,1,1
additive_head,3,5,0.18057629466056824,-0.17821658642049193,-0.35879288108106017,B:9.7,1,0,1,0,0,1,0,0,0,0
additive_head,3,157,0.20593217015266418,0.8589105767855931,0.6529784066329289,P:9.9|P:9.6|P:10.0|B:9.0|B:9.7|B:10.1|E:11.10,7,3,3,1,1,1,1,1,1,1
additive_head,3,72,-1.3849807977676392,-0.7381004526880637,0.6468803450795755,P:10.0|B:9.7|B:10.2|E:10.7|E:11.10,5,1,2,2,1,1,1,1,1,1
additive_head,3,76,-0.2652815878391266,0.16298919218736185,0.42827078002648844,P:10.0|B:9.7|B:10.1|B:10.2|B:10.10|B:11.2|E:10.7,7,1,5,1,1,1,1,1,1,1
additive_head,3,135,0.5671759843826294,0.037042688391902945,-0.5301332959907264,P:9.9|P:9.6|B:10.2|B:10.6|B:11.2|E:10.7,6,2,3,1,1,1,1,1,1,1
additive_head,3,42,-0.08413377404212952,-0.1575933649966862,-0.07345959095455667,B:9.7|B:11.2|B:11.9,3,0,3,0,0,1,0,0,0,0
additive_head,3,55,-0.7925074696540833,-0.6240174723792413,0.16848999727484193,B:9.0|B:10.2|B:10.10|E:10.7,4,0,3,1,0,1,1,0,0,1
additive_head,3,28,-1.568481206893921,-0.9669174099164877,0.6015637969774332,B:10.2|B:10.6|B:10.10|E:10.7|E:11.10,5,0,3,2,0,1,1,0,0,1
additive_head,3,45,-0.5863298177719116,-0.38664984327795454,0.19967997449395708,B:9.7|B:10.2|B:10.6|E:10.7,4,0,3,1,0,1,1,0,0,1
additive_head,3,61,-1.640993356704712,-1.1415966988021253,0.4993966579025866,P:10.0|E:10.7|E:11.10,3,1,0,2,1,0,1,0,1,0
additive_head,3,94,0.027342859655618668,-0.15036077510150198,-0.17770363475712064,P:9.6|B:9.0|B:9.7,3,1,2,0,1,1,0,1,0,0
additive_head,3,129,0.43663594126701355,0.1253451611832601,-0.31129078008375344,P:9.9|P:10.0|B:9.7|B:10.6|B:11.2|E:10.7|E:11.10,7,2,3,2,1,1,1,1,1,1
additive_head,3,105,0.4278859496116638,0.3977706020560657,-0.030115347555598138,P:9.6|P:10.0|B:9.0|B:10.10,4,2,2,0,1,1,0,1,0,0
additive_head,3,54,-0.858051598072052,-0.660276563222686,0.19777503484936598,B:9.0|B:10.6|B:10.10|B:11.2|E:10.7,5,0,4,1,0,1,1,0,0,1
additive_head,3,140,-0.0563080757856369,0.24711442515091842,0.3034225009365553,P:9.9|P:9.6|B:9.0|B:10.2|B:10.6|E:11.10,6,2,3,1,1,1,1,1,1,1
additive_head,3,41,-1.0636212825775146,-0.974073436484935,0.0895478460925796,B:9.7|B:11.2|E:10.7,3,0,2,1,0,1,1,0,0,1
additive_head,3,52,0.2147730588912964,-0.17587297290490905,-0.39064603179620544,B:9.0|B:10.6,2,0,2,0,0,1,0,0,0,0
additive_head,3,9,0.1278882622718811,-0.15635050204680406,-0.28423876431868517,B:10.10,1,0,1,0,0,1,0,0,0,0
additive_head,3,7,0.04607735201716423,-0.35389469105238713,-0.39997204306955136,B:10.2,1,0,1,0,0,1,0,0,0,0
additive_head,3,37,-0.5160127282142639,-0.7803502374327129,-0.264337509218449,B:9.7|E:11.10,2,0,1,1,0,1,1,0,0,1
additive_head,3,91,-0.8861677646636963,-1.0378725292547941,-0.15170476459109783,P:9.6|B:9.0|E:10.7,3,1,1,1,1,1,1,1,1,1
additive_head,3,113,0.3818577826023102,0.62345999356002,0.24160221095770984,P:9.9|B:10.2|B:10.6|B:11.2,4,1,3,0,1,1,0,1,0,0
additive_head,4,38,-1.9262864589691162,-1.348990300871261,0.5772961580978553,B:9.7|E:10.7|E:11.10,3,0,1,2,0,1,1,0,0,1
additive_head,4,62,0.5181520581245422,0.3612525200440905,-0.15689953808045176,P:10.0|B:10.10,2,1,1,0,1,1,0,1,0,0
additive_head,4,57,-0.7122814655303955,-0.42280766465820685,0.28947380087218866,B:9.0|B:9.7|B:10.2|B:11.9|E:10.7,5,0,4,1,0,1,1,0,0,1
additive_head,4,148,1.5488628149032593,0.34994327428062966,-1.1989195406226296,P:9.9|P:9.6|P:10.0|B:9.7|B:10.2|B:10.10|B:11.2|B:11.9|E:10.7|E:11.10,10,3,5,2,1,1,1,1,1,1
additive_head,4,1,0.19358167052268982,0.5643897643125677,0.3708080937898779,P:9.9,1,1,0,0,1,0,0,0,0,0
additive_head,4,53,-1.8916981220245361,-1.3840747784768357,0.5076233435477004,B:9.0|B:10.6|E:10.7|E:11.10,4,0,2,2,0,1,1,0,0,1
additive_head,4,126,0.9933457374572754,0.9370539132765836,-0.056291824180691785,P:9.9|P:10.0|B:10.2|B:10.10|B:11.9|E:10.7,6,2,3,1,1,1,1,1,1,1
additive_head,4,14,-2.1500723361968994,-1.6061262452858907,0.5439460909110088,E:10.7|E:11.10,2,0,0,2,0,0,1,0,0,0
additive_head,4,40,-0.12516099214553833,-0.2961896676833814,-0.17102867553784307,B:9.7|B:11.2,2,0,2,0,0,1,0,0,0,0
additive_head,4,141,0.2523966431617737,0.5691500713448981,0.31675342818312446,P:9.9|P:9.6|B:9.0|B:10.1|B:10.6|B:10.10|E:11.10,7,2,4,1,1,1,1,1,1,1
additive_head,4,34,-0.572437584400177,-0.8092424330271478,-0.23680484862697082,B:10.1|B:10.6|B:11.2|E:11.10,4,0,3,1,0,1,1,0,0,1
additive_head,4,99,0.6339579224586487,0.6675522684144763,0.033594345955827665,P:9.6|P:10.0|B:10.6|B:10.10,4,2,2,0,1,1,0,1,0,0
additive_head,4,109,0.18866771459579468,0.20987015481692795,0.021202440221133267,P:9.9|B:10.10|B:11.2|B:11.9|E:10.7,5,1,3,1,1,1,1,1,1,1
additive_head,4,49,-0.2710680365562439,-0.49964899463516504,-0.22858095807892115,B:9.7|B:10.1|B:10.2|B:10.10|B:11.2|E:11.10,6,0,5,1,0,1,1,0,0,1
additive_head,4,127,0.9379106163978577,1.2177584721341046,0.27984785573624693,P:9.9|P:10.0|B:10.1|B:10.2,4,2,2,0,1,1,0,1,0,0
additive_head,4,21,-1.1985448598861694,-0.9311488957264478,0.26739596415972167,B:11.2|B:11.9|E:10.7,3,0,2,1,0,1,1,0,0,1
additive_head,4,125,1.0332492589950562,0.8538748912609798,-0.17937436773407633,P:9.9|P:10.0|B:10.6|B:10.10|B:11.2|B:11.9|E:11.10,7,2,4,1,1,1,1,1,1,1
additive_head,4,66,0.5857577323913574,0.4555618345263567,-0.13019589786500074,P:10.0|B:10.2|B:10.6|B:10.10|B:11.2,5,1,4,0,1,1,0,1,0,0
additive_head,4,104,-1.0053186416625977,-0.7008001273512153,0.3045185143113823,P:9.6|P:10.0|B:9.7|B:10.1|B:11.2|B:11.9|E:10.7|E:11.10,8,2,4,2,1,1,1,1,1,1
additive_head,4,22,-1.0753962993621826,-0.9164985201171001,0.15889777924508253,B:10.10|B:11.2|E:10.7,3,0,2,1,0,1,1,0,0,1
additive_head,4,46,0.5397059917449951,0.4988901210708628,-0.04081587067413234,B:9.7|B:10.2|B:10.6|B:10.10,4,0,4,0,0,1,0,0,0,0
additive_head,4,111,-0.3886294364929199,-0.4558331215564567,-0.0672036850635368,P:9.9|B:10.6|E:10.7|E:11.10,4,1,1,2,1,1,1,1,1,1
additive_head,4,70,0.1408117264509201,-0.10598312336289814,-0.24679484981381825,P:10.0|B:10.1|B:10.2|B:11.9|E:11.10,5,1,3,1,1,1,1,1,1,1
additive_head,4,77,-1.0272947549819946,-0.43784235368041746,0.5894524013015772,P:10.0|B:9.7|B:10.1|B:10.2|B:10.10|B:11.2|B:11.9|E:10.7|E:11.10,9,1,6,2,1,1,1,1,1,1
additive_head,4,145,0.6377639770507812,0.893121327076001,0.25535735002521975,P:9.9|P:9.6|P:10.0|B:10.6|B:10.10|E:11.10,6,3,2,1,1,1,1,1,1,1
additive_head,4,20,2.3267788887023926,0.7240019571646263,-1.6027769315377662,P:9.9|P:9.6|P:10.0|B:9.0|B:9.7|B:10.1|B:10.2|B:10.6|B:10.10|B:11.2|B:11.9|E:10.7|E:11.10,13,3,8,2,1,1,1,1,1,1
additive_head,4,67,0.5814975500106812,0.4986093605096845,-0.08288818950099663,P:10.0|B:10.1|B:11.9,3,1,2,0,1,1,0,1,0,0
additive_head,4,121,-0.21891625225543976,-0.5014557419653755,-0.2825394897099357,P:9.9|B:9.0|B:10.10|E:10.7|E:11.10,5,1,2,2,1,1,1,1,1,1
additive_head,4,133,-0.23220820724964142,0.6209427971744873,0.8531510044241287,P:9.9|P:9.6|B:11.2|B:11.9,4,2,2,0,1,1,0,1,0,0
additive_head,4,65,-0.2793356776237488,0.05443487676512326,0.33377055438887204,P:10.0|B:10.2|B:10.6|B:11.9|E:10.7,5,1,3,1,1,1,1,1,1,1
additive_head,4,47,0.597973108291626,0.5891657699823935,-0.008807338309232526,B:9.7|B:10.1|B:10.6|B:10.10,4,0,4,0,0,1,0,0,0,0
pb_group_interaction,0,90,-0.595661997795105,-0.49412179096055575,0.10154020683454923,P:9.6|B:9.7|B:10.1|B:10.6|B:11.2|E:10.7,6,1,4,1,1,1,1,1,1,1
pb_group_interaction,0,26,0.0753335952758789,0.2686713893069805,0.19333779403110157,B:10.6|B:10.10|B:11.2|B:11.9,4,0,4,0,0,1,0,0,0,0
pb_group_interaction,0,114,0.47765815258026123,-0.024541316550967807,-0.502199469131229,P:9.9|B:10.1|B:10.2|E:10.7,4,1,2,1,1,1,1,1,1,1
pb_group_interaction,0,35,0.053665924817323685,0.10502410867905682,0.05135818386173313,B:10.1|B:10.6|B:11.2|B:11.9,4,0,4,0,0,1,0,0,0,0
pb_group_interaction,0,58,0.5000542402267456,0.25059166179593567,-0.24946257843080993,B:9.0|B:9.7|B:10.1|B:10.6,4,0,4,0,0,1,0,0,0,0
pb_group_interaction,0,142,0.26869750022888184,-0.21174666294036049,-0.4804441631692423,P:9.9|P:9.6|B:9.0|B:9.7|B:10.10|E:10.7|E:11.10,7,2,3,2,1,1,1,1,1,1
pb_group_interaction,0,155,1.256514310836792,1.1932617437971353,-0.06325256703965665,P:9.9|P:9.6|P:10.0|B:9.0|B:9.7|B:10.2|B:10.10|B:11.2|B:11.9|E:11.10,10,3,6,1,1,1,1,1,1,1
pb_group_interaction,0,134,0.5611758232116699,0.13628124767930927,-0.42489457553236065,P:9.9|P:9.6|B:10.6|E:10.7,4,2,1,1,1,1,1,1,1,1
pb_group_interaction,0,73,0.1380012333393097,-0.06629135188254165,-0.20429258522185134,P:10.0|B:9.7|B:10.2|B:11.9|E:11.10,5,1,3,1,1,1,1,1,1,1
pb_group_interaction,0,83,-1.8848259449005127,-1.5729012920436478,0.3119246528568649,P:9.6|B:10.2|E:10.7|E:11.10,4,1,1,2,1,1,1,1,1,1
pb_group_interaction,0,36,0.18984061479568481,0.09758834759660029,-0.09225226719908453,B:10.1|B:10.2|B:10.6|B:10.10|B:11.9|E:11.10,6,0,5,1,0,1,1,0,0,1
pb_group_interaction,0,149,0.5778186321258545,1.1689304565345673,0.5911118244087128,P:9.9|P:9.6|P:10.0|B:9.7|B:10.1|B:10.6|E:11.10,7,3,3,1,1,1,1,1,1,1
pb_group_interaction,0,19,1.8685230016708374,2.2609003808555626,0.39237737918472515,P:9.9|P:9.6|P:10.0|B:9.0|B:9.7|B:10.1|B:10.2|B:10.6|B:10.10|B:11.2|B:11.9,11,3,8,0,1,1,0,1,0,0
pb_group_interaction,0,156,1.7477082014083862,1.1018270949249724,-0.6458811064834138,P:9.9|P:9.6|P:10.0|B:9.0|B:9.7|B:10.2|B:10.6|B:11.2|B:11.9|E:10.7,10,3,6,1,1,1,1,1,1,1
pb_group_interaction,0,32,0.3163869380950928,0.029277814834233862,-0.2871091232608589,B:10.1|B:10.6,2,0,2,0,0,1,0,0,0,0
pb_group_interaction,0,89,0.01536153256893158,0.40822469775962134,0.39286316519068976,P:9.6|B:9.7|B:10.1|B:10.10|B:11.2|B:11.9,6,1,5,0,1,1,0,1,0,0
pb_group_interaction,0,43,0.38185328245162964,0.1398080950443057,-0.24204518740732395,B:9.7|B:10.6,2,0,2,0,0,1,0,0,0,0
pb_group_interaction,0,107,0.5906956195831299,0.4461259982039453,-0.1445696213791846,P:9.6|P:10.0|B:9.0|B:9.7|B:10.2,5,2,3,0,1,1,0,1,0,0
pb_group_interaction,0,138,-0.4714113175868988,-0.023126689822254243,0.44828462776464456,P:9.9|P:9.6|B:9.0|B:10.2|E:11.10,5,2,2,1,1,1,1,1,1,1
pb_group_interaction,0,30,0.22791749238967896,0.06505811399778111,-0.16285937839189785,B:10.1|B:10.10,2,0,2,0,0,1,0,0,0,0
pb_group_interaction,0,4,0.0034867338836193085,-0.48977999815221046,-0.49326673203582977,B:9.0,1,0,1,0,0,1,0,0,0,0
pb_group_interaction,0,25,-1.8505467176437378,-1.2030168569945678,0.64752986064917,B:10.6|B:10.10|B:11.2|E:10.7|E:11.10,5,0,3,2,0,1,1,0,0,1
pb_group_interaction,0,87,-0.05161554738879204,0.37757062468675495,0.429186172075547,P:9.6|B:9.7|B:10.2|B:10.10|B:11.2|B:11.9,6,1,5,0,1,1,0,1,0,0
pb_group_interaction,0,136,0.5182402729988098,0.5256629203223171,0.007422647323507281,P:9.9|P:9.6|B:9.7|B:10.10|B:11.2|B:11.9|E:10.7,7,2,4,1,1,1,1,1,1,1
pb_group_interaction,0,130,1.0393701791763306,1.004430373507648,-0.03493980566868249,P:9.9|P:10.0|B:9.7|B:10.2|B:10.10|E:11.10,6,2,3,1,1,1,1,1,1,1
pb_group_interaction,0,123,0.027535997331142426,-0.347796764833876,-0.37533276216501843,P:9.9|B:9.0|B:10.1|B:11.2|E:10.7,5,1,3,1,1,1,1,1,1,1
pb_group_interaction,0,51,-0.6954300403594971,-0.8891122717940333,-0.19368223143453622,B:9.0|B:11.9|E:11.10,3,0,2,1,0,1,1,0,0,1
pb_group_interaction,0,48,0.3063284754753113,0.2387727008795385,-0.06755577459577278,B:9.7|B:10.1|B:10.6|B:10.10|B:11.9|E:11.10,6,0,5,1,0,1,1,0,0,1
pb_group_interaction,0,88,0.1200236976146698,0.1976838380890515,0.07766014047438169,P:9.6|B:9.7|B:10.2|B:10.6|B:10.10|B:11.9|E:11.10,7,1,5,1,1,1,1,1,1,1
pb_group_interaction,0,153,0.8125643730163574,1.2811351464346694,0.468570773418312,P:9.9|P:9.6|P:10.0|B:9.0|B:10.1|B:10.2,6,3,3,0,1,1,0,1,0,0
pb_group_interaction,0,60,0.3031556308269501,0.5881909789418521,0.28503534811490205,B:9.0|B:9.7|B:10.1|B:10.2|B:10.6|B:10.10|B:11.2,7,0,7,0,0,1,0,0,0,0
pb_group_interaction,0,147,1.2249832153320312,1.2498029764700713,0.024819761138040075,P:9.9|P:9.6|P:10.0|B:9.7|B:10.2|B:10.10|B:11.2|B:11.9|E:11.10,9,3,5,1,1,1,1,1,1,1
pb_group_interaction,1,144,0.8243080377578735,1.7424580338380362,0.9181499960801627,P:9.9|P:9.6|P:10.0|B:10.6|B:11.9,5,3,2,0,1,1,0,1,0,0
pb_group_interaction,1,13,-0.7300630211830139,-1.0872658432634479,-0.35720282208043397,E:11.10,1,0,0,1,0,0,1,0,0,0
pb_group_interaction,1,3,0.42918601632118225,0.13207839289441875,-0.2971076234267635,P:10.0,1,1,0,0,1,0,0,0,0,0
pb_group_interaction,1,59,0.5976948142051697,0.664185183988908,0.06649036978373835,B:9.0|B:9.7|B:10.1|B:10.2|B:10.6|B:11.9,6,0,6,0,0,1,0,0,0,0
pb_group_interaction,1,39,-0.7762652039527893,-0.46510531380954956,0.31115989014323975,B:9.7|B:11.9|E:10.7,3,0,2,1,0,1,1,0,0,1
pb_group_interaction,1,132,1.0787711143493652,0.7378538969596937,-0.3409172173896715,P:9.9|P:10.0|B:9.0|B:10.2|B:10.6|E:10.7,6,2,3,1,1,1,1,1,1,1
pb_group_interaction,1,124,0.6422114372253418,1.178145814300415,0.5359343770750733,P:9.9|P:10.0,2,2,0,0,1,0,0,0,0,0
pb_group_interaction,1,69,-0.1578442007303238,0.08971983708576725,0.24756403781609104,P:10.0|B:10.1|B:10.6|B:10.10|E:10.7,5,1,3,1,1,1,1,1,1,1
pb_group_interaction,1,8,0.2057855874300003,-0.13802202003838165,-0.34380760746838196,B:10.6,1,0,1,0,0,1,0,0,0,0
pb_group_interaction,1,96,0.43713223934173584,0.5780453322586581,0.14091309291692222,P:9.6|B:9.0|B:9.7|B:10.1|B:10.6|B:11.9,6,1,5,0,1,1,0,1,0,0
pb_group_interaction,1,95,-1.3447966575622559,-1.0976878909420507,0.2471087666202052,P:9.6|B:9.0|B:9.7|B:10.2|B:10.6|E:10.7|E:11.10,7,1,4,2,1,1,1,1,1,1
pb_group_interaction,1,71,0.6027172207832336,0.29706058589040635,-0.3056566348928273,P:10.0|B:9.7,2,1,1,0,1,1,0,1,0,0
pb_group_interaction,1,84,0.16804468631744385,-0.08867822531323694,-0.2567229116306808,P:9.6|B:10.2|B:10.6,3,1,2,0,1,1,0,1,0,0
pb_group_interaction,1,128,0.24340668320655823,0.6845855167589685,0.4411788335524103,P:9.9|P:10.0|B:9.7|E:11.10,4,2,1,1,1,1,1,1,1,1
pb_group_interaction,1,79,0.9280621409416199,0.9191186107328767,-0.008943530208743167,P:10.0|B:9.0|B:9.7|B:10.2|B:10.6|B:10.10,6,1,5,0,1,1,0,1,0,0
pb_group_interaction,1,33,-0.2582476735115051,-0.6386567920537931,-0.380409118542288,B:10.1|B:10.6|E:11.10,3,0,2,1,0,1,1,0,0,1
pb_group_interaction,1,119,0.43619659543037415,1.1504020165121585,0.7142054210817843,P:9.9|B:9.7|B:10.6|B:11.2|B:11.9,5,1,4,0,1,1,0,1,0,0
pb_group_interaction,1,116,-0.3665222227573395,0.12378377113853617,0.49030599389587565,P:9.9|B:9.7|E:11.10,3,1,1,1,1,1,1,1,1,1
pb_group_interaction,1,29,-0.1502489149570465,-0.19344121205543474,-0.04319229709838823,B:10.1|B:11.2|B:11.9,3,0,3,0,0,1,0,0,0,0
pb_group_interaction,1,100,0.48271340131759644,0.4671133552020062,-0.015600046115590238,P:9.6|P:10.0|B:10.2|B:10.10,4,2,2,0,1,1,0,1,0,0
pb_group_interaction,1,10,-0.3037194609642029,-0.6433578459299993,-0.33963838496579646,B:11.2,1,0,1,0,0,1,0,0,0,0
pb_group_interaction,1,146,0.8021336793899536,1.3853973275475826,0.583263648157629,P:9.9|P:9.6|P:10.0|B:10.1|B:10.2,5,3,2,0,1,1,0,1,0,0
pb_group_interaction,1,86,-1.0828529596328735,-1.1623906464479634,-0.07953768681508988,P:9.6|B:10.1|B:11.2|E:11.10,4,1,2,1,1,1,1,1,1,1
pb_group_interaction,1,120,0.34306079149246216,0.5673826572430016,0.22432186575053947,P:9.9|B:9.7|B:10.1|B:10.10|E:11.10,5,1,3,1,1,1,1,1,1,1
pb_group_interaction,1,12,-1.0317822694778442,-1.0637392747424208,-0.031957005264576566,E:10.7,1,0,0,1,0,0,1,0,0,0
pb_group_interaction,1,98,-1.4053977727890015,-1.1025036260134193,0.30289414677558213,P:9.6|P:10.0|B:11.2|B:11.9|E:10.7|E:11.10,6,2,2,2,1,1,1,1,1,1
pb_group_interaction,1,102,-0.16227994859218597,-0.06959426666795832,0.09268568192422766,P:9.6|P:10.0|B:9.7|B:10.2|B:11.2|B:11.9|E:10.7,7,2,4,1,1,1,1,1,1,1
pb_group_interaction,1,6,0.11284340918064117,-0.27081563420399085,-0.383659043384632,B:10.1,1,0,1,0,0,1,0,0,0,0
pb_group_interaction,1,152,0.6535904407501221,1.5875881210171254,0.9339976802670034,P:9.9|P:9.6|P:10.0|B:9.0|B:10.1|B:11.9,6,3,3,0,1,1,0,1,0,0
pb_group_interaction,1,106,-0.7090648412704468,-0.39359455702738305,0.3154702842430637,P:9.6|P:10.0|B:9.0|B:10.1|B:10.2|B:10.6|B:11.9|E:10.7|E:11.10,9,2,5,2,1,1,1,1,1,1
pb_group_interaction,1,11,0.04421548917889595,-0.13671443737347183,-0.18092992655236778,B:11.9,1,0,1,0,0,1,0,0,0,0
pb_group_interaction,1,117,-0.49109554290771484,-0.511232150877871,-0.02013660797015615,P:9.9|B:9.7|E:10.7|E:11.10,4,1,1,2,1,1,1,1,1,1
pb_group_interaction,2,103,0.7969586253166199,0.7246706555305868,-0.07228796978603302,P:9.6|P:10.0|B:9.7|B:10.2|B:10.6,5,2,3,0,1,1,0,1,0,0
pb_group_interaction,2,16,-1.3794432878494263,-0.5410261835382404,0.8384171043111859,B:9.0|B:9.7|B:10.1|B:10.2|B:10.6|B:10.10|B:11.2|B:11.9|E:10.7|E:11.10,10,0,8,2,0,1,1,0,0,1
pb_group_interaction,2,24,-0.822664737701416,-0.7491047690870474,0.07355996861436864,B:10.6|E:10.7,2,0,1,1,0,1,1,0,0,1
pb_group_interaction,2,74,0.5657888054847717,0.40570948903774917,-0.16007931644702256,P:10.0|B:9.7|B:10.1|B:11.2|B:11.9,5,1,4,0,1,1,0,1,0,0
pb_group_interaction,2,131,1.47161865234375,1.2767470397280876,-0.19487161261566244,P:9.9|P:10.0|B:9.7|B:10.1|B:10.6|B:10.10|B:11.2|B:11.9|E:11.10,9,2,6,1,1,1,1,1,1,1
pb_group_interaction,2,82,-0.8344820737838745,-1.0110828966067607,-0.17660082282288614,P:9.6|B:10.2|E:11.10,3,1,1,1,1,1,1,1,1,1
pb_group_interaction,2,115,-0.3236079812049866,-0.13972752701727936,0.1838804541877072,P:9.9|B:10.1|B:10.2|B:11.2|E:11.10,5,1,3,1,1,1,1,1,1,1
pb_group_interaction,2,81,-0.22903822362422943,0.0552743283387207,0.28431255196295013,P:10.0|B:9.0|B:9.7|B:10.1|B:10.2|B:10.10|B:11.2|E:10.7,8,1,6,1,1,1,1,1,1,1
pb_group_interaction,2,2,-0.1576346457004547,-0.3754709847004501,-0.21783633899999538,P:9.6,1,1,0,0,1,0,0,0,0,0
pb_group_interaction,2,139,0.36554136872291565,0.014092173020634702,-0.35144919570228095,P:9.9|P:9.6|B:9.0|B:10.2|B:11.2|B:11.9|E:10.7,7,2,4,1,1,1,1,1,1,1
pb_group_interaction,2,64,-0.7005806565284729,-0.6706185472266599,0.029962109301812978,P:10.0|B:10.2|B:11.2|E:10.7,4,1,2,1,1,1,1,1,1,1
pb_group_interaction,2,27,0.250720739364624,0.03138969245148057,-0.21933104691314345,B:10.2|B:10.6,2,0,2,0,0,1,0,0,0,0
pb_group_interaction,2,68,0.12592610716819763,-0.4401171792446346,-0.5660432864128322,P:10.0|B:10.1|B:10.6|B:11.2|E:11.10,5,1,3,1,1,1,1,1,1,1
pb_group_interaction,2,101,0.5091183185577393,0.29128428638906184,-0.21783403216867742,P:9.6|P:10.0|B:9.7,3,2,1,0,1,1,0,1,0,0
pb_group_interaction,2,118,0.5970599055290222,0.3831951920656089,-0.2138647134634133,P:9.9|B:9.7|B:10.6|E:10.7,4,1,2,1,1,1,1,1,1,1
pb_group_interaction,2,158,1.248700737953186,0.18258589790632818,-1.0661148400468579,P:9.9|P:9.6|P:10.0|B:9.0|B:9.7|B:10.1|B:10.2|B:11.2|B:11.9|E:10.7|E:11.10,11,3,6,2,1,1,1,1,1,1
pb_group_interaction,2,122,0.6891814470291138,0.8981892780512253,0.2090078310221115,P:9.9|B:9.0|B:10.2|B:10.6,4,1,3,0,1,1,0,1,0,0
pb_group_interaction,2,23,-0.4600883722305298,-0.7896826312249607,-0.32959425899443096,B:10.6|E:11.10,2,0,1,1,0,1,1,0,0,1
pb_group_interaction,2,137,-0.025706518441438675,0.49132860089929475,0.5170351193407334,P:9.9|P:9.6|B:9.0,3,2,1,0,1,1,0,1,0,0
pb_group_interaction,2,143,0.8449387550354004,0.7124997482272482,-0.13243900680815224,P:9.9|P:9.6|B:9.0|B:9.7|B:10.1|B:10.6|B:10.10|B:11.2|E:10.7,9,2,6,1,1,1,1,1,1,1
pb_group_interaction,2,56,0.11645320057868958,-0.28096738185975645,-0.397420582438446,B:9.0|B:10.1,2,0,2,0,0,1,0,0,0,0
pb_group_interaction,2,31,-0.2099604457616806,-0.6587710397934253,-0.4488105940317447,B:10.1|B:10.10|E:11.10,3,0,2,1,0,1,1,0,0,1
pb_group_interaction,2,159,1.5357577800750732,0.6243651346892709,-0.9113926453858023,P:9.9|P:9.6|P:10.0|B:9.0|B:9.7|B:10.1|B:10.2|B:10.6|B:11.9|E:10.7|E:11.10,11,3,6,2,1,1,1,1,1,1
pb_group_interaction,2,63,0.027358129620552063,-0.3435187367329808,-0.37087686635353284,P:10.0|B:10.10|B:11.2|B:11.9|E:11.10,5,1,3,1,1,1,1,1,1,1
pb_group_interaction,2,50,0.04845794662833214,-0.20935633849548832,-0.25781428512382043,B:9.0|B:11.9,2,0,2,0,0,1,0,0,0,0
pb_group_interaction,2,85,-0.046540651470422745,0.15689403424722653,0.20343468571764928,P:9.6|B:10.2|B:10.6|B:10.10|B:11.2,5,1,4,0,1,1,0,1,0,0
pb_group_interaction,2,150,1.6031233072280884,0.6342474312905186,-0.9688758759375697,P:9.9|P:9.6|P:10.0|B:9.7|B:10.1|B:10.2|B:10.10|B:11.9|E:10.7|E:11.10,10,3,5,2,1,1,1,1,1,1
pb_group_interaction,2,78,-1.5730154514312744,-1.1999615694098091,0.3730538820214653,P:10.0|B:9.0|B:10.2|E:10.7|E:11.10,5,1,2,2,1,1,1,1,1,1
pb_group_interaction,2,93,-0.4406649172306061,-0.5067854661543527,-0.06612054892374664,P:9.6|B:9.0|B:10.1|B:10.6|B:11.9|E:10.7,6,1,4,1,1,1,1,1,1,1
pb_group_interaction,2,92,-0.28124770522117615,-0.5065646535887907,-0.2253169483676145,P:9.6|B:9.0|B:10.6|B:10.10|E:11.10,5,1,3,1,1,1,1,1,1,1
pb_group_interaction,2,110,0.456341415643692,0.7489685098522191,0.29262709420852706,P:9.9|B:10.6,2,1,1,0,1,1,0,1,0,0
pb_group_interaction,2,18,0.16123811900615692,-0.30542032349440396,-0.4666584425005609,P:9.9|P:9.6|P:10.0|E:10.7|E:11.10,5,3,0,2,1,0,1,0,1,0
pb_group_interaction,3,15,0.35023680329322815,0.8283008392581184,0.4780640359648902,B:9.0|B:9.7|B:10.1|B:10.2|B:10.6|B:10.10|B:11.2|B:11.9,8,0,8,0,0,1,0,0,0,0
pb_group_interaction,3,97,-0.44264063239097595,-0.7487492234165133,-0.30610859102553734,P:9.6|P:10.0|B:11.2|E:11.10,4,2,1,1,1,1,1,1,1,1
pb_group_interaction,3,80,-1.1219369173049927,-0.4079859312711839,0.7139509860338088,P:10.0|B:9.0|B:9.7|B:10.1|B:10.2|B:11.9|E:10.7|E:11.10,8,1,5,2,1,1,1,1,1,1
pb_group_interaction,3,108,1.0093169212341309,1.2863379446487067,0.2770210234145758,P:9.6|P:10.0|B:9.0|B:9.7|B:10.1|B:10.2|B:10.6|B:10.10|B:11.2|B:11.9,10,2,8,0,1,1,0,1,0,0
pb_group_interaction,3,151,1.6777565479278564,1.5326891934642382,-0.1450673544636183,P:9.9|P:9.6|P:10.0|B:9.7|B:10.1|B:10.2|B:10.6|B:11.9|E:10.7,9,3,5,1,1,1,1,1,1,1
pb_group_interaction,3,112,-0.5692129135131836,-0.5681203594736237,0.0010925540395598787,P:9.9|B:10.6|B:11.2|B:11.9|E:10.7|E:11.10,6,1,3,2,1,1,1,1,1,1
pb_group_interaction,3,75,-0.21502315998077393,-0.06418092684142385,0.15084223313935008,P:10.0|B:9.7|B:10.1|B:10.6|B:11.2|E:10.7,6,1,4,1,1,1,1,1,1,1
pb_group_interaction,3,17,0.46300008893013,1.2480101189376658,0.7850100300075358,P:9.9|P:9.6|P:10.0,3,3,0,0,1,0,0,0,0,0
pb_group_interaction,3,44,0.22910833358764648,0.011796032791042854,-0.21731230079660363,B:9.7|B:10.2,2,0,2,0,0,1,0,0,0,0
pb_group_interaction,3,154,1.506675362586975,1.3569059869184534,-0.14976937566852166,P:9.9|P:9.6|P:10.0|B:9.0|B:10.1|B:10.2|B:10.6|B:10.10|E:10.7,9,3,5,1,1,1,1,1,1,1
pb_group_interaction,3,5,0.18057629466056824,-0.12880981714152107,-0.3093861118020893,B:9.7,1,0,1,0,0,1,0,0,0,0
pb_group_interaction,3,157,0.20593217015266418,0.8947990352870191,0.6888668651343549,P:9.9|P:9.6|P:10.0|B:9.0|B:9.7|B:10.1|E:11.10,7,3,3,1,1,1,1,1,1,1
pb_group_interaction,3,72,-1.3849807977676392,-0.8074596945619933,0.5775211032056459,P:10.0|B:9.7|B:10.2|E:10.7|E:11.10,5,1,2,2,1,1,1,1,1,1
pb_group_interaction,3,76,-0.2652815878391266,0.11246455450480064,0.3777461423439272,P:10.0|B:9.7|B:10.1|B:10.2|B:10.10|B:11.2|E:10.7,7,1,5,1,1,1,1,1,1,1
pb_group_interaction,3,135,0.5671759843826294,0.05833486132539112,-0.5088411230572383,P:9.9|P:9.6|B:10.2|B:10.6|B:11.2|E:10.7,6,2,3,1,1,1,1,1,1,1
pb_group_interaction,3,42,-0.08413377404212952,-0.10465963248361876,-0.020525858441489242,B:9.7|B:11.2|B:11.9,3,0,3,0,0,1,0,0,0,0
pb_group_interaction,3,55,-0.7925074696540833,-0.541197085423212,0.25131038423087126,B:9.0|B:10.2|B:10.10|E:10.7,4,0,3,1,0,1,1,0,0,1
pb_group_interaction,3,28,-1.568481206893921,-0.8675429415781944,0.7009382653157264,B:10.2|B:10.6|B:10.10|E:10.7|E:11.10,5,0,3,2,0,1,1,0,0,1
pb_group_interaction,3,45,-0.5863298177719116,-0.2905516528772515,0.29577816489466013,B:9.7|B:10.2|B:10.6|E:10.7,4,0,3,1,0,1,1,0,0,1
pb_group_interaction,3,61,-1.640993356704712,-1.002917510691507,0.638075846013205,P:10.0|E:10.7|E:11.10,3,1,0,2,1,0,1,0,1,0
pb_group_interaction,3,94,0.027342859655618668,-0.26809680696744387,-0.29543966662306254,P:9.6|B:9.0|B:9.7,3,1,2,0,1,1,0,1,0,0
pb_group_interaction,3,129,0.43663594126701355,0.12458166304906892,-0.3120542782179446,P:9.9|P:10.0|B:9.7|B:10.6|B:11.2|E:10.7|E:11.10,7,2,3,2,1,1,1,1,1,1
pb_group_interaction,3,105,0.4278859496116638,0.36056085680763417,-0.06732509280402965,P:9.6|P:10.0|B:9.0|B:10.10,4,2,2,0,1,1,0,1,0,0
pb_group_interaction,3,54,-0.858051598072052,-0.5827905246976978,0.27526107337435424,B:9.0|B:10.6|B:10.10|B:11.2|E:10.7,5,0,4,1,0,1,1,0,0,1
pb_group_interaction,3,140,-0.0563080757856369,0.23311291973606485,0.28942099552170175,P:9.9|P:9.6|B:9.0|B:10.2|B:10.6|E:11.10,6,2,3,1,1,1,1,1,1,1
pb_group_interaction,3,41,-1.0636212825775146,-0.8961030943607922,0.16751818821672249,B:9.7|B:11.2|E:10.7,3,0,2,1,0,1,1,0,0,1
pb_group_interaction,3,52,0.2147730588912964,-0.13351587999661457,-0.34828893888791096,B:9.0|B:10.6,2,0,2,0,0,1,0,0,0,0
pb_group_interaction,3,9,0.1278882622718811,-0.10538106780841022,-0.23326933008029133,B:10.10,1,0,1,0,0,1,0,0,0,0
pb_group_interaction,3,7,0.04607735201716423,-0.2827938503940344,-0.3288712024111986,B:10.2,1,0,1,0,0,1,0,0,0,0
pb_group_interaction,3,37,-0.5160127282142639,-0.7292298551755748,-0.2132171269613109,B:9.7|E:11.10,2,0,1,1,0,1,1,0,0,1
pb_group_interaction,3,91,-0.8861677646636963,-1.147013376925343,-0.2608456122616467,P:9.6|B:9.0|E:10.7,3,1,1,1,1,1,1,1,1,1
pb_group_interaction,3,113,0.3818577826023102,0.5501154401614642,0.168257657559154,P:9.9|B:10.2|B:10.6|B:11.2,4,1,3,0,1,1,0,1,0,0
pb_group_interaction,4,38,-1.9262864589691162,-1.2858375369709014,0.6404489219982148,B:9.7|E:10.7|E:11.10,3,0,1,2,0,1,1,0,0,1
pb_group_interaction,4,62,0.5181520581245422,0.24240943355818045,-0.2757426245663618,P:10.0|B:10.10,2,1,1,0,1,1,0,1,0,0
pb_group_interaction,4,57,-0.7122814655303955,-0.37340197077120674,0.33887949475918877,B:9.0|B:9.7|B:10.2|B:11.9|E:10.7,5,0,4,1,0,1,1,0,0,1
pb_group_interaction,4,148,1.5488628149032593,0.4126501263634881,-1.1362126885397712,P:9.9|P:9.6|P:10.0|B:9.7|B:10.2|B:10.10|B:11.2|B:11.9|E:10.7|E:11.10,10,3,5,2,1,1,1,1,1,1
pb_group_interaction,4,1,0.19358167052268982,0.6269246830172137,0.4333430124945239,P:9.9,1,1,0,0,1,0,0,0,0,0
pb_group_interaction,4,53,-1.8916981220245361,-1.335488315775375,0.5562098062491612,B:9.0|B:10.6|E:10.7|E:11.10,4,0,2,2,0,1,1,0,0,1
pb_group_interaction,4,126,0.9933457374572754,0.8686133269719725,-0.12473241048530292,P:9.9|P:10.0|B:10.2|B:10.10|B:11.9|E:10.7,6,2,3,1,1,1,1,1,1,1
pb_group_interaction,4,14,-2.1500723361968994,-1.5648026443694572,0.5852696918274423,E:10.7|E:11.10,2,0,0,2,0,0,1,0,0,0
pb_group_interaction,4,40,-0.12516099214553833,-0.22740698823378436,-0.10224599608824603,B:9.7|B:11.2,2,0,2,0,0,1,0,0,0,0
pb_group_interaction,4,141,0.2523966431617737,0.5435241407619775,0.29112749760020384,P:9.9|P:9.6|B:9.0|B:10.1|B:10.6|B:10.10|E:11.10,7,2,4,1,1,1,1,1,1,1
pb_group_interaction,4,34,-0.572437584400177,-0.7413419093491969,-0.16890432494901986,B:10.1|B:10.6|B:11.2|E:11.10,4,0,3,1,0,1,1,0,0,1
pb_group_interaction,4,99,0.6339579224586487,0.6188936869258767,-0.01506423553277203,P:9.6|P:10.0|B:10.6|B:10.10,4,2,2,0,1,1,0,1,0,0
pb_group_interaction,4,109,0.18866771459579468,0.11090136391743255,-0.07776635067836213,P:9.9|B:10.10|B:11.2|B:11.9|E:10.7,5,1,3,1,1,1,1,1,1,1
pb_group_interaction,4,49,-0.2710680365562439,-0.40408796870934144,-0.13301993215309754,B:9.7|B:10.1|B:10.2|B:10.10|B:11.2|E:11.10,6,0,5,1,0,1,1,0,0,1
pb_group_interaction,4,127,0.9379106163978577,1.1714787992477804,0.23356818284992276,P:9.9|P:10.0|B:10.1|B:10.2,4,2,2,0,1,1,0,1,0,0
pb_group_interaction,4,21,-1.1985448598861694,-0.8962282775573651,0.3023165823288043,B:11.2|B:11.9|E:10.7,3,0,2,1,0,1,1,0,0,1
pb_group_interaction,4,125,1.0332492589950562,0.8065731508700522,-0.22667610812500394,P:9.9|P:10.0|B:10.6|B:10.10|B:11.2|B:11.9|E:11.10,7,2,4,1,1,1,1,1,1,1
pb_group_interaction,4,66,0.5857577323913574,0.3878087038324638,-0.19794902855889362,P:10.0|B:10.2|B:10.6|B:10.10|B:11.2,5,1,4,0,1,1,0,1,0,0
pb_group_interaction,4,104,-1.0053186416625977,-0.6904006586245458,0.31491798303805185,P:9.6|P:10.0|B:9.7|B:10.1|B:11.2|B:11.9|E:10.7|E:11.10,8,2,4,2,1,1,1,1,1,1
pb_group_interaction,4,22,-1.0753962993621826,-0.8694938679766,0.20590243138558262,B:10.10|B:11.2|E:10.7,3,0,2,1,0,1,1,0,0,1
pb_group_interaction,4,46,0.5397059917449951,0.5533635660221938,0.013657574277198714,B:9.7|B:10.2|B:10.6|B:10.10,4,0,4,0,0,1,0,0,0,0
pb_group_interaction,4,111,-0.3886294364929199,-0.5359887656020573,-0.1473593291091374,P:9.9|B:10.6|E:10.7|E:11.10,4,1,1,2,1,1,1,1,1,1
pb_group_interaction,4,70,0.1408117264509201,-0.2019576927905599,-0.34276941924147997,P:10.0|B:10.1|B:10.2|B:11.9|E:11.10,5,1,3,1,1,1,1,1,1,1
pb_group_interaction,4,77,-1.0272947549819946,-0.48332413158090226,0.5439706234010924,P:10.0|B:9.7|B:10.1|B:10.2|B:10.10|B:11.2|B:11.9|E:10.7|E:11.10,9,1,6,2,1,1,1,1,1,1
pb_group_interaction,4,145,0.6377639770507812,0.903413877785714,0.2656499007349328,P:9.9|P:9.6|P:10.0|B:10.6|B:10.10|E:11.10,6,3,2,1,1,1,1,1,1,1
pb_group_interaction,4,20,2.3267788887023926,0.7959254816007714,-1.5308534071016213,P:9.9|P:9.6|P:10.0|B:9.0|B:9.7|B:10.1|B:10.2|B:10.6|B:10.10|B:11.2|B:11.9|E:10.7|E:11.10,13,3,8,2,1,1,1,1,1,1
pb_group_interaction,4,67,0.5814975500106812,0.3696360506206162,-0.21186149939006493,P:10.0|B:10.1|B:11.9,3,1,2,0,1,1,0,1,0,0
pb_group_interaction,4,121,-0.21891625225543976,-0.5909946478855972,-0.37207839563015743,P:9.9|B:9.0|B:10.10|E:10.7|E:11.10,5,1,2,2,1,1,1,1,1,1
pb_group_interaction,4,133,-0.23220820724964142,0.5878714160443687,0.8200796232940101,P:9.9|P:9.6|B:11.2|B:11.9,4,2,2,0,1,1,0,1,0,0
pb_group_interaction,4,65,-0.2793356776237488,-0.04578944054034051,0.23354623708340827,P:10.0|B:10.2|B:10.6|B:11.9|E:10.7,5,1,3,1,1,1,1,1,1,1
pb_group_interaction,4,47,0.597973108291626,0.6273515221314929,0.029378413839866946,B:9.7|B:10.1|B:10.6|B:10.10,4,0,4,0,0,1,0,0,0,0
group_interaction,0,90,-0.595661997795105,-0.38553891124753503,0.21012308654756995,P:9.6|B:9.7|B:10.1|B:10.6|B:11.2|E:10.7,6,1,4,1,1,1,1,1,1,1
group_interaction,0,26,0.0753335952758789,0.37161683283006924,0.29628323755419034,B:10.6|B:10.10|B:11.2|B:11.9,4,0,4,0,0,1,0,0,0,0
group_interaction,0,114,0.47765815258026123,0.023627242846397722,-0.4540309097338635,P:9.9|B:10.1|B:10.2|E:10.7,4,1,2,1,1,1,1,1,1,1
group_interaction,0,35,0.053665924817323685,0.17076762984073546,0.11710170502341177,B:10.1|B:10.6|B:11.2|B:11.9,4,0,4,0,0,1,0,0,0,0
group_interaction,0,58,0.5000542402267456,0.3368479329507801,-0.16320630727596552,B:9.0|B:9.7|B:10.1|B:10.6,4,0,4,0,0,1,0,0,0,0
group_interaction,0,142,0.26869750022888184,-0.2209626117749277,-0.48966011200380954,P:9.9|P:9.6|B:9.0|B:9.7|B:10.10|E:10.7|E:11.10,7,2,3,2,1,1,1,1,1,1
group_interaction,0,155,1.256514310836792,1.288459749298986,0.031945438462194,P:9.9|P:9.6|P:10.0|B:9.0|B:9.7|B:10.2|B:10.10|B:11.2|B:11.9|E:11.10,10,3,6,1,1,1,1,1,1,1
group_interaction,0,134,0.5611758232116699,0.22418203976332873,-0.3369937834483412,P:9.9|P:9.6|B:10.6|E:10.7,4,2,1,1,1,1,1,1,1,1
group_interaction,0,73,0.1380012333393097,0.07024348394731272,-0.06775774939199697,P:10.0|B:9.7|B:10.2|B:11.9|E:11.10,5,1,3,1,1,1,1,1,1,1
group_interaction,0,83,-1.8848259449005127,-1.565826089411197,0.31899985548931564,P:9.6|B:10.2|E:10.7|E:11.10,4,1,1,2,1,1,1,1,1,1
group_interaction,0,36,0.18984061479568481,0.03267344089657946,-0.15716717389910534,B:10.1|B:10.2|B:10.6|B:10.10|B:11.9|E:11.10,6,0,5,1,0,1,1,0,0,1
group_interaction,0,149,0.5778186321258545,1.2332941010117975,0.655475468885943,P:9.9|P:9.6|P:10.0|B:9.7|B:10.1|B:10.6|E:11.10,7,3,3,1,1,1,1,1,1,1
group_interaction,0,19,1.8685230016708374,2.135943570292965,0.2674205686221276,P:9.9|P:9.6|P:10.0|B:9.0|B:9.7|B:10.1|B:10.2|B:10.6|B:10.10|B:11.2|B:11.9,11,3,8,0,1,1,0,1,0,0
group_interaction,0,156,1.7477082014083862,1.1974396923269017,-0.5502685090814845,P:9.9|P:9.6|P:10.0|B:9.0|B:9.7|B:10.2|B:10.6|B:11.2|B:11.9|E:10.7,10,3,6,1,1,1,1,1,1,1
group_interaction,0,32,0.3163869380950928,0.09317745458131255,-0.22320948351378023,B:10.1|B:10.6,2,0,2,0,0,1,0,0,0,0
group_interaction,0,89,0.01536153256893158,0.3200275570357176,0.30466602446678603,P:9.6|B:9.7|B:10.1|B:10.10|B:11.2|B:11.9,6,1,5,0,1,1,0,1,0,0
group_interaction,0,43,0.38185328245162964,0.24891691558200052,-0.13293636686962912,B:9.7|B:10.6,2,0,2,0,0,1,0,0,0,0
group_interaction,0,107,0.5906956195831299,0.3602581105375545,-0.23043750904557536,P:9.6|P:10.0|B:9.0|B:9.7|B:10.2,5,2,3,0,1,1,0,1,0,0
group_interaction,0,138,-0.4714113175868988,0.06429395702903196,0.5357052746159308,P:9.9|P:9.6|B:9.0|B:10.2|E:11.10,5,2,2,1,1,1,1,1,1,1
group_interaction,0,30,0.22791749238967896,0.1208118643261254,-0.10710562806355356,B:10.1|B:10.10,2,0,2,0,0,1,0,0,0,0
group_interaction,0,4,0.0034867338836193085,-0.4133644058472975,-0.4168511397309168,B:9.0,1,0,1,0,0,1,0,0,0,0
group_interaction,0,25,-1.8505467176437378,-1.3950719143847603,0.4554748032589775,B:10.6|B:10.10|B:11.2|E:10.7|E:11.10,5,0,3,2,0,1,1,0,0,1
group_interaction,0,87,-0.05161554738879204,0.3224569644675136,0.37407251185630563,P:9.6|B:9.7|B:10.2|B:10.10|B:11.2|B:11.9,6,1,5,0,1,1,0,1,0,0
group_interaction,0,136,0.5182402729988098,0.6255654472858754,0.10732517428706556,P:9.9|P:9.6|B:9.7|B:10.10|B:11.2|B:11.9|E:10.7,7,2,4,1,1,1,1,1,1,1
group_interaction,0,130,1.0393701791763306,1.0931691455665775,0.05379896639024695,P:9.9|P:10.0|B:9.7|B:10.2|B:10.10|E:11.10,6,2,3,1,1,1,1,1,1,1
group_interaction,0,123,0.027535997331142426,-0.3152358015893981,-0.34277179892054055,P:9.9|B:9.0|B:10.1|B:11.2|E:10.7,5,1,3,1,1,1,1,1,1,1
group_interaction,0,51,-0.6954300403594971,-0.9579857529884064,-0.2625557126289093,B:9.0|B:11.9|E:11.10,3,0,2,1,0,1,1,0,0,1
group_interaction,0,48,0.3063284754753113,0.1859834944654713,-0.12034498100983998,B:9.7|B:10.1|B:10.6|B:10.10|B:11.9|E:11.10,6,0,5,1,0,1,1,0,0,1
group_interaction,0,88,0.1200236976146698,0.3861867458529785,0.2661630482383087,P:9.6|B:9.7|B:10.2|B:10.6|B:10.10|B:11.9|E:11.10,7,1,5,1,1,1,1,1,1,1
group_interaction,0,153,0.8125643730163574,1.1072918532461307,0.29472748022977324,P:9.9|P:9.6|P:10.0|B:9.0|B:10.1|B:10.2,6,3,3,0,1,1,0,1,0,0
group_interaction,0,60,0.3031556308269501,0.6774393350696225,0.37428370424267243,B:9.0|B:9.7|B:10.1|B:10.2|B:10.6|B:10.10|B:11.2,7,0,7,0,0,1,0,0,0,0
group_interaction,0,147,1.2249832153320312,1.3409480934478295,0.11596487811579825,P:9.9|P:9.6|P:10.0|B:9.7|B:10.2|B:10.10|B:11.2|B:11.9|E:11.10,9,3,5,1,1,1,1,1,1,1
group_interaction,1,144,0.8243080377578735,1.5663489132294959,0.7420408754716223,P:9.9|P:9.6|P:10.0|B:10.6|B:11.9,5,3,2,0,1,1,0,1,0,0
group_interaction,1,13,-0.7300630211830139,-1.1622383291273344,-0.43217530794432046,E:11.10,1,0,0,1,0,0,1,0,0,0
group_interaction,1,3,0.42918601632118225,0.18413975308282665,-0.2450462632383556,P:10.0,1,1,0,0,1,0,0,0,0,0
group_interaction,1,59,0.5976948142051697,0.7283747279153194,0.13067991371014975,B:9.0|B:9.7|B:10.1|B:10.2|B:10.6|B:11.9,6,0,6,0,0,1,0,0,0,0
group_interaction,1,39,-0.7762652039527893,-0.5090786220808146,0.26718658187197475,B:9.7|B:11.9|E:10.7,3,0,2,1,0,1,1,0,0,1
group_interaction,1,132,1.0787711143493652,0.8208726528337085,-0.25789846151565676,P:9.9|P:10.0|B:9.0|B:10.2|B:10.6|E:10.7,6,2,3,1,1,1,1,1,1,1
group_interaction,1,124,0.6422114372253418,1.1824463884484142,0.5402349512230724,P:9.9|P:10.0,2,2,0,0,1,0,0,0,0,0
group_interaction,1,69,-0.1578442007303238,0.19349440603143608,0.3513386067617599,P:10.0|B:10.1|B:10.6|B:10.10|E:10.7,5,1,3,1,1,1,1,1,1,1
group_interaction,1,8,0.2057855874300003,-0.07802987832850261,-0.2838154657585029,B:10.6,1,0,1,0,0,1,0,0,0,0
group_interaction,1,96,0.43713223934173584,0.45467007793169933,0.017537838589963495,P:9.6|B:9.0|B:9.7|B:10.1|B:10.6|B:11.9,6,1,5,0,1,1,0,1,0,0
group_interaction,1,95,-1.3447966575622559,-1.0903454469073695,0.2544512106548864,P:9.6|B:9.0|B:9.7|B:10.2|B:10.6|E:10.7|E:11.10,7,1,4,2,1,1,1,1,1,1
group_interaction,1,71,0.6027172207832336,0.17370650847613212,-0.4290107123071015,P:10.0|B:9.7,2,1,1,0,1,1,0,1,0,0
group_interaction,1,84,0.16804468631744385,-0.20588126842782975,-0.37392595474527357,P:9.6|B:10.2|B:10.6,3,1,2,0,1,1,0,1,0,0
group_interaction,1,128,0.24340668320655823,0.7555546871715753,0.512148003965017,P:9.9|P:10.0|B:9.7|E:11.10,4,2,1,1,1,1,1,1,1,1
group_interaction,1,79,0.9280621409416199,0.8303128669185112,-0.09774927402310862,P:10.0|B:9.0|B:9.7|B:10.2|B:10.6|B:10.10,6,1,5,0,1,1,0,1,0,0
group_interaction,1,33,-0.2582476735115051,-0.6977650064281797,-0.4395173329166746,B:10.1|B:10.6|E:11.10,3,0,2,1,0,1,1,0,0,1
group_interaction,1,119,0.43619659543037415,0.9850281893662989,0.5488315939359247,P:9.9|B:9.7|B:10.6|B:11.2|B:11.9,5,1,4,0,1,1,0,1,0,0
group_interaction,1,116,-0.3665222227573395,0.19955876710518827,0.5660809898625278,P:9.9|B:9.7|E:11.10,3,1,1,1,1,1,1,1,1,1
group_interaction,1,29,-0.1502489149570465,-0.15819228149458736,-0.007943366537540852,B:10.1|B:11.2|B:11.9,3,0,3,0,0,1,0,0,0,0
group_interaction,1,100,0.48271340131759644,0.3539029878822857,-0.12881041343531074,P:9.6|P:10.0|B:10.2|B:10.10,4,2,2,0,1,1,0,1,0,0
group_interaction,1,10,-0.3037194609642029,-0.5875257462151493,-0.2838062852509464,B:11.2,1,0,1,0,0,1,0,0,0,0
group_interaction,1,146,0.8021336793899536,1.1930742069021514,0.39094052751219777,P:9.9|P:9.6|P:10.0|B:10.1|B:10.2,5,3,2,0,1,1,0,1,0,0
group_interaction,1,86,-1.0828529596328735,-1.0662830143737028,0.01656994525917077,P:9.6|B:10.1|B:11.2|E:11.10,4,1,2,1,1,1,1,1,1,1
group_interaction,1,120,0.34306079149246216,0.6356526005570389,0.2925918090645767,P:9.9|B:9.7|B:10.1|B:10.10|E:11.10,5,1,3,1,1,1,1,1,1,1
group_interaction,1,12,-1.0317822694778442,-1.1440064003740695,-0.1122241308962253,E:10.7,1,0,0,1,0,0,1,0,0,0
group_interaction,1,98,-1.4053977727890015,-1.1300622800833917,0.27533549270560975,P:9.6|P:10.0|B:11.2|B:11.9|E:10.7|E:11.10,6,2,2,2,1,1,1,1,1,1
group_interaction,1,102,-0.16227994859218597,0.045152208637253555,0.20743215722943953,P:9.6|P:10.0|B:9.7|B:10.2|B:11.2|B:11.9|E:10.7,7,2,4,1,1,1,1,1,1,1
group_interaction,1,6,0.11284340918064117,-0.23337695843049597,-0.34622036761113717,B:10.1,1,0,1,0,0,1,0,0,0,0
group_interaction,1,152,0.6535904407501221,1.4032406480738913,0.7496502073237692,P:9.9|P:9.6|P:10.0|B:9.0|B:10.1|B:11.9,6,3,3,0,1,1,0,1,0,0
group_interaction,1,106,-0.7090648412704468,-0.4169217587551456,0.2921430825153012,P:9.6|P:10.0|B:9.0|B:10.1|B:10.2|B:10.6|B:11.9|E:10.7|E:11.10,9,2,5,2,1,1,1,1,1,1
group_interaction,1,11,0.04421548917889595,-0.08100191081606278,-0.12521739999495873,B:11.9,1,0,1,0,0,1,0,0,0,0
group_interaction,1,117,-0.49109554290771484,-0.572591466285321,-0.08149592337760614,P:9.9|B:9.7|E:10.7|E:11.10,4,1,1,2,1,1,1,1,1,1
group_interaction,2,103,0.7969586253166199,0.6056210144280427,-0.19133761088857715,P:9.6|P:10.0|B:9.7|B:10.2|B:10.6,5,2,3,0,1,1,0,1,0,0
group_interaction,2,16,-1.3794432878494263,-0.7392307090189674,0.6402125788304589,B:9.0|B:9.7|B:10.1|B:10.2|B:10.6|B:10.10|B:11.2|B:11.9|E:10.7|E:11.10,10,0,8,2,0,1,1,0,0,1
group_interaction,2,24,-0.822664737701416,-0.8058344685958508,0.016830269105565177,B:10.6|E:10.7,2,0,1,1,0,1,1,0,0,1
group_interaction,2,74,0.5657888054847717,0.25950821925472434,-0.3062805862300474,P:10.0|B:9.7|B:10.1|B:11.2|B:11.9,5,1,4,0,1,1,0,1,0,0
group_interaction,2,131,1.47161865234375,1.3371669943309885,-0.1344516580127615,P:9.9|P:10.0|B:9.7|B:10.1|B:10.6|B:10.10|B:11.2|B:11.9|E:11.10,9,2,6,1,1,1,1,1,1,1
group_interaction,2,82,-0.8344820737838745,-0.8587901604752213,-0.024308086691346764,P:9.6|B:10.2|E:11.10,3,1,1,1,1,1,1,1,1,1
group_interaction,2,115,-0.3236079812049866,-0.09013983428239514,0.23346814692259144,P:9.9|B:10.1|B:10.2|B:11.2|E:11.10,5,1,3,1,1,1,1,1,1,1
group_interaction,2,81,-0.22903822362422943,0.18004765279949542,0.40908587642372485,P:10.0|B:9.0|B:9.7|B:10.1|B:10.2|B:10.10|B:11.2|E:10.7,8,1,6,1,1,1,1,1,1,1
group_interaction,2,2,-0.1576346457004547,-0.2919254252949399,-0.1342907795944852,P:9.6,1,1,0,0,1,0,0,0,0,0
group_interaction,2,139,0.36554136872291565,0.12116469633853932,-0.24437667238437633,P:9.9|P:9.6|B:9.0|B:10.2|B:11.2|B:11.9|E:10.7,7,2,4,1,1,1,1,1,1,1
group_interaction,2,64,-0.7005806565284729,-0.5436610109756336,0.15691964555283933,P:10.0|B:10.2|B:11.2|E:10.7,4,1,2,1,1,1,1,1,1,1
group_interaction,2,27,0.250720739364624,0.10337893979853616,-0.14734179956608787,B:10.2|B:10.6,2,0,2,0,0,1,0,0,0,0
group_interaction,2,68,0.12592610716819763,-0.3253120507253549,-0.45123815789355254,P:10.0|B:10.1|B:10.6|B:11.2|E:11.10,5,1,3,1,1,1,1,1,1,1
group_interaction,2,101,0.5091183185577393,0.17434131226190352,-0.33477700629583573,P:9.6|P:10.0|B:9.7,3,2,1,0,1,1,0,1,0,0
group_interaction,2,118,0.5970599055290222,0.4492134266164456,-0.14784647891257663,P:9.9|B:9.7|B:10.6|E:10.7,4,1,2,1,1,1,1,1,1,1
group_interaction,2,158,1.248700737953186,0.1082108488290201,-1.140489889124166,P:9.9|P:9.6|P:10.0|B:9.0|B:9.7|B:10.1|B:10.2|B:11.2|B:11.9|E:10.7|E:11.10,11,3,6,2,1,1,1,1,1,1
group_interaction,2,122,0.6891814470291138,0.744768407778143,0.055586960749029246,P:9.9|B:9.0|B:10.2|B:10.6,4,1,3,0,1,1,0,1,0,0
group_interaction,2,23,-0.4600883722305298,-0.8411935911791565,-0.3811052189486267,B:10.6|E:11.10,2,0,1,1,0,1,1,0,0,1
group_interaction,2,137,-0.025706518441438675,0.349464042684667,0.3751705611261057,P:9.9|P:9.6|B:9.0,3,2,1,0,1,1,0,1,0,0
group_interaction,2,143,0.8449387550354004,0.794012691439663,-0.05092606359573737,P:9.9|P:9.6|B:9.0|B:9.7|B:10.1|B:10.6|B:10.10|B:11.2|E:10.7,9,2,6,1,1,1,1,1,1,1
group_interaction,2,56,0.11645320057868958,-0.2099505820562794,-0.32640378263496894,B:9.0|B:10.1,2,0,2,0,0,1,0,0,0,0
group_interaction,2,31,-0.2099604457616806,-0.7215890584307251,-0.5116286126690445,B:10.1|B:10.10|E:11.10,3,0,2,1,0,1,1,0,0,1
group_interaction,2,159,1.5357577800750732,0.5573307385953203,-0.9784270414797529,P:9.9|P:9.6|P:10.0|B:9.0|B:9.7|B:10.1|B:10.2|B:10.6|B:11.9|E:10.7|E:11.10,11,3,6,2,1,1,1,1,1,1
group_interaction,2,63,0.027358129620552063,-0.18368762732328137,-0.21104575694383343,P:10.0|B:10.10|B:11.2|B:11.9|E:11.10,5,1,3,1,1,1,1,1,1,1
group_interaction,2,50,0.04845794662833214,-0.10563135113132524,-0.15408929775965738,B:9.0|B:11.9,2,0,2,0,0,1,0,0,0,0
group_interaction,2,85,-0.046540651470422745,0.06586466185375384,0.11240531332417658,P:9.6|B:10.2|B:10.6|B:10.10|B:11.2,5,1,4,0,1,1,0,1,0,0
group_interaction,2,150,1.6031233072280884,0.5589850910324283,-1.04413821619566,P:9.9|P:9.6|P:10.0|B:9.7|B:10.1|B:10.2|B:10.10|B:11.9|E:10.7|E:11.10,10,3,5,2,1,1,1,1,1,1
group_interaction,2,78,-1.5730154514312744,-1.1861177913278786,0.38689766010339577,P:10.0|B:9.0|B:10.2|E:10.7|E:11.10,5,1,2,2,1,1,1,1,1,1
group_interaction,2,93,-0.4406649172306061,-0.3474535438220532,0.0932113734085529,P:9.6|B:9.0|B:10.1|B:10.6|B:11.9|E:10.7,6,1,4,1,1,1,1,1,1,1
group_interaction,2,92,-0.28124770522117615,-0.3130811630316122,-0.03183345781043606,P:9.6|B:9.0|B:10.6|B:10.10|E:11.10,5,1,3,1,1,1,1,1,1,1
group_interaction,2,110,0.456341415643692,0.5791820879361982,0.12284067229250617,P:9.9|B:10.6,2,1,1,0,1,1,0,1,0,0
group_interaction,2,18,0.16123811900615692,-0.19250965786280427,-0.3537477768689612,P:9.9|P:9.6|P:10.0|E:10.7|E:11.10,5,3,0,2,1,0,1,0,1,0
group_interaction,3,15,0.35023680329322815,0.9520114995861513,0.6017746962929231,B:9.0|B:9.7|B:10.1|B:10.2|B:10.6|B:10.10|B:11.2|B:11.9,8,0,8,0,0,1,0,0,0,0
group_interaction,3,97,-0.44264063239097595,-0.6340919782630681,-0.19145134587209212,P:9.6|P:10.0|B:11.2|E:11.10,4,2,1,1,1,1,1,1,1,1
group_interaction,3,80,-1.1219369173049927,-0.3897529348942871,0.7321839824107056,P:10.0|B:9.0|B:9.7|B:10.1|B:10.2|B:11.9|E:10.7|E:11.10,8,1,5,2,1,1,1,1,1,1
group_interaction,3,108,1.0093169212341309,1.1920585155288688,0.1827415942947379,P:9.6|P:10.0|B:9.0|B:9.7|B:10.1|B:10.2|B:10.6|B:10.10|B:11.2|B:11.9,10,2,8,0,1,1,0,1,0,0
group_interaction,3,151,1.6777565479278564,1.616490895208648,-0.06126565271920836,P:9.9|P:9.6|P:10.0|B:9.7|B:10.1|B:10.2|B:10.6|B:11.9|E:10.7,9,3,5,1,1,1,1,1,1,1
group_interaction,3,112,-0.5692129135131836,-0.6221220962472956,-0.05290918273411205,P:9.9|B:10.6|B:11.2|B:11.9|E:10.7|E:11.10,6,1,3,2,1,1,1,1,1,1
group_interaction,3,75,-0.21502315998077393,0.03956915190049748,0.2545923118812714,P:10.0|B:9.7|B:10.1|B:10.6|B:11.2|E:10.7,6,1,4,1,1,1,1,1,1,1
group_interaction,3,17,0.46300008893013,1.2890998626064696,0.8260997736763396,P:9.9|P:9.6|P:10.0,3,3,0,0,1,0,0,0,0,0
group_interaction,3,44,0.22910833358764648,0.11854424675195302,-0.11056408683569346,B:9.7|B:10.2,2,0,2,0,0,1,0,0,0,0
group_interaction,3,154,1.506675362586975,1.4458837949192662,-0.06079156766770888,P:9.9|P:9.6|P:10.0|B:9.0|B:10.1|B:10.2|B:10.6|B:10.10|E:10.7,9,3,5,1,1,1,1,1,1,1
group_interaction,3,5,0.18057629466056824,-0.024564515159660905,-0.20514080982022914,B:9.7,1,0,1,0,0,1,0,0,0,0
group_interaction,3,157,0.20593217015266418,0.9731536068911202,0.767221436738456,P:9.9|P:9.6|P:10.0|B:9.0|B:9.7|B:10.1|E:11.10,7,3,3,1,1,1,1,1,1,1
group_interaction,3,72,-1.3849807977676392,-0.8050519672005448,0.5799288305670943,P:10.0|B:9.7|B:10.2|E:10.7|E:11.10,5,1,2,2,1,1,1,1,1,1
group_interaction,3,76,-0.2652815878391266,0.22159929006249235,0.48688087790161894,P:10.0|B:9.7|B:10.1|B:10.2|B:10.10|B:11.2|E:10.7,7,1,5,1,1,1,1,1,1,1
group_interaction,3,135,0.5671759843826294,0.12538439304225069,-0.4417915913403787,P:9.9|P:9.6|B:10.2|B:10.6|B:11.2|E:10.7,6,2,3,1,1,1,1,1,1,1
group_interaction,3,42,-0.08413377404212952,-0.002985177793057958,0.08114859624907156,B:9.7|B:11.2|B:11.9,3,0,3,0,0,1,0,0,0,0
group_interaction,3,55,-0.7925074696540833,-0.6461691175545936,0.14633835209948964,B:9.0|B:10.2|B:10.10|E:10.7,4,0,3,1,0,1,1,0,0,1
group_interaction,3,28,-1.568481206893921,-1.1028190656915866,0.4656621412023343,B:10.2|B:10.6|B:10.10|E:10.7|E:11.10,5,0,3,2,0,1,1,0,0,1
group_interaction,3,45,-0.5863298177719116,-0.40694736926946495,0.17938244850244667,B:9.7|B:10.2|B:10.6|E:10.7,4,0,3,1,0,1,1,0,0,1
group_interaction,3,61,-1.640993356704712,-0.6858054093290638,0.9551879473756482,P:10.0|E:10.7|E:11.10,3,1,0,2,1,0,1,0,1,0
group_interaction,3,94,0.027342859655618668,-0.361809104594368,-0.38915196424998666,P:9.6|B:9.0|B:9.7,3,1,2,0,1,1,0,1,0,0
group_interaction,3,129,0.43663594126701355,0.05590215553486888,-0.38073378573214467,P:9.9|P:10.0|B:9.7|B:10.6|B:11.2|E:10.7|E:11.10,7,2,3,2,1,1,1,1,1,1
group_interaction,3,105,0.4278859496116638,0.26531361141313736,-0.16257233819852646,P:9.6|P:10.0|B:9.0|B:10.10,4,2,2,0,1,1,0,1,0,0
group_interaction,3,54,-0.858051598072052,-0.6990838941038575,0.15896770396819448,B:9.0|B:10.6|B:10.10|B:11.2|E:10.7,5,0,4,1,0,1,1,0,0,1
group_interaction,3,140,-0.0563080757856369,0.3335058100238669,0.3898138858095038,P:9.9|P:9.6|B:9.0|B:10.2|B:10.6|E:11.10,6,2,3,1,1,1,1,1,1,1
group_interaction,3,41,-1.0636212825775146,-1.0379678636491472,0.025653418928367477,B:9.7|B:11.2|E:10.7,3,0,2,1,0,1,1,0,0,1
group_interaction,3,52,0.2147730588912964,-0.013654780779961573,-0.22842783967125796,B:9.0|B:10.6,2,0,2,0,0,1,0,0,0,0
group_interaction,3,9,0.1278882622718811,0.003752729076073713,-0.12413553319580739,B:10.10,1,0,1,0,0,1,0,0,0,0
group_interaction,3,7,0.04607735201716423,-0.18111274417790277,-0.227190096195067,B:10.2,1,0,1,0,0,1,0,0,0,0
group_interaction,3,37,-0.5160127282142639,-0.8513603130618768,-0.33534758484761285,B:9.7|E:11.10,2,0,1,1,0,1,1,0,0,1
group_interaction,3,91,-0.8861677646636963,-1.0002733871220448,-0.11410562245834854,P:9.6|B:9.0|E:10.7,3,1,1,1,1,1,1,1,1,1
group_interaction,3,113,0.3818577826023102,0.36354468700053366,-0.01831309560177652,P:9.9|B:10.2|B:10.6|B:11.2,4,1,3,0,1,1,0,1,0,0
group_interaction,4,38,-1.9262864589691162,-1.5539741819744028,0.37231227699471336,B:9.7|E:10.7|E:11.10,3,0,1,2,0,1,1,0,0,1
group_interaction,4,62,0.5181520581245422,0.12099079359513965,-0.3971612645294026,P:10.0|B:10.10,2,1,1,0,1,1,0,1,0,0
group_interaction,4,57,-0.7122814655303955,-0.4053202509420887,0.30696121458830683,B:9.0|B:9.7|B:10.2|B:11.9|E:10.7,5,0,4,1,0,1,1,0,0,1
group_interaction,4,148,1.5488628149032593,0.33519894714688236,-1.213663867756377,P:9.9|P:9.6|P:10.0|B:9.7|B:10.2|B:10.10|B:11.2|B:11.9|E:10.7|E:11.10,10,3,5,2,1,1,1,1,1,1
group_interaction,4,1,0.19358167052268982,0.6371527902112265,0.4435711196885367,P:9.9,1,1,0,0,1,0,0,0,0,0
group_interaction,4,53,-1.8916981220245361,-1.5733832272766166,0.3183148947479195,B:9.0|B:10.6|E:10.7|E:11.10,4,0,2,2,0,1,1,0,0,1
group_interaction,4,126,0.9933457374572754,0.9967479179029859,0.003402180445710501,P:9.9|P:10.0|B:10.2|B:10.10|B:11.9|E:10.7,6,2,3,1,1,1,1,1,1,1
group_interaction,4,14,-2.1500723361968994,-1.8930562225250411,0.2570161136718583,E:10.7|E:11.10,2,0,0,2,0,0,1,0,0,0
group_interaction,4,40,-0.12516099214553833,-0.2004863975219724,-0.07532540537643406,B:9.7|B:11.2,2,0,2,0,0,1,0,0,0,0
group_interaction,4,141,0.2523966431617737,0.652575056613054,0.40017841345128036,P:9.9|P:9.6|B:9.0|B:10.1|B:10.6|B:10.10|E:11.10,7,2,4,1,1,1,1,1,1,1
group_interaction,4,34,-0.572437584400177,-0.861411687170022,-0.28897410276984503,B:10.1|B:10.6|B:11.2|E:11.10,4,0,3,1,0,1,1,0,0,1
group_interaction,4,99,0.6339579224586487,0.5297357156256601,-0.10422220683298855,P:9.6|P:10.0|B:10.6|B:10.10,4,2,2,0,1,1,0,1,0,0
group_interaction,4,109,0.18866771459579468,0.19627779631213937,0.0076100817163446965,P:9.9|B:10.10|B:11.2|B:11.9|E:10.7,5,1,3,1,1,1,1,1,1,1
group_interaction,4,49,-0.2710680365562439,-0.5122328264568486,-0.24116478990060475,B:9.7|B:10.1|B:10.2|B:10.10|B:11.2|E:11.10,6,0,5,1,0,1,1,0,0,1
group_interaction,4,127,0.9379106163978577,0.9670785927008317,0.029167976302974075,P:9.9|P:10.0|B:10.1|B:10.2,4,2,2,0,1,1,0,1,0,0
group_interaction,4,21,-1.1985448598861694,-0.98791839815653,0.2106264617296394,B:11.2|B:11.9|E:10.7,3,0,2,1,0,1,1,0,0,1
group_interaction,4,125,1.0332492589950562,0.9212445637244405,-0.11200469527061563,P:9.9|P:10.0|B:10.6|B:10.10|B:11.2|B:11.9|E:11.10,7,2,4,1,1,1,1,1,1,1
group_interaction,4,66,0.5857577323913574,0.2689037584469821,-0.3168539739443753,P:10.0|B:10.2|B:10.6|B:10.10|B:11.2,5,1,4,0,1,1,0,1,0,0
group_interaction,4,104,-1.0053186416625977,-0.7864235508351264,0.21889509082747127,P:9.6|P:10.0|B:9.7|B:10.1|B:11.2|B:11.9|E:10.7|E:11.10,8,2,4,2,1,1,1,1,1,1
group_interaction,4,22,-1.0753962993621826,-0.9669497429060487,0.10844655645613388,B:10.10|B:11.2|E:10.7,3,0,2,1,0,1,1,0,0,1
group_interaction,4,46,0.5397059917449951,0.6657260263522953,0.12602003460730016,B:9.7|B:10.2|B:10.6|B:10.10,4,0,4,0,0,1,0,0,0,0
group_interaction,4,111,-0.3886294364929199,-0.6288922067397738,-0.24026277024685383,P:9.9|B:10.6|E:10.7|E:11.10,4,1,1,2,1,1,1,1,1,1
group_interaction,4,70,0.1408117264509201,-0.07809697467201115,-0.21890870112293126,P:10.0|B:10.1|B:10.2|B:11.9|E:11.10,5,1,3,1,1,1,1,1,1,1
group_interaction,4,77,-1.0272947549819946,-0.5577001668649763,0.4695945881170184,P:10.0|B:9.7|B:10.1|B:10.2|B:10.10|B:11.2|B:11.9|E:10.7|E:11.10,9,1,6,2,1,1,1,1,1,1
group_interaction,4,145,0.6377639770507812,1.032298594357502,0.3945346173067208,P:9.9|P:9.6|P:10.0|B:10.6|B:10.10|E:11.10,6,3,2,1,1,1,1,1,1,1
group_interaction,4,20,2.3267788887023926,0.7237292128868567,-1.603049675815536,P:9.9|P:9.6|P:10.0|B:9.0|B:9.7|B:10.1|B:10.2|B:10.6|B:10.10|B:11.2|B:11.9|E:10.7|E:11.10,13,3,8,2,1,1,1,1,1,1
group_interaction,4,67,0.5814975500106812,0.22306601218173105,-0.3584315378289501,P:10.0|B:10.1|B:11.9,3,1,2,0,1,1,0,1,0,0
group_interaction,4,121,-0.21891625225543976,-0.6757794740542536,-0.4568632217988139,P:9.9|B:9.0|B:10.10|E:10.7|E:11.10,5,1,2,2,1,1,1,1,1,1
group_interaction,4,133,-0.23220820724964142,0.4055596460818769,0.6377678533315183,P:9.9|P:9.6|B:11.2|B:11.9,4,2,2,0,1,1,0,1,0,0
group_interaction,4,65,-0.2793356776237488,0.12873862880934372,0.4080743064330925,P:10.0|B:10.2|B:10.6|B:11.9|E:10.7,5,1,3,1,1,1,1,1,1,1
group_interaction,4,47,0.597973108291626,0.6987052587102348,0.10073215041860883,B:9.7|B:10.1|B:10.6|B:10.10,4,0,4,0,0,1,0,0,0,0
