analysis_status,candidate_selector_family,candidate_model,reference_selector_family,reference_model,measurement_budget,policy,target_scope,metric,mean,q025,q975,reference_mean,candidate_mean,reduction_fraction,ordered_name_pair_q025,ordered_name_pair_q975,unordered_name_pair_q025,unordered_name_pair_q975
exploratory_post_outcome_not_confirmatory,direct_risk,additive_head,mean_effect,additive_head,160,target_loss,pooled,objective_loss_reduction,-0.055071867505709325,-0.1793819827896853,0.058115063430741375,1.0162683290739853,1.0713401965796947,-0.05419028216287161,-0.17274618847733628,0.054963918252566094,-0.17968045265020358,0.053532174620113296
exploratory_post_outcome_not_confirmatory,direct_risk,additive_head,mean_effect,additive_head,160,target_loss,pooled,within_tolerance_improvement,-0.002213541666666667,-0.022529296875,0.018235677083333297,0.15416666666666667,0.151953125,,-0.024423058889722425,0.019872416020671833,-0.02408761500152068,0.01782953711678948
exploratory_post_outcome_not_confirmatory,direct_risk,additive_head,mean_effect,additive_head,160,target_loss,target_0.5,objective_loss_reduction,0.05497855544090271,-0.19478639051318167,0.30121968201361593,1.0532364122569562,0.9982578568160534,0.052199634195223485,-0.20037398460743258,0.2908642521817237,-0.20297761273308135,0.28625159745844997
exploratory_post_outcome_not_confirmatory,direct_risk,additive_head,mean_effect,additive_head,160,target_loss,target_0.5,within_tolerance_improvement,0.003125,-0.04025390625,0.05000976562499995,0.1578125,0.1609375,,-0.03959169238683127,0.05057482359206497,-0.04008340826432971,0.049049609010689436
exploratory_post_outcome_not_confirmatory,direct_risk,additive_head,mean_effect,additive_head,160,target_loss,target_1,objective_loss_reduction,-0.09509786553680896,-0.30157978906296196,0.11503751725889731,0.9716042436659336,1.0667021092027427,-0.09787716156734536,-0.28911692608143186,0.12243456904630448,-0.2964178507608526,0.11697950014938009
exploratory_post_outcome_not_confirmatory,direct_risk,additive_head,mean_effect,additive_head,160,target_loss,target_1,within_tolerance_improvement,-0.001953125,-0.043359375,0.03671875,0.1578125,0.155859375,,-0.047193054136874364,0.04159663865546218,-0.045029352566252935,0.039443829619792425
exploratory_post_outcome_not_confirmatory,direct_risk,additive_head,mean_effect,additive_head,160,target_loss,target_1.5,objective_loss_reduction,-0.12509629242122172,-0.25793765762820836,0.01576363367028533,1.0239643312990665,1.1490606237202883,-0.12216860353184039,-0.26279941934033735,0.003037297446362134,-0.26807288986951455,0.004953382535788532
exploratory_post_outcome_not_confirmatory,direct_risk,additive_head,mean_effect,additive_head,160,target_loss,target_1.5,within_tolerance_improvement,-0.0078125,-0.040234375,0.0234375,0.146875,0.1390625,,-0.0393840115226834,0.02320884297520656,-0.04173283819304359,0.022964285714285708
exploratory_post_outcome_not_confirmatory,direct_risk,additive_head,mean_effect,additive_head,160,cost_aware,pooled,objective_loss_reduction,-0.03722050222257772,-0.1677857750645528,0.07457713932916514,1.1325665859927734,1.169787088215351,-0.03286385337772557,-0.16550935042918388,0.07326357263019728,-0.160824986634712,0.07419443211834024
exploratory_post_outcome_not_confirmatory,direct_risk,additive_head,mean_effect,additive_head,160,cost_aware,target_0.5,objective_loss_reduction,0.09557285749912263,-0.17335304837785662,0.3462740279272196,1.1929498444050552,1.0973769869059324,0.08011473235640218,-0.16713882253180412,0.34000437360665653,-0.15768789882173342,0.3568116243812703
exploratory_post_outcome_not_confirmatory,direct_risk,additive_head,mean_effect,additive_head,160,cost_aware,target_1,objective_loss_reduction,-0.07715397582948205,-0.23212921127378938,0.08065823853500191,1.0517696781903507,1.1289236540198329,-0.0733563416300718,-0.23473602604676905,0.0833109908723014,-0.2395465920642488,0.08322662120083417
exploratory_post_outcome_not_confirmatory,direct_risk,additive_head,mean_effect,additive_head,160,cost_aware,target_1.5,objective_loss_reduction,-0.13008038833737373,-0.27036073637343944,0.009142550035566062,1.1529802353829148,1.2830606237202882,-0.11282100451112494,-0.280353961309768,-0.001453334001880141,-0.27020766271366364,-0.0013202328704475486
exploratory_post_outcome_not_confirmatory,direct_risk,count_additive,mean_effect,count_additive,160,target_loss,pooled,objective_loss_reduction,0.01705935007582108,-0.11113477442103127,0.1404674929395939,1.0395814009631674,1.0225220508873463,0.016409826166585578,-0.10528787335729212,0.14022482791998517,-0.11012691124485414,0.13537435200790954
exploratory_post_outcome_not_confirmatory,direct_risk,count_additive,mean_effect,count_additive,160,target_loss,pooled,within_tolerance_improvement,0.01848958333333333,-0.0028678385416666657,0.04010742187499998,0.14622395833333332,0.16471354166666666,,-0.0043920242122129265,0.04002529055616404,-0.004640997023809523,0.04013206231109043
exploratory_post_outcome_not_confirmatory,direct_risk,count_additive,mean_effect,count_additive,160,target_loss,target_0.5,objective_loss_reduction,0.04279268253594637,-0.19066146058030428,0.2688793839234858,1.03783615026623,0.9950434677302837,0.04123259969790897,-0.17705998918277202,0.28151196786718563,-0.1887546957853334,0.26032405263979824
exploratory_post_outcome_not_confirmatory,direct_risk,count_additive,mean_effect,count_additive,160,target_loss,target_0.5,within_tolerance_improvement,0.013671875,-0.030859375,0.05625,0.162109375,0.17578125,,-0.0333399209486166,0.05709088486140724,-0.029037383816293057,0.059334945172098655
exploratory_post_outcome_not_confirmatory,direct_risk,count_additive,mean_effect,count_additive,160,target_loss,target_1,objective_loss_reduction,0.04050107561051845,-0.12683503884356467,0.2223965830914675,1.032559772580862,0.9920586969703435,0.03922395263306341,-0.13058716630922204,0.2229471505709999,-0.1419208960996557,0.2375712162654938
exploratory_post_outcome_not_confirmatory,direct_risk,count_additive,mean_effect,count_additive,160,target_loss,target_1,within_tolerance_improvement,0.027734375,-0.008212890625,0.06446289062499995,0.141015625,0.16875,,-0.009093521421107628,0.06520085937499999,-0.012129502572898798,0.06653225806451613
exploratory_post_outcome_not_confirmatory,direct_risk,count_additive,mean_effect,count_additive,160,target_loss,target_1.5,objective_loss_reduction,-0.032115707919001577,-0.16647228042595089,0.11168850987218318,1.04834828004241,1.0804639879614115,-0.030634578727693783,-0.1784776677818647,0.11839951766943962,-0.17404134191372442,0.12559549425051758
exploratory_post_outcome_not_confirmatory,direct_risk,count_additive,mean_effect,count_additive,160,target_loss,target_1.5,within_tolerance_improvement,0.0140625,-0.019140625,0.04765625,0.135546875,0.149609375,,-0.020464797153229988,0.048824694274596916,-0.018942562787407146,0.04797417503586797
exploratory_post_outcome_not_confirmatory,direct_risk,count_additive,mean_effect,count_additive,160,cost_aware,pooled,objective_loss_reduction,0.03215350599338611,-0.07506732321294644,0.14302628319580094,1.1668869829699398,1.1347334769765536,0.027554944448475706,-0.08614744629585554,0.15342258830843908,-0.08116876963288466,0.1572466556301336
exploratory_post_outcome_not_confirmatory,direct_risk,count_additive,mean_effect,count_additive,160,cost_aware,target_0.5,objective_loss_reduction,0.09115218760818244,-0.1457087356653064,0.3231996485717594,1.2061956553384663,1.1150434677302836,0.07556998502254143,-0.15648075728679217,0.328522902694288,-0.14668060649288697,0.3143673389400929
exploratory_post_outcome_not_confirmatory,direct_risk,count_additive,mean_effect,count_additive,160,cost_aware,target_1,objective_loss_reduction,0.0668907653987408,-0.07633045036196708,0.23888329784013324,1.1355837406367066,1.0686929752379657,0.05890430005737493,-0.08186801064276625,0.23315593596002046,-0.07951782796820514,0.23677746927238527
exploratory_post_outcome_not_confirmatory,direct_risk,count_additive,mean_effect,count_additive,160,cost_aware,target_1.5,objective_loss_reduction,-0.06158243502676488,-0.19288359166905286,0.062319857054948635,1.1588815529346468,1.2204639879614114,-0.05313954206175695,-0.18346444745896442,0.06895242817032537,-0.1860263510012759,0.06308245197636206
exploratory_post_outcome_not_confirmatory,direct_risk,count_plus_PE_bin4,mean_effect,count_plus_PE_bin4,160,target_loss,pooled,objective_loss_reduction,0.09484155029058457,0.0014092779081935696,0.19176861100364467,1.0264590797324975,0.931617529441913,0.09239681558012128,0.0013803579655165443,0.1942348744173072,-0.0007874495611319319,0.19779778743647444
exploratory_post_outcome_not_confirmatory,direct_risk,count_plus_PE_bin4,mean_effect,count_plus_PE_bin4,160,target_loss,pooled,within_tolerance_improvement,0.018229166666666664,-0.0026074218750000017,0.04010416666666666,0.15442708333333333,0.17265625,,-0.002893218485097074,0.04033830323174044,-0.0026177463340486405,0.04111264311466532
exploratory_post_outcome_not_confirmatory,direct_risk,count_plus_PE_bin4,mean_effect,count_plus_PE_bin4,160,target_loss,target_0.5,objective_loss_reduction,0.15425668712705373,-0.02286191113293171,0.3331690720282493,1.0477109437808394,0.8934542566537857,0.1472321044680442,-0.01617796858900497,0.33036677879026155,-0.024039701124800805,0.3360146641006154
exploratory_post_outcome_not_confirmatory,direct_risk,count_plus_PE_bin4,mean_effect,count_plus_PE_bin4,160,target_loss,target_0.5,within_tolerance_improvement,0.028515625,-0.015244140625,0.07891601562499995,0.165234375,0.19375,,-0.016164937759336098,0.08108136248698491,-0.018355440647482013,0.07737594070050358
exploratory_post_outcome_not_confirmatory,direct_risk,count_plus_PE_bin4,mean_effect,count_plus_PE_bin4,160,target_loss,target_1,objective_loss_reduction,0.1079511409625411,-0.06712025216780604,0.2943892807746305,1.048487023077905,0.9405358821153641,0.10295896714643465,-0.07428512055068713,0.30226863896289813,-0.0766456610184177,0.2972669048421258
exploratory_post_outcome_not_confirmatory,direct_risk,count_plus_PE_bin4,mean_effect,count_plus_PE_bin4,160,target_loss,target_1,within_tolerance_improvement,0.030078125,-0.0109375,0.071875,0.1453125,0.175390625,,-0.012563765182186234,0.07004092579099942,-0.011078330800405267,0.07101456979552952
exploratory_post_outcome_not_confirmatory,direct_risk,count_plus_PE_bin4,mean_effect,count_plus_PE_bin4,160,target_loss,target_1.5,objective_loss_reduction,0.02231682278215885,-0.06522553476504982,0.11516152141615739,0.983179272338748,0.9608624495565892,0.022698630260046548,-0.0640891154882443,0.12123391553561211,-0.059677029714121387,0.1269589593949274
exploratory_post_outcome_not_confirmatory,direct_risk,count_plus_PE_bin4,mean_effect,count_plus_PE_bin4,160,target_loss,target_1.5,within_tolerance_improvement,-0.00390625,-0.028125,0.019541015624999946,0.152734375,0.148828125,,-0.029601106719367592,0.020987772123268307,-0.02990026314197568,0.019348765432098725
exploratory_post_outcome_not_confirmatory,direct_risk,count_plus_PE_bin4,mean_effect,count_plus_PE_bin4,160,cost_aware,pooled,objective_loss_reduction,0.08433387008061013,-0.0343248582995186,0.20475086411448812,1.132526442674299,1.048192572593689,0.07446525476391332,-0.02972735261250353,0.19958114205575628,-0.04113880540170742,0.20324227598928502
exploratory_post_outcome_not_confirmatory,direct_risk,count_plus_PE_bin4,mean_effect,count_plus_PE_bin4,160,cost_aware,target_0.5,objective_loss_reduction,0.169925901286304,0.008730815872363759,0.3515615021349862,1.1191052873954177,0.9491793861091138,0.1518408528671918,0.006578430097768098,0.349311394910649,0.004764776920748289,0.3505775212175408
exploratory_post_outcome_not_confirmatory,direct_risk,count_plus_PE_bin4,mean_effect,count_plus_PE_bin4,160,cost_aware,target_1,objective_loss_reduction,0.09100696384906773,-0.06383760070279236,0.26689628304280316,1.177542845964432,1.0865358821153641,0.07728547981159119,-0.06717658479176437,0.27243491645911516,-0.07004189215199615,0.27909573438499763
exploratory_post_outcome_not_confirmatory,direct_risk,count_plus_PE_bin4,mean_effect,count_plus_PE_bin4,160,cost_aware,target_1.5,objective_loss_reduction,-0.007931254893541326,-0.12823086602091788,0.1012817443959414,1.100931194663048,1.108862449556589,-0.007204133130198726,-0.1326781730077076,0.10429540527880257,-0.1271848230751611,0.11328065132517293
exploratory_post_outcome_not_confirmatory,direct_risk,count_plus_all_bin4,mean_effect,count_plus_all_bin4,160,target_loss,pooled,objective_loss_reduction,0.08221514007697503,0.00029901341535151543,0.17239484111933642,1.015244573292633,0.9330294332156579,0.08098062500382106,-0.0028539662070770698,0.18360052985815414,-0.00850142266563878,0.18486421005861128
exploratory_post_outcome_not_confirmatory,direct_risk,count_plus_all_bin4,mean_effect,count_plus_all_bin4,160,target_loss,pooled,within_tolerance_improvement,0.01705729166666667,-0.0014355468750000004,0.03828450520833332,0.15755208333333334,0.174609375,,-0.0031670093289132557,0.03994941634241244,-0.0027896906102317723,0.03899724070930296
exploratory_post_outcome_not_confirmatory,direct_risk,count_plus_all_bin4,mean_effect,count_plus_all_bin4,160,target_loss,target_0.5,objective_loss_reduction,0.1963143741711974,0.051123113688081506,0.36045186406932755,1.0176696451380849,0.8213552709668874,0.1929057971897747,0.047712653592964754,0.35026310303532476,0.03778666398684008,0.34843217285228845
exploratory_post_outcome_not_confirmatory,direct_risk,count_plus_all_bin4,mean_effect,count_plus_all_bin4,160,target_loss,target_0.5,within_tolerance_improvement,0.03671875,-0.004296875,0.08047851562499996,0.16796875,0.2046875,,-0.004971531115509063,0.08606134074004324,-0.0020287510165356458,0.08498073122529644
exploratory_post_outcome_not_confirmatory,direct_risk,count_plus_all_bin4,mean_effect,count_plus_all_bin4,160,target_loss,target_1,objective_loss_reduction,0.07991920039057732,-0.06853324443101882,0.26285292928107074,1.0215677600353956,0.9416485596448183,0.07823191325831215,-0.0761335881525482,0.2581350885756335,-0.07201609923783578,0.2586979464721678
exploratory_post_outcome_not_confirmatory,direct_risk,count_plus_all_bin4,mean_effect,count_plus_all_bin4,160,target_loss,target_1,within_tolerance_improvement,0.02578125,-0.011337890625,0.062109375,0.15234375,0.178125,,-0.012863583138173302,0.06367240168539325,-0.009508445451886517,0.06279384689922479
exploratory_post_outcome_not_confirmatory,direct_risk,count_plus_all_bin4,mean_effect,count_plus_all_bin4,160,target_loss,target_1.5,objective_loss_reduction,-0.029588154330849648,-0.15179956789128482,0.06340077434666452,1.0064963147044181,1.0360844690352677,-0.029397180991704797,-0.14264579441219513,0.06936373806338043,-0.15259196184321147,0.07168839691996955
exploratory_post_outcome_not_confirmatory,direct_risk,count_plus_all_bin4,mean_effect,count_plus_all_bin4,160,target_loss,target_1.5,within_tolerance_improvement,-0.011328125,-0.039853515624999995,0.01328125,0.15234375,0.141015625,,-0.037452944015444016,0.014628543086079861,-0.03920140495867769,0.013506762285219208
exploratory_post_outcome_not_confirmatory,direct_risk,count_plus_all_bin4,mean_effect,count_plus_all_bin4,160,cost_aware,pooled,objective_loss_reduction,0.10375314511607092,0.010547611002251519,0.20031015720069398,1.1428631581043205,1.0391100129882493,0.09078352415189181,0.009881932285685603,0.20876442770698617,0.00496175246405174,0.2088792486057608
exploratory_post_outcome_not_confirmatory,direct_risk,count_plus_all_bin4,mean_effect,count_plus_all_bin4,160,cost_aware,target_0.5,objective_loss_reduction,0.18684064372628928,0.02321987957600507,0.3494410316294059,1.1121959146931768,0.9253552709668874,0.16799256431168721,0.030780438265294766,0.36125418595682696,0.021832803576674803,0.34807692005808866
exploratory_post_outcome_not_confirmatory,direct_risk,count_plus_all_bin4,mean_effect,count_plus_all_bin4,160,cost_aware,target_1,objective_loss_reduction,0.13353669841587545,0.002857447689026615,0.30426555803902444,1.1598972449153664,1.0263605464994907,0.11512804173064413,-0.006385745032290744,0.29136452964074955,-0.005792356174505632,0.3000099406113388
exploratory_post_outcome_not_confirmatory,direct_risk,count_plus_all_bin4,mean_effect,count_plus_all_bin4,160,cost_aware,target_1.5,objective_loss_reduction,-0.009117906793951988,-0.13170116504356263,0.09114716785438357,1.1564963147044183,1.16561422149837,-0.007884077690539271,-0.12863628641510239,0.0968213045053439,-0.1400872704726749,0.09666161886259057
exploratory_post_outcome_not_confirmatory,direct_risk,count_plus_all_bin4,mean_effect,additive_head,160,target_loss,pooled,objective_loss_reduction,0.08323889585832756,-0.025202935406317312,0.2076161422301084,1.0162683290739853,0.9330294332156579,0.08190641534030102,-0.03657788428251848,0.20670054281991346,-0.03902734971648305,0.21261003613578344
exploratory_post_outcome_not_confirmatory,direct_risk,count_plus_all_bin4,mean_effect,additive_head,160,target_loss,pooled,within_tolerance_improvement,0.02044270833333333,-0.0010449218750000007,0.042578125,0.15416666666666667,0.174609375,,-0.000540157788489268,0.04327223251505324,-0.0009990352967881061,0.0425213597994075
exploratory_post_outcome_not_confirmatory,direct_risk,count_plus_all_bin4,mean_effect,additive_head,160,target_loss,target_0.5,objective_loss_reduction,0.23188114129006862,0.03519092152826488,0.42150199823081486,1.0532364122569562,0.8213552709668874,0.2201605817949038,0.04205130020154068,0.44494215673911847,0.022762399107576856,0.4345863850546065
exploratory_post_outcome_not_confirmatory,direct_risk,count_plus_all_bin4,mean_effect,additive_head,160,target_loss,target_0.5,within_tolerance_improvement,0.046875,-0.004306640625,0.098828125,0.1578125,0.2046875,,-0.008005761316872428,0.1,-0.005718939268699559,0.09852714646464641
exploratory_post_outcome_not_confirmatory,direct_risk,count_plus_all_bin4,mean_effect,additive_head,160,target_loss,target_1,objective_loss_reduction,0.029955684021115304,-0.16277525088749825,0.25648777551949015,0.9716042436659336,0.9416485596448183,0.0308311580732607,-0.15860950843562205,0.26788452658734485,-0.159883436189759,0.2547837487043538
exploratory_post_outcome_not_confirmatory,direct_risk,count_plus_all_bin4,mean_effect,additive_head,160,target_loss,target_1,within_tolerance_improvement,0.0203125,-0.02265625,0.0640625,0.1578125,0.178125,,-0.024276047981985103,0.06730009144482825,-0.020612963706977367,0.06300644028103043
exploratory_post_outcome_not_confirmatory,direct_risk,count_plus_all_bin4,mean_effect,additive_head,160,target_loss,target_1.5,objective_loss_reduction,-0.012120137736201287,-0.12819572900421916,0.11656855568289748,1.0239643312990665,1.0360844690352677,-0.011836484304902405,-0.13111693380621098,0.12051509781737053,-0.13568718772090715,0.1188955482982453
exploratory_post_outcome_not_confirmatory,direct_risk,count_plus_all_bin4,mean_effect,additive_head,160,target_loss,target_1.5,within_tolerance_improvement,-0.005859375,-0.039072265625,0.029296875,0.146875,0.141015625,,-0.03636820007301935,0.026778786610878656,-0.03966173549027956,0.030183321114369492
exploratory_post_outcome_not_confirmatory,direct_risk,count_plus_all_bin4,mean_effect,additive_head,160,cost_aware,pooled,objective_loss_reduction,0.09345657300452392,-0.007040195198853801,0.19449172254080568,1.1325665859927734,1.0391100129882493,0.08251750860423164,-0.0035328421073868143,0.1941971020800188,-0.0069862806640785015,0.19917249074355728
exploratory_post_outcome_not_confirmatory,direct_risk,count_plus_all_bin4,mean_effect,additive_head,160,cost_aware,target_0.5,objective_loss_reduction,0.2675945734381676,0.0657396961901337,0.4861195962246508,1.1929498444050552,0.9253552709668874,0.22431334786888854,0.0638305521272682,0.47411197665579613,0.057012724477416774,0.4852816741101241
exploratory_post_outcome_not_confirmatory,direct_risk,count_plus_all_bin4,mean_effect,additive_head,160,cost_aware,target_1,objective_loss_reduction,0.02540913169085981,-0.1183268501982093,0.14760696251466868,1.0517696781903507,1.0263605464994907,0.02415845618841013,-0.12307018411256408,0.1540735142017375,-0.11124044853316845,0.15591036933103603
exploratory_post_outcome_not_confirmatory,direct_risk,count_plus_all_bin4,mean_effect,additive_head,160,cost_aware,target_1.5,objective_loss_reduction,-0.01263398611545562,-0.13410124829337,0.11829126361943766,1.1529802353829148,1.16561422149837,-0.010957677961634583,-0.1388577756144592,0.11495960576425587,-0.13105394399346268,0.11588255146238537
exploratory_post_outcome_not_confirmatory,direct_risk,count_plus_all_bin4,mean_effect,count_additive,160,target_loss,pooled,objective_loss_reduction,0.10655196774750948,-0.031097493038202324,0.2544471531920135,1.0395814009631674,0.9330294332156579,0.10249506931231125,-0.03137117487747178,0.24552711070712127,-0.02823782550809616,0.249753178661651
exploratory_post_outcome_not_confirmatory,direct_risk,count_plus_all_bin4,mean_effect,count_additive,160,target_loss,pooled,within_tolerance_improvement,0.028385416666666663,0.004296874999999999,0.0515625,0.14622395833333332,0.174609375,,0.004323326482677627,0.0521084107392798,0.004489099576838607,0.05139981455125716
exploratory_post_outcome_not_confirmatory,direct_risk,count_plus_all_bin4,mean_effect,count_additive,160,target_loss,target_0.5,objective_loss_reduction,0.21648087929934262,0.02942887187935412,0.40532383325509724,1.03783615026623,0.8213552709668874,0.2085886864162614,0.025215457214081943,0.41665278235788444,0.03451752288183735,0.41281571060109146
exploratory_post_outcome_not_confirmatory,direct_risk,count_plus_all_bin4,mean_effect,count_additive,160,target_loss,target_0.5,within_tolerance_improvement,0.042578125,-0.008203125,0.0921875,0.162109375,0.2046875,,-0.008048315958299919,0.09388693408397837,-0.00868432103742525,0.09215746792544179
exploratory_post_outcome_not_confirmatory,direct_risk,count_plus_all_bin4,mean_effect,count_additive,160,target_loss,target_1,objective_loss_reduction,0.09091121293604373,-0.12562634516507387,0.3129415302909907,1.032559772580862,0.9416485596448183,0.08804450391168447,-0.11993000912181176,0.31205937140783974,-0.1323310053044177,0.3191057315218167
exploratory_post_outcome_not_confirmatory,direct_risk,count_plus_all_bin4,mean_effect,count_additive,160,target_loss,target_1,within_tolerance_improvement,0.037109375,-0.005869140625,0.07618164062499995,0.141015625,0.178125,,-0.005794939490591664,0.07868481324876672,-0.004763674986723314,0.07851629712803644
exploratory_post_outcome_not_confirmatory,direct_risk,count_plus_all_bin4,mean_effect,count_additive,160,target_loss,target_1.5,objective_loss_reduction,0.012263811007142068,-0.164443293614313,0.195833066413179,1.04834828004241,1.0360844690352677,0.011698222089557819,-0.15959211308989094,0.195039713644505,-0.16416843542124412,0.1982333845567519
exploratory_post_outcome_not_confirmatory,direct_risk,count_plus_all_bin4,mean_effect,count_additive,160,target_loss,target_1.5,within_tolerance_improvement,0.00546875,-0.0296875,0.040625,0.135546875,0.141015625,,-0.030740538890826646,0.042388668430335084,-0.028521344099035235,0.03919505494505494
exploratory_post_outcome_not_confirmatory,direct_risk,count_plus_all_bin4,mean_effect,count_additive,160,cost_aware,pooled,objective_loss_reduction,0.12777696998169025,-0.004807266360893844,0.28151571341535697,1.1668869829699398,1.0391100129882493,0.10950243840793784,-0.007394728247516037,0.2757504532740229,-0.007311655741377652,0.2723909238753832
exploratory_post_outcome_not_confirmatory,direct_risk,count_plus_all_bin4,mean_effect,count_additive,160,cost_aware,target_0.5,objective_loss_reduction,0.2808403843715787,0.07413298170566561,0.4871774379594251,1.2061956553384663,0.9253552709668874,0.23283153369738602,0.07322770747782421,0.5050273831302998,0.08583085828925961,0.49638333937261303
exploratory_post_outcome_not_confirmatory,direct_risk,count_plus_all_bin4,mean_effect,count_additive,160,cost_aware,target_1,objective_loss_reduction,0.10922319413721562,-0.10775342965759337,0.3052974536534398,1.1355837406367066,1.0263605464994907,0.09618242162922801,-0.1006889377667369,0.32255452115102345,-0.09558810872652314,0.3170768368647452
exploratory_post_outcome_not_confirmatory,direct_risk,count_plus_all_bin4,mean_effect,count_additive,160,cost_aware,target_1.5,objective_loss_reduction,-0.00673266856372356,-0.16273335865139965,0.17494620877839617,1.1588815529346468,1.16561422149837,-0.005809626140544181,-0.17304618730973526,0.1685672606029402,-0.16828558599768262,0.17460819766105148
exploratory_post_outcome_not_confirmatory,direct_risk,count_plus_all_bin4,mean_effect,count_plus_PE_bin4,160,target_loss,pooled,objective_loss_reduction,0.09342964651683965,-0.004121573106385767,0.19216753973780823,1.0264590797324975,0.9330294332156579,0.09102130651052166,-0.004933808622853121,0.1980054970326004,-0.00329408971780384,0.19573306043029284
exploratory_post_outcome_not_confirmatory,direct_risk,count_plus_all_bin4,mean_effect,count_plus_PE_bin4,160,target_loss,pooled,within_tolerance_improvement,0.020182291666666664,-0.0003906250000000001,0.04023763020833331,0.15442708333333333,0.174609375,,-0.0026577348194769565,0.043011732184058155,-0.002014666016048579,0.04207706766917286
exploratory_post_outcome_not_confirmatory,direct_risk,count_plus_all_bin4,mean_effect,count_plus_PE_bin4,160,target_loss,target_0.5,objective_loss_reduction,0.22635567281395197,0.10898421307094396,0.363072241595946,1.0477109437808394,0.8213552709668874,0.21604782708206696,0.09718461758517176,0.38130664412097554,0.0973410887155528,0.3699764581924969
exploratory_post_outcome_not_confirmatory,direct_risk,count_plus_all_bin4,mean_effect,count_plus_PE_bin4,160,target_loss,target_0.5,within_tolerance_improvement,0.039453125,-0.0004003906249999995,0.08594726562499995,0.165234375,0.2046875,,-0.0004150680551749333,0.08696159702250039,0.0007329059829059833,0.08405188030984508
exploratory_post_outcome_not_confirmatory,direct_risk,count_plus_all_bin4,mean_effect,count_plus_PE_bin4,160,target_loss,target_1,objective_loss_reduction,0.10683846343308687,-0.09285114333033562,0.30787793753668663,1.048487023077905,0.9416485596448183,0.10189774511415056,-0.07877629381422135,0.3021550105739402,-0.07412239992065554,0.3029036993740785
exploratory_post_outcome_not_confirmatory,direct_risk,count_plus_all_bin4,mean_effect,count_plus_PE_bin4,160,target_loss,target_1,within_tolerance_improvement,0.0328125,-0.012900390624999999,0.0742382812499999,0.1453125,0.178125,,-0.011892736602837855,0.07511107722027344,-0.010269245963162314,0.07572232178414973
exploratory_post_outcome_not_confirmatory,direct_risk,count_plus_all_bin4,mean_effect,count_plus_PE_bin4,160,target_loss,target_1.5,objective_loss_reduction,-0.05290519669651985,-0.16596656639128923,0.0444074332434683,0.983179272338748,1.0360844690352677,-0.05381032552758263,-0.17047625447347248,0.051521059984561385,-0.16543287349815475,0.05037483979333777
exploratory_post_outcome_not_confirmatory,direct_risk,count_plus_all_bin4,mean_effect,count_plus_PE_bin4,160,target_loss,target_1.5,within_tolerance_improvement,-0.01171875,-0.0375,0.011728515624999946,0.152734375,0.141015625,,-0.041503144338037874,0.010938572303921562,-0.0384622641509434,0.012121212121212121
exploratory_post_outcome_not_confirmatory,direct_risk,count_plus_all_bin4,mean_effect,count_plus_PE_bin4,160,cost_aware,pooled,objective_loss_reduction,0.09341642968604962,-0.010975340835750087,0.20090302297988286,1.132526442674299,1.0391100129882493,0.08248498769305562,-0.009749211433564086,0.20150426362248278,-0.011496570927505537,0.21013107524287844
exploratory_post_outcome_not_confirmatory,direct_risk,count_plus_all_bin4,mean_effect,count_plus_PE_bin4,160,cost_aware,target_0.5,objective_loss_reduction,0.1937500164285302,0.028887006896734242,0.3727761115644127,1.1191052873954177,0.9253552709668874,0.17312939060404223,0.029147878555476854,0.3645866653402336,0.03294419408322073,0.37885020510518963
exploratory_post_outcome_not_confirmatory,direct_risk,count_plus_all_bin4,mean_effect,count_plus_PE_bin4,160,cost_aware,target_1,objective_loss_reduction,0.15118229946494105,0.008238088742271095,0.3171343944717198,1.177542845964432,1.0263605464994907,0.12838793932896736,0.003482150517849258,0.3315869869421861,0.006095401369357206,0.312930008596576
exploratory_post_outcome_not_confirmatory,direct_risk,count_plus_all_bin4,mean_effect,count_plus_PE_bin4,160,cost_aware,target_1.5,objective_loss_reduction,-0.06468302683532237,-0.20538031318224967,0.05737131461948151,1.100931194663048,1.16561422149837,-0.05875301485586419,-0.21008044672450435,0.06510811022021222,-0.21431643198650038,0.06298552779828695
exploratory_post_outcome_not_confirmatory,direct_risk,count_plus_all_bin4,direct_risk,additive_head,160,target_loss,pooled,objective_loss_reduction,0.13831076336403686,0.05808576183704039,0.21989840085618187,1.0713401965796947,0.9330294332156579,0.12910069444383834,0.05578563143108672,0.23087624617618743,0.05576855911870874,0.22679581189190598
exploratory_post_outcome_not_confirmatory,direct_risk,count_plus_all_bin4,direct_risk,additive_head,160,target_loss,pooled,within_tolerance_improvement,0.02265625,0.005856119791666667,0.03919270833333333,0.151953125,0.174609375,,0.0053875412277901895,0.040983881984840466,0.004526462053022478,0.04
exploratory_post_outcome_not_confirmatory,direct_risk,count_plus_all_bin4,direct_risk,additive_head,160,target_loss,target_0.5,objective_loss_reduction,0.1769025858491659,0.0635171767231077,0.3218626574147491,0.9982578568160534,0.8213552709668874,0.1772113133308034,0.056161394603947874,0.31549130742298065,0.061559401687758655,0.3159917815150234
exploratory_post_outcome_not_confirmatory,direct_risk,count_plus_all_bin4,direct_risk,additive_head,160,target_loss,target_0.5,within_tolerance_improvement,0.04375,0.011328125,0.082421875,0.1609375,0.2046875,,0.011982797340998923,0.08381384734899977,0.011376782473424942,0.08524324344033953
exploratory_post_outcome_not_confirmatory,direct_risk,count_plus_all_bin4,direct_risk,additive_head,160,target_loss,target_1,objective_loss_reduction,0.12505354955792428,-0.036055183839052915,0.28883845590986307,1.0667021092027427,0.9416485596448183,0.11723380733857346,-0.03824949325453255,0.29507363673827647,-0.038088654920982304,0.288704174609461
exploratory_post_outcome_not_confirmatory,direct_risk,count_plus_all_bin4,direct_risk,additive_head,160,target_loss,target_1,within_tolerance_improvement,0.022265625,-0.010947265624999999,0.0578125,0.155859375,0.178125,,-0.012946332317787673,0.060247851264352545,-0.009129733218588641,0.0594911865196459
exploratory_post_outcome_not_confirmatory,direct_risk,count_plus_all_bin4,direct_risk,additive_head,160,target_loss,target_1.5,objective_loss_reduction,0.11297615468502045,-0.010198784507811068,0.2571773321647197,1.1490606237202883,1.0360844690352677,0.09832044746189286,-0.013152220431356332,0.2518398058391095,-0.00941348183293538,0.2569606566293995
exploratory_post_outcome_not_confirmatory,direct_risk,count_plus_all_bin4,direct_risk,additive_head,160,target_loss,target_1.5,within_tolerance_improvement,0.001953125,-0.030859375,0.034765625,0.1390625,0.141015625,,-0.032320535474811854,0.03539334516812356,-0.029418228829993533,0.03442135744767319
exploratory_post_outcome_not_confirmatory,direct_risk,count_plus_all_bin4,direct_risk,additive_head,160,cost_aware,pooled,objective_loss_reduction,0.13067707522710165,0.04801119107827546,0.21489948833907643,1.169787088215351,1.0391100129882493,0.11171013643727684,0.05312912410192445,0.21225880271563705,0.046956927424214236,0.21570808949463935
exploratory_post_outcome_not_confirmatory,direct_risk,count_plus_all_bin4,direct_risk,additive_head,160,cost_aware,target_0.5,objective_loss_reduction,0.17202171593904492,0.04380624596998095,0.33019218435920744,1.0973769869059324,0.9253552709668874,0.15675717460055563,0.04678757163598291,0.334922032520588,0.04189233517381912,0.3502464852553146
exploratory_post_outcome_not_confirmatory,direct_risk,count_plus_all_bin4,direct_risk,additive_head,160,cost_aware,target_1,objective_loss_reduction,0.10256310752034188,-0.05096413738392294,0.2539873694490641,1.1289236540198329,1.0263605464994907,0.09085034860872891,-0.04862708393211573,0.24295223648395128,-0.058970375271578564,0.2517116931479004
exploratory_post_outcome_not_confirmatory,direct_risk,count_plus_all_bin4,direct_risk,additive_head,160,cost_aware,target_1.5,objective_loss_reduction,0.11744640222191811,-0.00629913268983363,0.26674481295198194,1.2830606237202882,1.16561422149837,0.09153612857464002,-0.012847553372954077,0.26415296044798114,-0.011098098308095833,0.26421783980946784
exploratory_post_outcome_not_confirmatory,direct_risk,count_plus_all_bin4,direct_risk,count_additive,160,target_loss,pooled,objective_loss_reduction,0.0894926176716884,0.014300598651170731,0.16537626838311553,1.0225220508873463,0.9330294332156579,0.08752145500825782,0.017428163071428016,0.16766699881945218,0.015265527846675541,0.1655005307648191
exploratory_post_outcome_not_confirmatory,direct_risk,count_plus_all_bin4,direct_risk,count_additive,160,target_loss,pooled,within_tolerance_improvement,0.009895833333333333,-0.004430338541666666,0.02578125,0.16471354166666666,0.174609375,,-0.006477732793522267,0.02706825584560652,-0.005498271889400922,0.027273299028016004
exploratory_post_outcome_not_confirmatory,direct_risk,count_plus_all_bin4,direct_risk,count_additive,160,target_loss,target_0.5,objective_loss_reduction,0.17368819676339625,0.05656742724590004,0.3113448913488537,0.9950434677302837,0.8213552709668874,0.17455337620534597,0.05490167559988749,0.32322125102382737,0.054448753800655295,0.3075748966719912
exploratory_post_outcome_not_confirmatory,direct_risk,count_plus_all_bin4,direct_risk,count_additive,160,target_loss,target_0.5,within_tolerance_improvement,0.02890625,0.001953125,0.0625,0.17578125,0.2046875,,0.00037546992481203014,0.06627039860888176,0.0004394755778647525,0.06397985066119466
exploratory_post_outcome_not_confirmatory,direct_risk,count_plus_all_bin4,direct_risk,count_additive,160,target_loss,target_1,objective_loss_reduction,0.05041013732552528,-0.08797969880513846,0.18110808940604314,0.9920586969703435,0.9416485596448183,0.05081366402963174,-0.0845395645192675,0.17908347358258933,-0.0970852060537209,0.18178926221044436
exploratory_post_outcome_not_confirmatory,direct_risk,count_plus_all_bin4,direct_risk,count_additive,160,target_loss,target_1,within_tolerance_improvement,0.009375,-0.014453125,0.038671875,0.16875,0.178125,,-0.01771403672534749,0.04032777370478981,-0.017697154471544713,0.038408687193368284
exploratory_post_outcome_not_confirmatory,direct_risk,count_plus_all_bin4,direct_risk,count_additive,160,target_loss,target_1.5,objective_loss_reduction,0.04437951892614365,-0.04360333033837378,0.1454327602311969,1.0804639879614115,1.0360844690352677,0.041074500789126396,-0.049659091975622884,0.15132022313450058,-0.04532616680470471,0.1480440372494392
exploratory_post_outcome_not_confirmatory,direct_risk,count_plus_all_bin4,direct_risk,count_additive,160,target_loss,target_1.5,within_tolerance_improvement,-0.00859375,-0.039453125,0.02109375,0.149609375,0.141015625,,-0.038370464852607714,0.02249280959815919,-0.03935774594440755,0.021286100283486882
exploratory_post_outcome_not_confirmatory,direct_risk,count_plus_all_bin4,direct_risk,count_additive,160,cost_aware,pooled,objective_loss_reduction,0.09562346398830414,0.011107733123997841,0.18295265730905036,1.1347334769765536,1.0391100129882493,0.08426953635234995,0.009086265487932356,0.18831056558408366,0.013737105339628344,0.18469262287030733
exploratory_post_outcome_not_confirmatory,direct_risk,count_plus_all_bin4,direct_risk,count_additive,160,cost_aware,target_0.5,objective_loss_reduction,0.18968819676339627,0.06812260203287007,0.33551850872188804,1.1150434677302836,0.9253552709668874,0.17011731134528263,0.0629266573802504,0.3314354563587139,0.0673261692171202,0.3312091939418603
exploratory_post_outcome_not_confirmatory,direct_risk,count_plus_all_bin4,direct_risk,count_additive,160,cost_aware,target_1,objective_loss_reduction,0.04233242873847485,-0.10565993618369102,0.18838925746455776,1.0686929752379657,1.0263605464994907,0.039611403573649104,-0.10789617370969569,0.18827830013266517,-0.10979521046696947,0.1858886130423925
exploratory_post_outcome_not_confirmatory,direct_risk,count_plus_all_bin4,direct_risk,count_additive,160,cost_aware,target_1.5,objective_loss_reduction,0.054849766463041315,-0.03613119538091123,0.15459022672064604,1.2204639879614114,1.16561422149837,0.04494173281971148,-0.03300137183606171,0.16386867221858414,-0.03310771449834358,0.165383663019998
exploratory_post_outcome_not_confirmatory,direct_risk,count_plus_all_bin4,direct_risk,count_plus_PE_bin4,160,target_loss,pooled,objective_loss_reduction,-0.0014119037737449006,-0.04387893384012083,0.03500772750626005,0.931617529441913,0.9330294332156579,-0.0015155401536837802,-0.045123992256279,0.03570008111532144,-0.04434010062088959,0.03516439339754629
exploratory_post_outcome_not_confirmatory,direct_risk,count_plus_all_bin4,direct_risk,count_plus_PE_bin4,160,target_loss,pooled,within_tolerance_improvement,0.0019531249999999996,-0.008072916666666666,0.012499999999999999,0.17265625,0.174609375,,-0.007047157505157139,0.012681965528146728,-0.007943195955634277,0.013335144927536223
exploratory_post_outcome_not_confirmatory,direct_risk,count_plus_all_bin4,direct_risk,count_plus_PE_bin4,160,target_loss,target_0.5,objective_loss_reduction,0.07209898568689824,-0.002266603708267211,0.17432097116485235,0.8934542566537857,0.8213552709668874,0.08069689651144239,-0.0029657114951338517,0.1824656906784135,-0.0018191815567053073,0.17631402117659353
exploratory_post_outcome_not_confirmatory,direct_risk,count_plus_all_bin4,direct_risk,count_plus_PE_bin4,160,target_loss,target_0.5,within_tolerance_improvement,0.0109375,-0.014453125,0.041015625,0.19375,0.2046875,,-0.014166751012145748,0.04212705151313917,-0.013259469696969697,0.03930167028788693
exploratory_post_outcome_not_confirmatory,direct_risk,count_plus_all_bin4,direct_risk,count_plus_PE_bin4,160,target_loss,target_1,objective_loss_reduction,-0.0011126775294542312,-0.04167411835864186,0.036592100886628016,0.9405358821153641,0.9416485596448183,-0.001183025071783229,-0.04053834490633554,0.03834424160673587,-0.04471848201861045,0.04103510043333313
exploratory_post_outcome_not_confirmatory,direct_risk,count_plus_all_bin4,direct_risk,count_plus_PE_bin4,160,target_loss,target_1,within_tolerance_improvement,0.002734375,-0.009375,0.01796875,0.175390625,0.178125,,-0.009701870203637681,0.018476732207640956,-0.010614428487444361,0.02007707786228299
exploratory_post_outcome_not_confirmatory,direct_risk,count_plus_all_bin4,direct_risk,count_plus_PE_bin4,160,target_loss,target_1.5,objective_loss_reduction,-0.07522201947867871,-0.18976400539278984,0.0,0.9608624495565892,1.0360844690352677,-0.07828593938018032,-0.18921735390658298,0.0,-0.18100337592601906,0.0
exploratory_post_outcome_not_confirmatory,direct_risk,count_plus_all_bin4,direct_risk,count_plus_PE_bin4,160,target_loss,target_1.5,within_tolerance_improvement,-0.0078125,-0.026953125,0.003515625,0.148828125,0.141015625,,-0.026670731707317076,0.003376690571304802,-0.027208559322033896,0.0030458506420578103
exploratory_post_outcome_not_confirmatory,direct_risk,count_plus_all_bin4,direct_risk,count_plus_PE_bin4,160,cost_aware,pooled,objective_loss_reduction,0.009082559605439496,-0.04829039288039011,0.07044582461516054,1.048192572593689,1.0391100129882493,0.008664972298902342,-0.05289170572915402,0.07300041552799122,-0.04771648080576602,0.0705233628828464
exploratory_post_outcome_not_confirmatory,direct_risk,count_plus_all_bin4,direct_risk,count_plus_PE_bin4,160,cost_aware,target_0.5,objective_loss_reduction,0.02382411514222622,-0.005080832787975664,0.07777331582829346,0.9491793861091138,0.9253552709668874,0.02509969716039271,-0.005966964365495958,0.0818703543959811,-0.009399896173529942,0.07773514057920544
exploratory_post_outcome_not_confirmatory,direct_risk,count_plus_all_bin4,direct_risk,count_plus_PE_bin4,160,cost_aware,target_1,objective_loss_reduction,0.06017533561587333,-0.015793124172464024,0.1645536096598953,1.0865358821153641,1.0263605464994907,0.055382741248009834,-0.013875850915286207,0.16285275488678108,-0.014428032720739205,0.16667652050155182
exploratory_post_outcome_not_confirmatory,direct_risk,count_plus_all_bin4,direct_risk,count_plus_PE_bin4,160,cost_aware,target_1.5,objective_loss_reduction,-0.05675177194178105,-0.16484229583740237,0.0211705228667706,1.108862449556589,1.16561422149837,-0.05118017294613493,-0.17085868082393538,0.02325695581552458,-0.17999744708269505,0.023679741198572274
exploratory_post_outcome_not_confirmatory,direct_risk,head_pair_quadratic_screen,mean_effect,head_pair_quadratic_screen,160,target_loss,pooled,objective_loss_reduction,0.0479474845652779,-0.03696133218084772,0.1405247852873678,0.924552773249646,0.8766052886843682,0.05186019224922189,-0.041316097991133706,0.14226637568424083,-0.04301831944646506,0.1416242578876866
exploratory_post_outcome_not_confirmatory,direct_risk,head_pair_quadratic_screen,mean_effect,head_pair_quadratic_screen,160,target_loss,pooled,within_tolerance_improvement,-0.00013020833333333358,-0.024218749999999997,0.02265625,0.17877604166666666,0.17864583333333334,,-0.024151744974719447,0.023752665978672163,-0.02557320610687023,0.024713762719380677
exploratory_post_outcome_not_confirmatory,direct_risk,head_pair_quadratic_screen,mean_effect,head_pair_quadratic_screen,160,target_loss,target_0.5,objective_loss_reduction,0.07529358435422182,-0.032888656235300004,0.17736413301434367,0.8458167975768447,0.7705232132226228,0.08901878582918683,-0.044058546101782045,0.1796833290795314,-0.03252032506699656,0.1789029714522025
exploratory_post_outcome_not_confirmatory,direct_risk,head_pair_quadratic_screen,mean_effect,head_pair_quadratic_screen,160,target_loss,target_0.5,within_tolerance_improvement,0.011328125,-0.02109375,0.046484375,0.1921875,0.203515625,,-0.022596883468834688,0.04685072057413488,-0.01983813700918964,0.046073818572372735
exploratory_post_outcome_not_confirmatory,direct_risk,head_pair_quadratic_screen,mean_effect,head_pair_quadratic_screen,160,target_loss,target_1,objective_loss_reduction,0.08305857554078103,-0.0653417628351599,0.28319603143259875,0.905613336339593,0.822554760798812,0.0917152742874749,-0.0728015091159297,0.28924462023984754,-0.0696222383306098,0.27072788754766575
exploratory_post_outcome_not_confirmatory,direct_risk,head_pair_quadratic_screen,mean_effect,head_pair_quadratic_screen,160,target_loss,target_1,within_tolerance_improvement,0.0171875,-0.021484375,0.06015625,0.1796875,0.196875,,-0.021458001768346596,0.06220818370507032,-0.02339897015710742,0.06343984192959251
exploratory_post_outcome_not_confirmatory,direct_risk,head_pair_quadratic_screen,mean_effect,head_pair_quadratic_screen,160,target_loss,target_1.5,objective_loss_reduction,-0.01450970619916916,-0.13443471582606434,0.107260388592258,1.0222281858325004,1.0367378920316697,-0.014194194995075866,-0.13924447424949138,0.10579943031730213,-0.1422368318153393,0.10384950598248961
exploratory_post_outcome_not_confirmatory,direct_risk,head_pair_quadratic_screen,mean_effect,head_pair_quadratic_screen,160,target_loss,target_1.5,within_tolerance_improvement,-0.02890625,-0.06484375,0.01015625,0.164453125,0.135546875,,-0.0689675697865353,0.013334645669291332,-0.06862932195779076,0.008085930752924545
exploratory_post_outcome_not_confirmatory,direct_risk,head_pair_quadratic_screen,mean_effect,head_pair_quadratic_screen,160,cost_aware,pooled,objective_loss_reduction,0.049180466488003734,-0.029968353548025108,0.12450260721445082,1.024583499605457,0.9754030331174534,0.04800044750568594,-0.032985708400885695,0.13015844414805877,-0.03429445913771612,0.1336839242895283
exploratory_post_outcome_not_confirmatory,direct_risk,head_pair_quadratic_screen,mean_effect,head_pair_quadratic_screen,160,cost_aware,target_0.5,objective_loss_reduction,0.08313274952769278,-0.019367031281068908,0.19962276811040922,0.9798123978972434,0.8966796483695507,0.08484557830264486,-0.022435580945307693,0.2089641877783835,-0.025271457682796965,0.21629698984606177
exploratory_post_outcome_not_confirmatory,direct_risk,head_pair_quadratic_screen,mean_effect,head_pair_quadratic_screen,160,cost_aware,target_1,objective_loss_reduction,0.04201269945502282,-0.04576197776161135,0.1348098094742745,0.9617466688901187,0.9197339694350959,0.04368374834456832,-0.04848118117309387,0.13028864969120837,-0.0440284218715127,0.13711227960589695
exploratory_post_outcome_not_confirmatory,direct_risk,head_pair_quadratic_screen,mean_effect,head_pair_quadratic_screen,160,cost_aware,target_1.5,objective_loss_reduction,0.022395950481295578,-0.0902133963700384,0.1433977954566478,1.132191432029009,1.1097954815477133,0.019781063385331952,-0.09819725904864508,0.1414019879219317,-0.09595205989977543,0.14978502495600793
exploratory_post_outcome_not_confirmatory,direct_risk,head_pair_quadratic_screen,mean_effect,count_plus_all_bin4,160,target_loss,pooled,objective_loss_reduction,0.13863928460826477,0.06948248704584938,0.2159238006422917,1.015244573292633,0.8766052886843682,0.13655752343362051,0.05975553547014112,0.2207139177452556,0.05438703624446414,0.22255267549841956
exploratory_post_outcome_not_confirmatory,direct_risk,head_pair_quadratic_screen,mean_effect,count_plus_all_bin4,160,target_loss,pooled,within_tolerance_improvement,0.02109375,-0.0006542968750000016,0.041796875,0.15755208333333334,0.17864583333333334,,-0.001626246356803192,0.04287728317468066,-0.0015961025688911027,0.044264715843663205
exploratory_post_outcome_not_confirmatory,direct_risk,head_pair_quadratic_screen,mean_effect,count_plus_all_bin4,160,target_loss,target_0.5,objective_loss_reduction,0.247146431915462,0.1183246677229181,0.39211780908051874,1.0176696451380849,0.7705232132226228,0.24285526555322123,0.11375077447795628,0.39447457430319854,0.11408795531353305,0.39938248863098563
exploratory_post_outcome_not_confirmatory,direct_risk,head_pair_quadratic_screen,mean_effect,count_plus_all_bin4,160,target_loss,target_0.5,within_tolerance_improvement,0.035546875,-0.00822265625,0.0847851562499999,0.16796875,0.203515625,,-0.013064151241892107,0.0866045446764806,-0.010898158644566315,0.08567244877257045
exploratory_post_outcome_not_confirmatory,direct_risk,head_pair_quadratic_screen,mean_effect,count_plus_all_bin4,160,target_loss,target_1,objective_loss_reduction,0.19901299923658372,0.04319614654406905,0.385670840516686,1.0215677600353956,0.822554760798812,0.1948113546865342,0.03960370820853893,0.38938926784426653,0.04325478123515872,0.4016244085897949
exploratory_post_outcome_not_confirmatory,direct_risk,head_pair_quadratic_screen,mean_effect,count_plus_all_bin4,160,target_loss,target_1,within_tolerance_improvement,0.04453125,0.007001953125000002,0.08829101562499996,0.15234375,0.196875,,0.004460143486193226,0.08755390610059283,0.006615041131395087,0.08629334326177361
exploratory_post_outcome_not_confirmatory,direct_risk,head_pair_quadratic_screen,mean_effect,count_plus_all_bin4,160,target_loss,target_1.5,objective_loss_reduction,-0.030241577327251433,-0.13099811654537916,0.08247565801255403,1.0064963147044181,1.0367378920316697,-0.030046386544527588,-0.1321680421779339,0.08036651844689266,-0.1283373463238308,0.09187064829132241
exploratory_post_outcome_not_confirmatory,direct_risk,head_pair_quadratic_screen,mean_effect,count_plus_all_bin4,160,target_loss,target_1.5,within_tolerance_improvement,-0.016796875,-0.051572265624999995,0.019541015624999946,0.15234375,0.135546875,,-0.05357214285714285,0.019164802140914233,-0.053257270168855536,0.019147023168103416
exploratory_post_outcome_not_confirmatory,direct_risk,head_pair_quadratic_screen,mean_effect,count_plus_all_bin4,160,cost_aware,pooled,objective_loss_reduction,0.1674601249868671,0.08576618010786671,0.25871263620685786,1.1428631581043205,0.9754030331174534,0.14652683814275283,0.08288064270872753,0.2647459639848752,0.0761063869482822,0.26634068517312054
exploratory_post_outcome_not_confirmatory,direct_risk,head_pair_quadratic_screen,mean_effect,count_plus_all_bin4,160,cost_aware,target_0.5,objective_loss_reduction,0.21551626632362603,0.07169078127630056,0.3786178711820393,1.1121959146931768,0.8966796483695507,0.19377545221705011,0.05745109877351589,0.38116991172801834,0.06285570316213755,0.3720019102314504
exploratory_post_outcome_not_confirmatory,direct_risk,head_pair_quadratic_screen,mean_effect,count_plus_all_bin4,160,cost_aware,target_1,objective_loss_reduction,0.24016327548027042,0.0815752377025783,0.42340793966017654,1.1598972449153664,0.9197339694350959,0.20705564784559366,0.07880209134320416,0.4437931076936886,0.09013835794276442,0.44303624105611905
exploratory_post_outcome_not_confirmatory,direct_risk,head_pair_quadratic_screen,mean_effect,count_plus_all_bin4,160,cost_aware,target_1.5,objective_loss_reduction,0.04670083315670489,-0.06220784484185281,0.15539011645503337,1.1564963147044183,1.1097954815477133,0.04038130737030569,-0.059579010007699655,0.16426455919235514,-0.07085782179712544,0.1613767017437887
exploratory_post_outcome_not_confirmatory,direct_risk,head_pair_quadratic_screen,direct_risk,count_plus_all_bin4,160,target_loss,pooled,objective_loss_reduction,0.05642414453128973,-0.024177219116439424,0.1376127042993903,0.9330294332156579,0.8766052886843682,0.06047413138600099,-0.02840844387771257,0.14487774177983356,-0.03174048619855543,0.15083053539847485
exploratory_post_outcome_not_confirmatory,direct_risk,head_pair_quadratic_screen,direct_risk,count_plus_all_bin4,160,target_loss,pooled,within_tolerance_improvement,0.004036458333333331,-0.016933593750000003,0.02409179687499998,0.174609375,0.17864583333333334,,-0.018154713912366546,0.026506103152768554,-0.017060445569303837,0.02598639664205397
exploratory_post_outcome_not_confirmatory,direct_risk,head_pair_quadratic_screen,direct_risk,count_plus_all_bin4,160,target_loss,target_0.5,objective_loss_reduction,0.0508320577442646,-0.041434991154819724,0.1500889691617338,0.8213552709668874,0.7705232132226228,0.061888027679454526,-0.04300336084713122,0.16262665891391467,-0.049625799373182955,0.15540929031248157
exploratory_post_outcome_not_confirmatory,direct_risk,head_pair_quadratic_screen,direct_risk,count_plus_all_bin4,160,target_loss,target_0.5,within_tolerance_improvement,-0.001171875,-0.0390625,0.03907226562499995,0.2046875,0.203515625,,-0.03952691110924229,0.039755230125522976,-0.039621093749999996,0.04136546184738956
exploratory_post_outcome_not_confirmatory,direct_risk,head_pair_quadratic_screen,direct_risk,count_plus_all_bin4,160,target_loss,target_1,objective_loss_reduction,0.11909379884600639,-0.02105771901085973,0.26303756881505236,0.9416485596448183,0.822554760798812,0.12647372273465543,-0.01765258303747848,0.2709882476415305,-0.02241780682929062,0.2761760268777162
exploratory_post_outcome_not_confirmatory,direct_risk,head_pair_quadratic_screen,direct_risk,count_plus_all_bin4,160,target_loss,target_1,within_tolerance_improvement,0.01875,-0.017578125,0.056640625,0.178125,0.196875,,-0.017124937830958722,0.05796118447378951,-0.01933036777464022,0.057094934073560005
exploratory_post_outcome_not_confirmatory,direct_risk,head_pair_quadratic_screen,direct_risk,count_plus_all_bin4,160,target_loss,target_1.5,objective_loss_reduction,-0.0006534229964017854,-0.12272603224031627,0.13513342020101846,1.0360844690352677,1.0367378920316697,-0.0006306657574070278,-0.13022722100671802,0.14042858346787154,-0.13049918362634286,0.13747997191387673
exploratory_post_outcome_not_confirmatory,direct_risk,head_pair_quadratic_screen,direct_risk,count_plus_all_bin4,160,target_loss,target_1.5,within_tolerance_improvement,-0.00546875,-0.041015625,0.025390625,0.141015625,0.135546875,,-0.03926068376068376,0.025002413127413116,-0.03881868950111691,0.025308390022675726
exploratory_post_outcome_not_confirmatory,direct_risk,head_pair_quadratic_screen,direct_risk,count_plus_all_bin4,160,cost_aware,pooled,objective_loss_reduction,0.0637069798707962,-0.022107270590712647,0.14564349226169285,1.0391100129882493,0.9754030331174534,0.061309177155928936,-0.02253702490489563,0.14779874580204264,-0.026678709131088163,0.1478534442513334
exploratory_post_outcome_not_confirmatory,direct_risk,head_pair_quadratic_screen,direct_risk,count_plus_all_bin4,160,cost_aware,target_0.5,objective_loss_reduction,0.028675622597336758,-0.07681483899503948,0.1439300759997219,0.9253552709668874,0.8966796483695507,0.030988771012644804,-0.08308154046065883,0.14780020296904942,-0.08079643023330413,0.14215555324522858
exploratory_post_outcome_not_confirmatory,direct_risk,head_pair_quadratic_screen,direct_risk,count_plus_all_bin4,160,cost_aware,target_1,objective_loss_reduction,0.10662657706439493,-0.024205730772763515,0.23887509646005917,1.0263605464994907,0.9197339694350959,0.10388803177212526,-0.025780111084061294,0.2444945076595553,-0.025213773401212496,0.24410432615060182
exploratory_post_outcome_not_confirmatory,direct_risk,head_pair_quadratic_screen,direct_risk,count_plus_all_bin4,160,cost_aware,target_1.5,objective_loss_reduction,0.05581873995065689,-0.09155239263214172,0.19282150987796476,1.16561422149837,1.1097954815477133,0.04788783365983919,-0.08889379819926334,0.1996516301155088,-0.07702477098694308,0.1994768744828837
exploratory_post_outcome_not_confirmatory,direct_risk,head_pair_quadratic_screen,direct_risk,count_plus_PE_bin4,160,target_loss,pooled,objective_loss_reduction,0.05501224075754483,-0.03186630264545481,0.1424179846886544,0.931617529441913,0.8766052886843682,0.05905024220669184,-0.029917630350689235,0.15290194607568733,-0.02979777197669724,0.1476166876904728
exploratory_post_outcome_not_confirmatory,direct_risk,head_pair_quadratic_screen,direct_risk,count_plus_PE_bin4,160,target_loss,pooled,within_tolerance_improvement,0.005989583333333331,-0.012506510416666667,0.027480468749999966,0.17265625,0.17864583333333334,,-0.013573190767890228,0.02682867225241543,-0.013336601307189543,0.026646113301681807
exploratory_post_outcome_not_confirmatory,direct_risk,head_pair_quadratic_screen,direct_risk,count_plus_PE_bin4,160,target_loss,target_0.5,objective_loss_reduction,0.12293104343116283,0.001589596560224891,0.25275030336342735,0.8934542566537857,0.7705232132226228,0.13759075242595067,0.002608862652455591,0.2507912587263418,0.004057980494218928,0.2584508626115307
exploratory_post_outcome_not_confirmatory,direct_risk,head_pair_quadratic_screen,direct_risk,count_plus_PE_bin4,160,target_loss,target_0.5,within_tolerance_improvement,0.009765625,-0.025390625,0.04610351562499995,0.19375,0.203515625,,-0.027274582560296846,0.048544397954439746,-0.023111681381413327,0.04699583009247254
exploratory_post_outcome_not_confirmatory,direct_risk,head_pair_quadratic_screen,direct_risk,count_plus_PE_bin4,160,target_loss,target_1,objective_loss_reduction,0.11798112131655217,-0.02205418525263667,0.2663139414973555,0.9405358821153641,0.822554760798812,0.12544031924778906,-0.03112010911760483,0.26993057537101844,-0.030965008378089093,0.2870759562809135
exploratory_post_outcome_not_confirmatory,direct_risk,head_pair_quadratic_screen,direct_risk,count_plus_PE_bin4,160,target_loss,target_1,within_tolerance_improvement,0.021484375,-0.014072265625,0.058203125,0.175390625,0.196875,,-0.01862348178137652,0.06024011888219853,-0.014464911438583018,0.06151174007152266
exploratory_post_outcome_not_confirmatory,direct_risk,head_pair_quadratic_screen,direct_risk,count_plus_PE_bin4,160,target_loss,target_1.5,objective_loss_reduction,-0.07587544247508049,-0.19312414831481875,0.061717988848686116,0.9608624495565892,1.0367378920316697,-0.07896597739884087,-0.20296663731392614,0.06518791734394928,-0.19552313693047896,0.06448855490354623
exploratory_post_outcome_not_confirmatory,direct_risk,head_pair_quadratic_screen,direct_risk,count_plus_PE_bin4,160,target_loss,target_1.5,within_tolerance_improvement,-0.01328125,-0.0515625,0.022275390624999947,0.148828125,0.135546875,,-0.052974835778487335,0.023322471610515077,-0.05204961687277142,0.02388203768800783
exploratory_post_outcome_not_confirmatory,direct_risk,head_pair_quadratic_screen,direct_risk,count_plus_PE_bin4,160,cost_aware,pooled,objective_loss_reduction,0.07278953947623569,-0.02348222241302333,0.18531710530022777,1.048192572593689,0.9754030331174534,0.06944290713310665,-0.03510046147306762,0.18308450298259482,-0.03227816804713673,0.18658089444425394
exploratory_post_outcome_not_confirmatory,direct_risk,head_pair_quadratic_screen,direct_risk,count_plus_PE_bin4,160,cost_aware,target_0.5,objective_loss_reduction,0.05249973773956298,-0.058808846826478856,0.15538261486403626,0.9491793861091138,0.8966796483695507,0.05531065940524737,-0.05564955316860621,0.16992836160913616,-0.06170678552926102,0.16708881108429585
exploratory_post_outcome_not_confirmatory,direct_risk,head_pair_quadratic_screen,direct_risk,count_plus_PE_bin4,160,cost_aware,target_1,objective_loss_reduction,0.16680191268026828,0.02277780930288133,0.3283089516948909,1.0865358821153641,0.9197339694350959,0.15351716903773446,0.012161824589978774,0.32562482408618193,0.011608506080275534,0.3232370810161336
exploratory_post_outcome_not_confirmatory,direct_risk,head_pair_quadratic_screen,direct_risk,count_plus_PE_bin4,160,cost_aware,target_1.5,objective_loss_reduction,-0.0009330319911241773,-0.14560201066210868,0.14489283905662592,1.108862449556589,1.1097954815477133,-0.0008414316775694562,-0.14778168673331635,0.14269703270744397,-0.14885398259752597,0.13551875545929107
exploratory_post_outcome_not_confirmatory,direct_risk,head_pair_quadratic_screen,direct_risk,additive_head,160,target_loss,pooled,objective_loss_reduction,0.1947349078953266,0.10009208638531467,0.298848916972056,1.0713401965796947,0.8766052886843682,0.1817675734720187,0.09618243619388654,0.3102126036056534,0.0912244250765899,0.3118133072812256
exploratory_post_outcome_not_confirmatory,direct_risk,head_pair_quadratic_screen,direct_risk,additive_head,160,target_loss,pooled,within_tolerance_improvement,0.026692708333333325,0.005722656250000003,0.04791992187499998,0.151953125,0.17864583333333334,,0.004761904761904762,0.04882658945763032,0.004780932864949255,0.048489393939393916
exploratory_post_outcome_not_confirmatory,direct_risk,head_pair_quadratic_screen,direct_risk,additive_head,160,target_loss,target_0.5,objective_loss_reduction,0.2277346435934305,0.10063507572747767,0.36236502984538665,0.9982578568160534,0.7705232132226228,0.22813208234572868,0.09653267563824382,0.36750656882724847,0.09255402897992412,0.3660650935199973
exploratory_post_outcome_not_confirmatory,direct_risk,head_pair_quadratic_screen,direct_risk,additive_head,160,target_loss,target_0.5,within_tolerance_improvement,0.042578125,0.005068359375,0.08516601562499995,0.1609375,0.203515625,,0.005054548124219955,0.08479411853461281,0.0008259464142895228,0.08499298612725716
exploratory_post_outcome_not_confirmatory,direct_risk,head_pair_quadratic_screen,direct_risk,additive_head,160,target_loss,target_1,objective_loss_reduction,0.24414734840393065,0.10810946671292186,0.39574210499413287,1.0667021092027427,0.822554760798812,0.2288805340287621,0.10350984268882325,0.39781505219806906,0.10049308057238461,0.423285970736533
exploratory_post_outcome_not_confirmatory,direct_risk,head_pair_quadratic_screen,direct_risk,additive_head,160,target_loss,target_1,within_tolerance_improvement,0.041015625,-0.0019726562499999987,0.08672851562499995,0.155859375,0.196875,,-0.00626173418972332,0.08809818033677348,-0.004105249130288408,0.08735910388084296
exploratory_post_outcome_not_confirmatory,direct_risk,head_pair_quadratic_screen,direct_risk,additive_head,160,target_loss,target_1.5,objective_loss_reduction,0.11232273168861866,-0.005114253545179963,0.24405820994637906,1.1490606237202883,1.0367378920316697,0.09775178904395299,-0.0032002146903368314,0.24934003247765063,-0.014390201023267374,0.24875233236041686
exploratory_post_outcome_not_confirmatory,direct_risk,head_pair_quadratic_screen,direct_risk,additive_head,160,target_loss,target_1.5,within_tolerance_improvement,-0.003515625,-0.037509765625,0.030078125,0.1390625,0.135546875,,-0.03867215631430041,0.031069087324406445,-0.036572525304511924,0.030798479087452472
exploratory_post_outcome_not_confirmatory,direct_risk,head_pair_quadratic_screen,direct_risk,additive_head,160,cost_aware,pooled,objective_loss_reduction,0.19438405509789786,0.10772577257218459,0.3109326916499682,1.169787088215351,0.9754030331174534,0.16617045704825978,0.09570413330770376,0.31277157669119704,0.09549493466252863,0.3080649952397352
exploratory_post_outcome_not_confirmatory,direct_risk,head_pair_quadratic_screen,direct_risk,additive_head,160,cost_aware,target_0.5,objective_loss_reduction,0.20069733853638178,0.07813073622770607,0.35513056788481767,1.0973769869059324,0.8966796483695507,0.18288823342491473,0.06867867925240831,0.3527539594240572,0.06541438687744343,0.35125284259319295
exploratory_post_outcome_not_confirmatory,direct_risk,head_pair_quadratic_screen,direct_risk,additive_head,160,cost_aware,target_1,objective_loss_reduction,0.20918968458473683,0.0970459993686527,0.3333485562760381,1.1289236540198329,0.9197339694350959,0.18530011647808187,0.09707511031779156,0.33091965708520715,0.09055406624512594,0.32519306798946196
exploratory_post_outcome_not_confirmatory,direct_risk,head_pair_quadratic_screen,direct_risk,additive_head,160,cost_aware,target_1.5,objective_loss_reduction,0.173265142172575,0.04786783754564822,0.3167186116963624,1.2830606237202882,1.1097954815477133,0.13504049533543117,0.034205986232112906,0.3223736748548737,0.03226217075824439,0.3371871952992008
exploratory_post_outcome_not_confirmatory,direct_risk,head_pair_quadratic_screen,direct_risk,count_additive,160,target_loss,pooled,objective_loss_reduction,0.14591676220297814,0.055432704233874884,0.24277580040196572,1.0225220508873463,0.8766052886843682,0.14270280242499547,0.04701310387046751,0.2470078854026988,0.04746499484551841,0.2588570773151887
exploratory_post_outcome_not_confirmatory,direct_risk,head_pair_quadratic_screen,direct_risk,count_additive,160,target_loss,pooled,within_tolerance_improvement,0.013932291666666662,-0.009114583333333332,0.035159505208333316,0.16471354166666666,0.17864583333333334,,-0.009804106548279689,0.04036295308127803,-0.011651584130818543,0.03636480186480186
exploratory_post_outcome_not_confirmatory,direct_risk,head_pair_quadratic_screen,direct_risk,count_additive,160,target_loss,target_0.5,objective_loss_reduction,0.22452025450766086,0.10028915150091051,0.3579838700406253,0.9950434677302837,0.7705232132226228,0.22563863970666181,0.0877861131033389,0.35745300174171174,0.09241120514532532,0.3639292510188253
exploratory_post_outcome_not_confirmatory,direct_risk,head_pair_quadratic_screen,direct_risk,count_additive,160,target_loss,target_0.5,within_tolerance_improvement,0.027734375,-0.0140625,0.07110351562499995,0.17578125,0.203515625,,-0.014902395635673624,0.0754525321502617,-0.019609614930309473,0.07563648018648018
exploratory_post_outcome_not_confirmatory,direct_risk,head_pair_quadratic_screen,direct_risk,count_additive,160,target_loss,target_1,objective_loss_reduction,0.16950393617153167,0.06502221104688943,0.2808321586437523,0.9920586969703435,0.822554760798812,0.1708607935086716,0.05728846310977814,0.2801314078763883,0.06523958176084146,0.2833729510696955
exploratory_post_outcome_not_confirmatory,direct_risk,head_pair_quadratic_screen,direct_risk,count_additive,160,target_loss,target_1,within_tolerance_improvement,0.028125,-0.010556640625,0.06680664062499996,0.16875,0.196875,,-0.01212329992841804,0.06953509473425196,-0.012556465273856577,0.06940320456540824
exploratory_post_outcome_not_confirmatory,direct_risk,head_pair_quadratic_screen,direct_risk,count_additive,160,target_loss,target_1.5,objective_loss_reduction,0.04372609592974186,-0.07969393993727862,0.17344209579750888,1.0804639879614115,1.0367378920316697,0.04046973931286965,-0.08473934512487405,0.17940342265118575,-0.09411845268759483,0.16851536308951284
exploratory_post_outcome_not_confirmatory,direct_risk,head_pair_quadratic_screen,direct_risk,count_additive,160,target_loss,target_1.5,within_tolerance_improvement,-0.0140625,-0.049619140624999995,0.02265625,0.149609375,0.135546875,,-0.04981877323420074,0.020671316891034484,-0.04599477025477528,0.01785958602348634
exploratory_post_outcome_not_confirmatory,direct_risk,head_pair_quadratic_screen,direct_risk,count_additive,160,cost_aware,pooled,objective_loss_reduction,0.15933044385910033,0.06094950293339788,0.26743416474821663,1.1347334769765536,0.9754030331174534,0.14041221757520467,0.057446939215383505,0.2685520286668943,0.054210766851777815,0.2681697741945631
exploratory_post_outcome_not_confirmatory,direct_risk,head_pair_quadratic_screen,direct_risk,count_additive,160,cost_aware,target_0.5,objective_loss_reduction,0.21836381936073304,0.08828719927296041,0.3547314845647663,1.1150434677302836,0.8966796483695507,0.1958343559513617,0.08252386967327881,0.36478560552256445,0.07961907673635972,0.3617414765094324
exploratory_post_outcome_not_confirmatory,direct_risk,head_pair_quadratic_screen,direct_risk,count_additive,160,cost_aware,target_1,objective_loss_reduction,0.1489590058028698,0.03304628383219241,0.2641668344996869,1.0686929752379657,0.9197339694350959,0.13938428459277663,0.03778926121310794,0.2657009294488849,0.0352448516574219,0.26666609380459316
exploratory_post_outcome_not_confirmatory,direct_risk,head_pair_quadratic_screen,direct_risk,count_additive,160,cost_aware,target_1.5,objective_loss_reduction,0.11066850641369819,-0.03952532036826015,0.24609751582965242,1.2204639879614114,1.1097954815477133,0.09067740425389537,-0.03097436858216923,0.24767081190489126,-0.03279460646459913,0.25124181176256916
