name_id,name,split,leading_space_token_id
name_1189891008d5d065,Pamela,reference,43341
name_1a6bc6c60af87bc6,Benjamin,reference,14533
name_215df5ea06f93e64,Amy,reference,14235
name_453aad36d9b17953,Sandra,reference,32464
name_5ceafcdc4b0d4316,Michelle,reference,16738
name_6b2149ba5b7a1dbb,Helen,reference,22695
name_abbd69fc63ad9386,Anthony,reference,9953
name_ae6b03f5c85a6ad9,Ryan,reference,6047
name_b47d8ca711cb09c5,Carol,reference,5074
name_b82a08f1352e0602,Susan,reference,14919
name_bc35f5b838e8abee,Donna,reference,29216
name_c6b46da327b03220,Frances,reference,27025
name_c72df31fcae6c0a0,Ruth,reference,22132
name_e177acc469e01490,Jason,reference,8982
name_e39b2fe4452ef479,Nancy,reference,18496
name_e9cebbeddfeafa3b,Patricia,reference,30223
name_087fda3716dcfb28,Daniel,test,7806
name_3cba1e3cf23c8ce2,Alice,test,14862
name_49b4dd30dbf50c03,Ronald,test,14430
name_52e9a1b61edb4b6d,Denise,test,43596
name_55c4839f81b15efa,Sharon,test,26918
name_6c7eb2b5b4db6df4,Dorothy,test,40349
name_85d35046d0f42e2d,Scott,test,4746
name_949e40b9011401d1,Andrea,test,23174
name_a7bf784b465316c7,Linda,test,21776
name_b424a3327ee2cc0c,Christine,test,26088
name_ba138e655b1b1b9c,Justin,test,10799
name_d0f3a0070d5ac7b2,Brenda,test,49495
name_d4004125071f24d3,Liam,test,31684
name_d71137b2c551f989,Erin,test,28894
name_dbdbccc636543743,Cynthia,test,40897
name_edd9060919615deb,Brandon,test,14328
name_04c79acba90590c5,Brian,train,8403
name_0769565f4e5e8695,Larry,train,13633
name_0e1bc69657523d45,Kevin,train,7939
name_14a677555ff7c989,Henry,train,8616
name_17489b13d03a00be,Robert,train,5199
name_22c32dd7fef20b41,Angela,train,17799
name_37d53c136dc90bf7,Stephen,train,7970
name_63f3ec35e0acd69a,Edward,train,10443
name_7d266cb9e270728d,George,train,4502
name_840c3985f212fbe5,Bob,train,5811
name_b97acabe884ba9dc,James,train,3700
name_cdfefc92b1145ee7,Laura,train,16753
name_d5717e3e7247e7eb,Nicholas,train,20320
name_fb782b5cf1b735bf,Ann,train,5506
name_fc829c5091e7daff,Eric,train,7651
name_fd1227097f18bf95,Janet,train,28111
name_00cb86dd5c91b8df,Jeff,validation,5502
name_03e954dfac09d5b5,Kate,validation,16693
name_0e72d1f8f3e4ab47,David,validation,3271
name_169e7b7aa632aaf0,Betty,validation,29504
name_1898624433e9c034,Matthew,validation,9308
name_1abc2083af904986,Diana,validation,25752
name_44c0e54f05ec4a31,Deborah,validation,36976
name_71e0d496a8c942d9,Grace,validation,16156
name_82d5d8ffd633b457,Jack,validation,3619
name_a748d4ac7a084392,Gloria,validation,38109
name_abe880493eeacc16,Dave,validation,9935
name_b74fda0c0f83dbae,William,validation,3977
name_b8299502e8c0ba87,Karen,validation,18678
name_e19027089c49053c,Gary,validation,10936
name_e9165ce05c710e8c,Frank,validation,5278
name_f748610a4062dd11,Samuel,validation,17100
