prompt_id,source_prompt_id,family_id,source_cluster_id,mask_id,mask_bits,kl_clean_to_intervened,total_variation
qcontrol_c5d556b6682f2e9e,qseq_53402bb64e257a4c,length_32_gap_8,qcluster_locked_test_0000,qmask_427363983d4a675f,11011110,0.028987735509872437,0.099058538675308228
qcontrol_3d6dbff59ab97005,qseq_063d071a40a8b975,length_32_gap_8,qcluster_locked_test_0001,qmask_427363983d4a675f,11011110,0.016804862767457962,0.073634088039398193
qcontrol_8e25272f30b8e1de,qseq_2b370320aa590f4a,length_32_gap_8,qcluster_locked_test_0002,qmask_427363983d4a675f,11011110,0.016684100031852722,0.071663200855255127
qcontrol_ed063b6dcfd273db,qseq_62b2d7ba14f996e1,length_32_gap_8,qcluster_locked_test_0003,qmask_427363983d4a675f,11011110,0.025730147957801819,0.088655367493629456
qcontrol_87bb7269d412a6c7,qseq_fc7b565459a3a9ce,length_32_gap_8,qcluster_locked_test_0004,qmask_427363983d4a675f,11011110,0.02548639103770256,0.085498541593551636
qcontrol_d2eaa38d58430d7b,qseq_855a3f3d1d296cbe,length_32_gap_8,qcluster_locked_test_0005,qmask_427363983d4a675f,11011110,0.0064941844902932644,0.043970033526420593
qcontrol_24a73d4e4e356b54,qseq_bc6acb92c469fef7,length_32_gap_8,qcluster_locked_test_0006,qmask_427363983d4a675f,11011110,0.11544835567474365,0.19652214646339417
qcontrol_ab5c86c16f90de00,qseq_8ca468b64440782b,length_32_gap_8,qcluster_locked_test_0007,qmask_427363983d4a675f,11011110,0.031224494799971581,0.098937228322029114
qcontrol_0467ed43d31cbc26,qseq_3f0bb4eae1f06111,length_32_gap_8,qcluster_locked_test_0008,qmask_427363983d4a675f,11011110,0.034150462597608566,0.10594941675662994
qcontrol_5c4599f1f5150e80,qseq_545d27c10930d8dd,length_32_gap_8,qcluster_locked_test_0009,qmask_427363983d4a675f,11011110,0.014947828836739063,0.069482028484344482
qcontrol_fdba721e76249374,qseq_c3a8805eafca385c,length_32_gap_8,qcluster_locked_test_0010,qmask_427363983d4a675f,11011110,0.014583762735128403,0.069614380598068237
qcontrol_cd16adfe498ec968,qseq_1428b8e6a33bc034,length_32_gap_8,qcluster_locked_test_0011,qmask_427363983d4a675f,11011110,0.018167475238442421,0.076475828886032104
qcontrol_e729907ce7696489,qseq_dc48f394593bb573,length_32_gap_8,qcluster_locked_test_0012,qmask_427363983d4a675f,11011110,0.12240879982709885,0.19411954283714294
qcontrol_668baf9e860bb680,qseq_84d55da9d8a1c3ec,length_32_gap_8,qcluster_locked_test_0013,qmask_427363983d4a675f,11011110,0.024400375783443451,0.082934685051441193
qcontrol_c97b66b834c31d9f,qseq_ad68734add0ca673,length_32_gap_8,qcluster_locked_test_0014,qmask_427363983d4a675f,11011110,0.018843421712517738,0.075644709169864655
qcontrol_ebc54483bd759f2a,qseq_5d11ec40ee5e399c,length_32_gap_8,qcluster_locked_test_0015,qmask_427363983d4a675f,11011110,0.010183820500969887,0.056352265179157257
qcontrol_2098c49dc5af26a7,qseq_933613b63b18ef39,length_32_gap_8,qcluster_locked_test_0016,qmask_427363983d4a675f,11011110,0.011726303957402706,0.058733794838190079
qcontrol_cec492db00e0f846,qseq_7982e3353af95b5a,length_32_gap_8,qcluster_locked_test_0017,qmask_427363983d4a675f,11011110,0.2166823148727417,0.24608176946640015
qcontrol_92c8ca14ea81d17a,qseq_957f2217c38cbb43,length_32_gap_8,qcluster_locked_test_0018,qmask_427363983d4a675f,11011110,0.018744617700576782,0.073163285851478577
qcontrol_9ef38e7933073940,qseq_1ca6609274aa0efd,length_32_gap_8,qcluster_locked_test_0019,qmask_427363983d4a675f,11011110,0.019042059779167175,0.073405936360359192
qcontrol_7bfadcf22fb593a6,qseq_636926d60e9fc6a4,length_32_gap_8,qcluster_locked_test_0020,qmask_427363983d4a675f,11011110,0.017628295347094536,0.07418765127658844
qcontrol_4adc18eeedd3ef7a,qseq_2b0e460c32b3f17b,length_32_gap_8,qcluster_locked_test_0021,qmask_427363983d4a675f,11011110,0.019332639873027802,0.076415613293647766
qcontrol_93715968b217048a,qseq_597ab7a897f078ee,length_32_gap_8,qcluster_locked_test_0022,qmask_427363983d4a675f,11011110,0.021878927946090698,0.0813489630818367
qcontrol_dda2501e624acf62,qseq_ab085848a2ffe2d7,length_32_gap_8,qcluster_locked_test_0023,qmask_427363983d4a675f,11011110,0.034198954701423645,0.10716550052165985
qcontrol_0f0dccc5c19f1f5d,qseq_743feac99f8e9594,length_32_gap_8,qcluster_locked_test_0024,qmask_427363983d4a675f,11011110,0.0095491483807563782,0.05486612394452095
qcontrol_78ded0b40eb2b27c,qseq_82634b9ef4f722e5,length_32_gap_8,qcluster_locked_test_0025,qmask_427363983d4a675f,11011110,0.013175851665437222,0.062962271273136139
qcontrol_71ea360fb8af9930,qseq_6ef95ecc92d78a0d,length_32_gap_8,qcluster_locked_test_0026,qmask_427363983d4a675f,11011110,0.016566801816225052,0.073682054877281189
qcontrol_72a8669bdefe41bb,qseq_f0c0d20f4295b441,length_32_gap_8,qcluster_locked_test_0027,qmask_427363983d4a675f,11011110,0.010325814597308636,0.056976631283760071
qcontrol_f5c79c084a82ed83,qseq_51ad2d071f274bd7,length_32_gap_8,qcluster_locked_test_0028,qmask_427363983d4a675f,11011110,0.009884171187877655,0.055460341274738312
qcontrol_f098e7503bd78cfe,qseq_7678c941fe0cdde4,length_32_gap_8,qcluster_locked_test_0029,qmask_427363983d4a675f,11011110,0.011806648224592209,0.057712219655513763
qcontrol_cb985f45087fdfca,qseq_abd4c2b648d044b2,length_32_gap_8,qcluster_locked_test_0030,qmask_427363983d4a675f,11011110,0.012716335244476795,0.06263568252325058
qcontrol_4eedb1edc907cb3f,qseq_376748c012341f39,length_32_gap_8,qcluster_locked_test_0031,qmask_427363983d4a675f,11011110,0.10112418234348297,0.18379756808280945
qcontrol_ce7e3d2743f6522c,qseq_19d86bb0059dd869,length_32_gap_8,qcluster_locked_test_0032,qmask_427363983d4a675f,11011110,0.015228460542857647,0.068185985088348389
qcontrol_cd891116254bb5de,qseq_c3631e47ce7a3151,length_32_gap_8,qcluster_locked_test_0033,qmask_427363983d4a675f,11011110,0.014914762228727341,0.065895020961761475
qcontrol_b78a15eac9e1d73b,qseq_d7c516de3d15276d,length_32_gap_8,qcluster_locked_test_0034,qmask_427363983d4a675f,11011110,0.030393287539482117,0.09838489443063736
qcontrol_47a96e6006fe81d4,qseq_a0ace0ffe2091903,length_32_gap_8,qcluster_locked_test_0035,qmask_427363983d4a675f,11011110,0.039960004389286041,0.10811949521303177
qcontrol_4b25178f8bfcd58f,qseq_ba465edb70f8e1ca,length_32_gap_8,qcluster_locked_test_0036,qmask_427363983d4a675f,11011110,0.019087346270680428,0.073333591222763062
qcontrol_d15821c919988bba,qseq_76850ece32132587,length_32_gap_8,qcluster_locked_test_0037,qmask_427363983d4a675f,11011110,0.015425434336066246,0.06977023184299469
qcontrol_1ed152e282946d26,qseq_f7a4abff778dac0d,length_32_gap_8,qcluster_locked_test_0038,qmask_427363983d4a675f,11011110,0.037920650094747543,0.10589839518070221
qcontrol_639187d5eabfec69,qseq_e853f0c08b8332c6,length_32_gap_8,qcluster_locked_test_0039,qmask_427363983d4a675f,11011110,0.033833838999271393,0.10625374317169189
qcontrol_645b510cfbaa4148,qseq_076c730602874c8e,length_32_gap_8,qcluster_locked_test_0040,qmask_427363983d4a675f,11011110,0.02111390046775341,0.079350173473358154
qcontrol_0610fb9acf8072f8,qseq_419e4d2a6546e726,length_32_gap_8,qcluster_locked_test_0041,qmask_427363983d4a675f,11011110,0.048813194036483765,0.12266305088996887
qcontrol_3e1b775d651cbe18,qseq_0dee966050bfd253,length_32_gap_8,qcluster_locked_test_0042,qmask_427363983d4a675f,11011110,0.039784368127584457,0.11076116561889648
qcontrol_6640639f17c20a2b,qseq_33d6299f018a63df,length_32_gap_8,qcluster_locked_test_0043,qmask_427363983d4a675f,11011110,0.011124959215521812,0.059443164616823196
qcontrol_92ea2bf42a9ea623,qseq_1d6ac5c0e2ef6aec,length_32_gap_8,qcluster_locked_test_0044,qmask_427363983d4a675f,11011110,0.065309613943099976,0.153056800365448
qcontrol_a82ad6489f53d75c,qseq_1a159a1dae28da54,length_32_gap_8,qcluster_locked_test_0045,qmask_427363983d4a675f,11011110,0.021515220403671265,0.080689325928688049
qcontrol_c35a305ca8c70ee5,qseq_d93f64d04e6cfa98,length_32_gap_8,qcluster_locked_test_0046,qmask_427363983d4a675f,11011110,0.037049401551485062,0.10829108953475952
qcontrol_ea32ec7a986b12ef,qseq_dc46b739b3b479f2,length_32_gap_8,qcluster_locked_test_0047,qmask_427363983d4a675f,11011110,0.050656363368034363,0.12223239243030548
qcontrol_d7c2e41273b93372,qseq_53c883855c13ae86,length_32_gap_8,qcluster_locked_test_0048,qmask_427363983d4a675f,11011110,0.018021298572421074,0.073871538043022156
qcontrol_90b2d8a79b134e9b,qseq_e298a08ae621717b,length_32_gap_8,qcluster_locked_test_0049,qmask_427363983d4a675f,11011110,0.017032811418175697,0.073236376047134399
qcontrol_d3a40d21f04937c0,qseq_ea09c5e6da440673,length_32_gap_8,qcluster_locked_test_0050,qmask_427363983d4a675f,11011110,0.023039797320961952,0.084525465965270996
qcontrol_326b6598268f9751,qseq_a2aac0b7a5eb8c02,length_32_gap_8,qcluster_locked_test_0051,qmask_427363983d4a675f,11011110,0.012090609408915043,0.061474576592445374
qcontrol_81760386fa700394,qseq_53d58b039bf71abb,length_32_gap_8,qcluster_locked_test_0052,qmask_427363983d4a675f,11011110,0.018979374319314957,0.078379698097705841
qcontrol_28d679f8a2236bbd,qseq_57fea2d3713a1c13,length_32_gap_8,qcluster_locked_test_0053,qmask_427363983d4a675f,11011110,0.0085614742711186409,0.050923392176628113
qcontrol_6ef40afd7318b950,qseq_6bb14f29e14dbe31,length_32_gap_8,qcluster_locked_test_0054,qmask_427363983d4a675f,11011110,0.018294293433427811,0.074932470917701721
qcontrol_6040e519bcd27e62,qseq_c7a13f21952ded5a,length_32_gap_8,qcluster_locked_test_0055,qmask_427363983d4a675f,11011110,0.011117232963442802,0.059633493423461914
qcontrol_64c5eb25cd7a84e9,qseq_71f308c25e9caab7,length_32_gap_8,qcluster_locked_test_0056,qmask_427363983d4a675f,11011110,0.021155519410967827,0.079247303307056427
qcontrol_38856061e8482247,qseq_26a93fd64c7f9015,length_32_gap_8,qcluster_locked_test_0057,qmask_427363983d4a675f,11011110,0.018664861097931862,0.075725391507148743
qcontrol_c9091d2ed80a111b,qseq_33f34f1b438ee96a,length_32_gap_8,qcluster_locked_test_0058,qmask_427363983d4a675f,11011110,0.026964636519551277,0.093077227473258972
qcontrol_683c62a695aeff10,qseq_24ccd50234842011,length_32_gap_8,qcluster_locked_test_0059,qmask_427363983d4a675f,11011110,0.016222214326262474,0.069637171924114227
qcontrol_54fd3e7c2d896601,qseq_63f2c7e7b133ee97,length_32_gap_8,qcluster_locked_test_0060,qmask_427363983d4a675f,11011110,0.063583970069885254,0.14520543813705444
qcontrol_4a1d0e738375b9f4,qseq_711e35e6d00c9b8a,length_32_gap_8,qcluster_locked_test_0061,qmask_427363983d4a675f,11011110,0.0069834785535931587,0.044313669204711914
qcontrol_97fa59d6e3239d3c,qseq_d224e19075385ed8,length_32_gap_8,qcluster_locked_test_0062,qmask_427363983d4a675f,11011110,0.017981633543968201,0.072507329285144806
qcontrol_eff80ed4079fb6cb,qseq_4c7dc78ad63b55dc,length_32_gap_8,qcluster_locked_test_0063,qmask_427363983d4a675f,11011110,0.045102875679731369,0.11947207152843475
qcontrol_a82894500025faab,qseq_37fbc1efcc49dff0,length_32_gap_8,qcluster_locked_test_0064,qmask_427363983d4a675f,11011110,0.024555027484893799,0.086039066314697266
qcontrol_c055b809b87b5d92,qseq_f0ed42bd23a3cace,length_32_gap_8,qcluster_locked_test_0065,qmask_427363983d4a675f,11011110,0.017071077600121498,0.072826430201530457
qcontrol_ed173cb33a3175fa,qseq_515697cc75f06e70,length_32_gap_8,qcluster_locked_test_0066,qmask_427363983d4a675f,11011110,0.031379252672195435,0.094896674156188965
qcontrol_4517e48083cc4517,qseq_96d314c9d3591e09,length_32_gap_8,qcluster_locked_test_0067,qmask_427363983d4a675f,11011110,0.011279242113232613,0.059566885232925415
qcontrol_542320740c3e93c4,qseq_569073b643561562,length_32_gap_8,qcluster_locked_test_0068,qmask_427363983d4a675f,11011110,0.028655188158154488,0.098592832684516907
qcontrol_fe040917656e1413,qseq_dc6d370c76042e72,length_32_gap_8,qcluster_locked_test_0069,qmask_427363983d4a675f,11011110,0.017556119710206985,0.073017232120037079
qcontrol_76ca14ccd5080c7a,qseq_c6faefd1da62ae42,length_32_gap_8,qcluster_locked_test_0070,qmask_427363983d4a675f,11011110,0.020425179973244667,0.078597411513328552
qcontrol_f74ec0b92bb8d8ba,qseq_e00e119c8be36667,length_32_gap_8,qcluster_locked_test_0071,qmask_427363983d4a675f,11011110,0.02296963706612587,0.080682270228862762
qcontrol_a3f3f47d9ae333e8,qseq_645ebdf02cfb52ff,length_32_gap_8,qcluster_locked_test_0072,qmask_427363983d4a675f,11011110,0.025305898860096931,0.088539630174636841
qcontrol_58d036ba5a976b9b,qseq_4e044c96a554b8f8,length_32_gap_8,qcluster_locked_test_0073,qmask_427363983d4a675f,11011110,0.029228042811155319,0.10302526503801346
qcontrol_966b379ac0fa5eed,qseq_52f4560ca732e1d6,length_32_gap_8,qcluster_locked_test_0074,qmask_427363983d4a675f,11011110,0.014731964096426964,0.067239001393318176
qcontrol_9dd319ebd571a131,qseq_84b5482266e1f7c7,length_32_gap_8,qcluster_locked_test_0075,qmask_427363983d4a675f,11011110,0.028760895133018494,0.093834593892097473
qcontrol_4e9e37101cdf0ac2,qseq_6a68aa5398b75a42,length_32_gap_8,qcluster_locked_test_0076,qmask_427363983d4a675f,11011110,0.0088807148858904839,0.052116036415100098
qcontrol_d8140ea0dfd872e0,qseq_3603bc75b7e4d146,length_32_gap_8,qcluster_locked_test_0077,qmask_427363983d4a675f,11011110,0.022773005068302155,0.084905132651329041
qcontrol_9c021c375ce999e8,qseq_717543ced546210b,length_32_gap_8,qcluster_locked_test_0078,qmask_427363983d4a675f,11011110,0.01942518912255764,0.07663252204656601
qcontrol_f3eac5f5fa84d7f1,qseq_7fee828e516d0a50,length_32_gap_8,qcluster_locked_test_0079,qmask_427363983d4a675f,11011110,0.029680222272872925,0.093430519104003906
qcontrol_0c419fdabb0d9bb5,qseq_0d9229bf4c6608fe,length_32_gap_8,qcluster_locked_test_0080,qmask_427363983d4a675f,11011110,0.0089097460731863976,0.052625782787799835
qcontrol_98e652b7f0ee22e2,qseq_38b8d738e3db3210,length_32_gap_8,qcluster_locked_test_0081,qmask_427363983d4a675f,11011110,0.018372058868408203,0.076862677931785583
qcontrol_22eefac6dad5a725,qseq_0433034c29e35f17,length_32_gap_8,qcluster_locked_test_0082,qmask_427363983d4a675f,11011110,0.0045618582516908646,0.039420701563358307
qcontrol_c2891b6072b4021f,qseq_1660775b9264d7f8,length_32_gap_8,qcluster_locked_test_0083,qmask_427363983d4a675f,11011110,0.10669707506895065,0.17550322413444519
qcontrol_af16f2dbfd371a1a,qseq_04846149a5c907e5,length_32_gap_8,qcluster_locked_test_0084,qmask_427363983d4a675f,11011110,0.028880782425403595,0.097457222640514374
qcontrol_0e77fd4f5194709e,qseq_a709a8013502a377,length_32_gap_8,qcluster_locked_test_0085,qmask_427363983d4a675f,11011110,0.0098875435069203377,0.055920012295246124
qcontrol_277797aa77f2c207,qseq_79b29676a127de0d,length_32_gap_8,qcluster_locked_test_0086,qmask_427363983d4a675f,11011110,0.012527363374829292,0.062644913792610168
qcontrol_8b30896eb6b76b56,qseq_dbe71f122dd7fa67,length_32_gap_8,qcluster_locked_test_0087,qmask_427363983d4a675f,11011110,0.0083555998280644417,0.052255693823099136
qcontrol_c1a4e0eecf9a9732,qseq_3cc72c1cc407c44d,length_32_gap_8,qcluster_locked_test_0088,qmask_427363983d4a675f,11011110,0.029693871736526489,0.097498036921024323
qcontrol_a07931520c22287f,qseq_10551ec04d2a837d,length_32_gap_8,qcluster_locked_test_0089,qmask_427363983d4a675f,11011110,0.0064625847153365612,0.044900953769683838
qcontrol_58564531ef038107,qseq_2b248455e52465b3,length_32_gap_8,qcluster_locked_test_0090,qmask_427363983d4a675f,11011110,0.026184247806668282,0.08952786773443222
qcontrol_9c1ec54625a72544,qseq_7ca9a54a6488212e,length_32_gap_8,qcluster_locked_test_0091,qmask_427363983d4a675f,11011110,0.015943910926580429,0.070581927895545959
qcontrol_b482bbbb0f68165c,qseq_18f0611c9009b646,length_32_gap_8,qcluster_locked_test_0092,qmask_427363983d4a675f,11011110,0.029727660119533539,0.099764265120029449
qcontrol_fd0761f9fe30453d,qseq_0ae4bf00e7d524bf,length_32_gap_8,qcluster_locked_test_0093,qmask_427363983d4a675f,11011110,0.019709527492523193,0.078754052519798279
qcontrol_1e75b917966639d3,qseq_dabedc88abaa31d5,length_32_gap_8,qcluster_locked_test_0094,qmask_427363983d4a675f,11011110,0.028915885835886002,0.098475486040115356
qcontrol_403b79cbc75d4933,qseq_49d19865cb7e0d9f,length_32_gap_8,qcluster_locked_test_0095,qmask_427363983d4a675f,11011110,0.010733490809798241,0.059223592281341553
qcontrol_5465033b2c83956c,qseq_d5e9de59f576c120,length_32_gap_8,qcluster_locked_test_0096,qmask_427363983d4a675f,11011110,0.01635458692908287,0.074192747473716736
qcontrol_b7bb4e5446b1d528,qseq_fbf79ee95f703867,length_32_gap_8,qcluster_locked_test_0097,qmask_427363983d4a675f,11011110,0.012902331538498402,0.064869128167629242
qcontrol_63d717a01e2d8899,qseq_391273e47d9dcd71,length_32_gap_8,qcluster_locked_test_0098,qmask_427363983d4a675f,11011110,0.01713145524263382,0.071957185864448547
qcontrol_c8e59ec0413151e9,qseq_a45a10dd22b1ce6e,length_32_gap_8,qcluster_locked_test_0099,qmask_427363983d4a675f,11011110,0.034482039511203766,0.10445733368396759
qcontrol_948acf59817997eb,qseq_cc526eee267b75ad,length_32_gap_8,qcluster_locked_test_0100,qmask_427363983d4a675f,11011110,0.097377046942710876,0.18157118558883667
qcontrol_1fe6d7e2d4d36175,qseq_7ea430b488d03ee2,length_32_gap_8,qcluster_locked_test_0101,qmask_427363983d4a675f,11011110,0.023863557726144791,0.092644296586513519
qcontrol_d9c028394aee80f5,qseq_0adcd1e8df5d50e1,length_32_gap_8,qcluster_locked_test_0102,qmask_427363983d4a675f,11011110,0.019226841628551483,0.078634172677993774
qcontrol_a0d41de65d3a5c8f,qseq_0b9c92ec8ce54df3,length_32_gap_8,qcluster_locked_test_0103,qmask_427363983d4a675f,11011110,0.017489165067672729,0.072713926434516907
qcontrol_62a9c1dda8f7516a,qseq_a0cdac7abd5274e4,length_32_gap_8,qcluster_locked_test_0104,qmask_427363983d4a675f,11011110,0.017820375040173531,0.074203431606292725
qcontrol_2262be69a4147e0b,qseq_4547c6ed650c8dea,length_32_gap_8,qcluster_locked_test_0105,qmask_427363983d4a675f,11011110,0.018266739323735237,0.075679175555706024
qcontrol_5a1ef3d9bffae9ad,qseq_f4b0934f10b3af1d,length_32_gap_8,qcluster_locked_test_0106,qmask_427363983d4a675f,11011110,0.014838696457445621,0.068512767553329468
qcontrol_f009cf34c6c4286f,qseq_4197fe7b30e4cf8e,length_32_gap_8,qcluster_locked_test_0107,qmask_427363983d4a675f,11011110,0.032443687319755554,0.10149012506008148
qcontrol_4bdcc24e36ac1d1e,qseq_e7a53e43d20bfb89,length_32_gap_8,qcluster_locked_test_0108,qmask_427363983d4a675f,11011110,0.021080709993839264,0.080233603715896606
qcontrol_0f81245f5f36b3e6,qseq_8044ef819f215347,length_32_gap_8,qcluster_locked_test_0109,qmask_427363983d4a675f,11011110,0.0096514169126749039,0.051155969500541687
qcontrol_edbff1a99ea96a97,qseq_e2548b4746fa8d80,length_32_gap_8,qcluster_locked_test_0110,qmask_427363983d4a675f,11011110,0.012644273228943348,0.061940833926200867
qcontrol_d287c114dedf7c40,qseq_e9b2d5c3b175dbbb,length_32_gap_8,qcluster_locked_test_0111,qmask_427363983d4a675f,11011110,0.011878264136612415,0.058751467615365982
qcontrol_6efc673125488041,qseq_6f8210c257bbc6f7,length_32_gap_8,qcluster_locked_test_0112,qmask_427363983d4a675f,11011110,0.034974269568920135,0.10806900262832642
qcontrol_aaca2e75684644eb,qseq_35b94458ccedd2fa,length_32_gap_8,qcluster_locked_test_0113,qmask_427363983d4a675f,11011110,0.024653222411870956,0.089464277029037476
qcontrol_144047cad745d9e5,qseq_c7527f3d62f6c3be,length_32_gap_8,qcluster_locked_test_0114,qmask_427363983d4a675f,11011110,0.041269600391387939,0.11023654043674469
qcontrol_b9aabcc4114a176d,qseq_d18253f593e6b025,length_32_gap_8,qcluster_locked_test_0115,qmask_427363983d4a675f,11011110,0.035150110721588135,0.10268412530422211
qcontrol_c14471472be11c89,qseq_9c23a60a6fc0b714,length_32_gap_8,qcluster_locked_test_0116,qmask_427363983d4a675f,11011110,0.031255189329385757,0.099600717425346375
qcontrol_fdb0e281b5267d3a,qseq_d427e7bfd33e42cb,length_32_gap_8,qcluster_locked_test_0117,qmask_427363983d4a675f,11011110,0.0213466826826334,0.080186143517494202
qcontrol_316880499f9bbc21,qseq_1caa00b7e40ba726,length_32_gap_8,qcluster_locked_test_0118,qmask_427363983d4a675f,11011110,0.36819931864738464,0.21956169605255127
qcontrol_c7edafa88c8ece3a,qseq_6aa5613e77dc6a85,length_32_gap_8,qcluster_locked_test_0119,qmask_427363983d4a675f,11011110,0.0065203867852687836,0.046230792999267578
qcontrol_6cd0bdb97968a507,qseq_48995590bc4e5499,length_32_gap_8,qcluster_locked_test_0120,qmask_427363983d4a675f,11011110,0.041159026324748993,0.11174269765615463
qcontrol_f9526ce30f79c306,qseq_a05110843490b46d,length_32_gap_8,qcluster_locked_test_0121,qmask_427363983d4a675f,11011110,0.037014536559581757,0.10769198834896088
qcontrol_68de32a9aae07850,qseq_69e9d181afb38866,length_32_gap_8,qcluster_locked_test_0122,qmask_427363983d4a675f,11011110,0.0054018842056393623,0.040005404502153397
qcontrol_52f04261fdc9f3e6,qseq_4175445f87b350af,length_32_gap_8,qcluster_locked_test_0123,qmask_427363983d4a675f,11011110,0.027886863797903061,0.093883968889713287
qcontrol_c08fff284426b120,qseq_465af2eb87ab06e4,length_32_gap_8,qcluster_locked_test_0124,qmask_427363983d4a675f,11011110,0.014198187738656998,0.064433753490447998
qcontrol_3cfc44ae3b2fde72,qseq_a3b6c1df0847ef5a,length_32_gap_8,qcluster_locked_test_0125,qmask_427363983d4a675f,11011110,0.0083536449819803238,0.050857894122600555
qcontrol_21fc8ed4ca4b17e8,qseq_4a861aee080a0c5a,length_32_gap_8,qcluster_locked_test_0126,qmask_427363983d4a675f,11011110,0.013662692159414291,0.06404682993888855
qcontrol_133a7ffa4bd61a03,qseq_a0539cf6a9ff42ce,length_32_gap_8,qcluster_locked_test_0127,qmask_427363983d4a675f,11011110,0.029570497572422028,0.09567791223526001
qcontrol_a03f87ed40d4d30c,qseq_e3ecb86583b31b61,length_32_gap_16,qcluster_locked_test_0000,qmask_427363983d4a675f,11011110,0.014173997566103935,0.065844535827636719
qcontrol_37fd0ed0be3c8fb4,qseq_a6cca60360e691d0,length_32_gap_16,qcluster_locked_test_0001,qmask_427363983d4a675f,11011110,0.011962780728936195,0.057417985051870346
qcontrol_06e3c3606f517327,qseq_0fc557762db72ff3,length_32_gap_16,qcluster_locked_test_0002,qmask_427363983d4a675f,11011110,0.01112161111086607,0.060740485787391663
qcontrol_9373f5dcff027840,qseq_fdfd3a9bff68d400,length_32_gap_16,qcluster_locked_test_0003,qmask_427363983d4a675f,11011110,0.012296050786972046,0.062406491488218307
qcontrol_48766d031ef17ede,qseq_12c4e66dfbc12db6,length_32_gap_16,qcluster_locked_test_0004,qmask_427363983d4a675f,11011110,0.0051308185793459415,0.039596591144800186
qcontrol_c523710774d6b62c,qseq_e7712ded6db17b1b,length_32_gap_16,qcluster_locked_test_0005,qmask_427363983d4a675f,11011110,0.012011204846203327,0.060396198183298111
qcontrol_6c4a4b397250efa7,qseq_3f7fd160bdf8aef2,length_32_gap_16,qcluster_locked_test_0006,qmask_427363983d4a675f,11011110,0.02126036211848259,0.08273451030254364
qcontrol_701af689c70a839b,qseq_e59134eeb2d1503b,length_32_gap_16,qcluster_locked_test_0007,qmask_427363983d4a675f,11011110,0.038460381329059601,0.11764853447675705
qcontrol_dff145738bf4bd56,qseq_bb3aa6f2ecdd12e8,length_32_gap_16,qcluster_locked_test_0008,qmask_427363983d4a675f,11011110,0.040680442005395889,0.10518285632133484
qcontrol_995f5e85faef77f9,qseq_44cab5261f5be492,length_32_gap_16,qcluster_locked_test_0009,qmask_427363983d4a675f,11011110,0.007093462161719799,0.046523891389369965
qcontrol_6c4cf457b604c57c,qseq_33ab8cdf9b3cc330,length_32_gap_16,qcluster_locked_test_0010,qmask_427363983d4a675f,11011110,0.0225540641695261,0.081542231142520905
qcontrol_ead7ce3a0991f652,qseq_c9517c8be0c82f2c,length_32_gap_16,qcluster_locked_test_0011,qmask_427363983d4a675f,11011110,0.10302148759365082,0.18291434645652771
qcontrol_6c9f4fa94d9e6ede,qseq_4d751d16888366c1,length_32_gap_16,qcluster_locked_test_0012,qmask_427363983d4a675f,11011110,0.012291060760617256,0.061693385243415833
qcontrol_afb06be9b55854da,qseq_dac66156e6316190,length_32_gap_16,qcluster_locked_test_0013,qmask_427363983d4a675f,11011110,0.0083722826093435287,0.050891786813735962
qcontrol_c95db7712de25e5c,qseq_d2b0e94933c424ca,length_32_gap_16,qcluster_locked_test_0014,qmask_427363983d4a675f,11011110,0.0089257229119539261,0.052644651383161545
qcontrol_d109e457a438bf28,qseq_a516f5814a35f6f0,length_32_gap_16,qcluster_locked_test_0015,qmask_427363983d4a675f,11011110,0.023718008771538734,0.086996860802173615
qcontrol_9079d7d66ab3bcab,qseq_128bd14a28e70ea7,length_32_gap_16,qcluster_locked_test_0016,qmask_427363983d4a675f,11011110,0.027583252638578415,0.092153467237949371
qcontrol_651f8187c3e065d0,qseq_2283b2157616fb92,length_32_gap_16,qcluster_locked_test_0017,qmask_427363983d4a675f,11011110,0.01318687666207552,0.064832530915737152
qcontrol_63579b6a2b27588e,qseq_3f4f3dc92f532ca8,length_32_gap_16,qcluster_locked_test_0018,qmask_427363983d4a675f,11011110,0.013790370896458626,0.06650177389383316
qcontrol_d819ca8bb36fcd05,qseq_280a346b9e5971c6,length_32_gap_16,qcluster_locked_test_0019,qmask_427363983d4a675f,11011110,0.0035049438010901213,0.032063871622085571
qcontrol_9150f2ab15d346a7,qseq_4a67c1e0d9122119,length_32_gap_16,qcluster_locked_test_0020,qmask_427363983d4a675f,11011110,0.010294676758348942,0.057184066623449326
qcontrol_46c29e48a276bf08,qseq_1c3de6a9560e4185,length_32_gap_16,qcluster_locked_test_0021,qmask_427363983d4a675f,11011110,0.11158354580402374,0.20244786143302917
qcontrol_d6480ef1c203c064,qseq_024a1985f9d3c152,length_32_gap_16,qcluster_locked_test_0022,qmask_427363983d4a675f,11011110,0.0037030512467026711,0.034245412796735764
qcontrol_b4a9fa6874f9d85d,qseq_8a3720cb6275fd09,length_32_gap_16,qcluster_locked_test_0023,qmask_427363983d4a675f,11011110,0.0072933980263769627,0.047086194157600403
qcontrol_3399b603bf789e22,qseq_ebbd4f56006b7b8b,length_32_gap_16,qcluster_locked_test_0024,qmask_427363983d4a675f,11011110,0.011489909142255783,0.059574693441390991
qcontrol_c15bfe5c2c67a6c5,qseq_ab9f6778a3998681,length_32_gap_16,qcluster_locked_test_0025,qmask_427363983d4a675f,11011110,0.0086443694308400154,0.051474779844284058
qcontrol_d54d83058763b348,qseq_a1d73e173931ada2,length_32_gap_16,qcluster_locked_test_0026,qmask_427363983d4a675f,11011110,0.011114435270428658,0.059120994061231613
qcontrol_944a0be594753e65,qseq_9aef6a211d0c9c69,length_32_gap_16,qcluster_locked_test_0027,qmask_427363983d4a675f,11011110,0.01172732375562191,0.061060104519128799
qcontrol_d3f04fa96c4f3381,qseq_aaa2e7df0efc458d,length_32_gap_16,qcluster_locked_test_0028,qmask_427363983d4a675f,11011110,0.00700007239356637,0.046085350215435028
qcontrol_ec2b68ee641be51d,qseq_17117e29f87eca1c,length_32_gap_16,qcluster_locked_test_0029,qmask_427363983d4a675f,11011110,0.0065780067816376686,0.044845201075077057
qcontrol_3b1f7c723025b376,qseq_7f6f14233c4e64a5,length_32_gap_16,qcluster_locked_test_0030,qmask_427363983d4a675f,11011110,0.011902015656232834,0.059144198894500732
qcontrol_e548999612b550b8,qseq_02f1e04a5949c661,length_32_gap_16,qcluster_locked_test_0031,qmask_427363983d4a675f,11011110,0.0079073179513216019,0.049934752285480499
qcontrol_7b21fa3b2a337a48,qseq_b7a6ce820628f06f,length_32_gap_16,qcluster_locked_test_0032,qmask_427363983d4a675f,11011110,0.0085026510059833527,0.050936054438352585
qcontrol_25744c4d795c7083,qseq_d0962212dc64a22f,length_32_gap_16,qcluster_locked_test_0033,qmask_427363983d4a675f,11011110,0.017209349200129509,0.071069099009037018
qcontrol_ef572ddd799eb197,qseq_ade9a41e20023041,length_32_gap_16,qcluster_locked_test_0034,qmask_427363983d4a675f,11011110,0.0077867838554084301,0.048820476979017258
qcontrol_7e203038df24469f,qseq_2de1d7cc972057e5,length_32_gap_16,qcluster_locked_test_0035,qmask_427363983d4a675f,11011110,0.019004868343472481,0.07738041877746582
qcontrol_13926fbdcd705efe,qseq_f7d77c018142522b,length_32_gap_16,qcluster_locked_test_0036,qmask_427363983d4a675f,11011110,0.0087232496589422226,0.051843252032995224
qcontrol_0db55023554d48c2,qseq_14b3ac9765a97c59,length_32_gap_16,qcluster_locked_test_0037,qmask_427363983d4a675f,11011110,0.0038612978532910347,0.034522026777267456
qcontrol_3d555c992bd4155e,qseq_cc563d4bb08a90a1,length_32_gap_16,qcluster_locked_test_0038,qmask_427363983d4a675f,11011110,0.018793113529682159,0.076277166604995728
qcontrol_e8b1e2cf1dd5ff20,qseq_a0cf0133cc90b61f,length_32_gap_16,qcluster_locked_test_0039,qmask_427363983d4a675f,11011110,0.023235265165567398,0.08086058497428894
qcontrol_ed746a2791d0693d,qseq_aa81d604fd9a8e7d,length_32_gap_16,qcluster_locked_test_0040,qmask_427363983d4a675f,11011110,0.031451284885406494,0.10037468373775482
qcontrol_11ac578757d34b51,qseq_c6badba1c657ba15,length_32_gap_16,qcluster_locked_test_0041,qmask_427363983d4a675f,11011110,0.02538081631064415,0.088681109249591827
qcontrol_9d6ddb5593ba38ee,qseq_c6da9614b1158fd3,length_32_gap_16,qcluster_locked_test_0042,qmask_427363983d4a675f,11011110,0.010513637214899063,0.057359136641025543
qcontrol_ad67672095f0e7ca,qseq_07133dae42a80b1a,length_32_gap_16,qcluster_locked_test_0043,qmask_427363983d4a675f,11011110,0.024864137172698975,0.084928259253501892
qcontrol_e5c21d6641510b51,qseq_ce55063d7248c35b,length_32_gap_16,qcluster_locked_test_0044,qmask_427363983d4a675f,11011110,0.0071985851973295212,0.045358501374721527
qcontrol_e6bd6ee1305c4c12,qseq_2e65cc64bb166b14,length_32_gap_16,qcluster_locked_test_0045,qmask_427363983d4a675f,11011110,0.012192510068416595,0.06010185182094574
qcontrol_69e2a5537ea89353,qseq_4a40b22e0fcc3c5a,length_32_gap_16,qcluster_locked_test_0046,qmask_427363983d4a675f,11011110,0.012557879090309143,0.063559740781784058
qcontrol_27d0ff43b6b17f13,qseq_bb7acacc40cf4ae7,length_32_gap_16,qcluster_locked_test_0047,qmask_427363983d4a675f,11011110,0.0068973712623119354,0.046441081911325455
qcontrol_e5aaf168521a298b,qseq_c8d3489767177f72,length_32_gap_16,qcluster_locked_test_0048,qmask_427363983d4a675f,11011110,0.014165968634188175,0.067490845918655396
qcontrol_0a8dffc7608dd788,qseq_9ee30d1eb0b0fb2b,length_32_gap_16,qcluster_locked_test_0049,qmask_427363983d4a675f,11011110,0.019384536892175674,0.074021600186824799
qcontrol_4bc9bcc4e26a1007,qseq_70df5c370f291b77,length_32_gap_16,qcluster_locked_test_0050,qmask_427363983d4a675f,11011110,0.0072262478061020374,0.046751290559768677
qcontrol_644bc0615169eb2a,qseq_42a3e04cf7c984d3,length_32_gap_16,qcluster_locked_test_0051,qmask_427363983d4a675f,11011110,0.0092197563499212265,0.053540833294391632
qcontrol_50abd289d3d892bb,qseq_aa5938a8ed6ff637,length_32_gap_16,qcluster_locked_test_0052,qmask_427363983d4a675f,11011110,0.017453933134675026,0.067867681384086609
qcontrol_7fdd7e158b48f15a,qseq_dd29b57cd29a6083,length_32_gap_16,qcluster_locked_test_0053,qmask_427363983d4a675f,11011110,0.0074245259165763855,0.046136572957038879
qcontrol_c385faec6f89766e,qseq_bf9ea0dab2a0e921,length_32_gap_16,qcluster_locked_test_0054,qmask_427363983d4a675f,11011110,0.085305109620094299,0.15456582605838776
qcontrol_8cc5858958e3fdd0,qseq_96ea544553cdae35,length_32_gap_16,qcluster_locked_test_0055,qmask_427363983d4a675f,11011110,0.015444008633494377,0.06930096447467804
qcontrol_0584d23cb98705f9,qseq_16adac28c45d5e1b,length_32_gap_16,qcluster_locked_test_0056,qmask_427363983d4a675f,11011110,0.0060984943993389606,0.041656188666820526
qcontrol_b08468f8d8db0a6a,qseq_7a7f8fe9c2532551,length_32_gap_16,qcluster_locked_test_0057,qmask_427363983d4a675f,11011110,0.014289760030806065,0.064774736762046814
qcontrol_b27a6ede4f6ecf11,qseq_bd6df2ccbeb90d0d,length_32_gap_16,qcluster_locked_test_0058,qmask_427363983d4a675f,11011110,0.0074119037017226219,0.048451412469148636
qcontrol_2148772d31be3330,qseq_0b65c96ba616494d,length_32_gap_16,qcluster_locked_test_0059,qmask_427363983d4a675f,11011110,0.010797939263284206,0.057761214673519135
qcontrol_a8a9ed7a22014367,qseq_01cf1f24a4ea27e7,length_32_gap_16,qcluster_locked_test_0060,qmask_427363983d4a675f,11011110,0.057351119816303253,0.12350863963365555
qcontrol_1029567271a4606c,qseq_650d053ef817abb0,length_32_gap_16,qcluster_locked_test_0061,qmask_427363983d4a675f,11011110,0.02529815211892128,0.093590930104255676
qcontrol_cce7922572bb12a5,qseq_28a09382567a1786,length_32_gap_16,qcluster_locked_test_0062,qmask_427363983d4a675f,11011110,0.012440832331776619,0.063117809593677521
qcontrol_886ac356ae1d7ab0,qseq_974ce5bbf5fae41a,length_32_gap_16,qcluster_locked_test_0063,qmask_427363983d4a675f,11011110,0.026891043409705162,0.09180884063243866
qcontrol_c28e53f335fff7c9,qseq_2e6691ac3bfdcb35,length_32_gap_16,qcluster_locked_test_0064,qmask_427363983d4a675f,11011110,0.026411395519971848,0.089258924126625061
qcontrol_f33a3f26de52f47b,qseq_1645e055c80a2d9a,length_32_gap_16,qcluster_locked_test_0065,qmask_427363983d4a675f,11011110,0.0065472293645143509,0.04538479819893837
qcontrol_a12510e062e062a4,qseq_6a2964355401d04e,length_32_gap_16,qcluster_locked_test_0066,qmask_427363983d4a675f,11011110,0.0083345193415880203,0.051200054585933685
qcontrol_2ff848be855bf8e6,qseq_3ca737f32fd4158d,length_32_gap_16,qcluster_locked_test_0067,qmask_427363983d4a675f,11011110,0.0084249759092926979,0.048577286303043365
qcontrol_1268c5e8dbb1a167,qseq_e49f9848656c337a,length_32_gap_16,qcluster_locked_test_0068,qmask_427363983d4a675f,11011110,0.026114532724022865,0.093588367104530334
qcontrol_5325b1b853b3a910,qseq_125199c6db1b0828,length_32_gap_16,qcluster_locked_test_0069,qmask_427363983d4a675f,11011110,0.014680972322821617,0.068141460418701172
qcontrol_e66c90dcc0ef4822,qseq_73a622c12da95e25,length_32_gap_16,qcluster_locked_test_0070,qmask_427363983d4a675f,11011110,0.015706688165664673,0.06986592710018158
qcontrol_db99746efc96ea6b,qseq_21d93cee8ea1c78f,length_32_gap_16,qcluster_locked_test_0071,qmask_427363983d4a675f,11011110,0.0051479353569447994,0.040689472109079361
qcontrol_99db24be200b522b,qseq_6989c993b9aa9724,length_32_gap_16,qcluster_locked_test_0072,qmask_427363983d4a675f,11011110,0.0093639474362134933,0.053090482950210571
qcontrol_0e32fdddb4de9bdb,qseq_dfd4bfe42724bd9a,length_32_gap_16,qcluster_locked_test_0073,qmask_427363983d4a675f,11011110,0.014398863539099693,0.068085052073001862
qcontrol_287515b5f3da8776,qseq_6c60a41b056d4596,length_32_gap_16,qcluster_locked_test_0074,qmask_427363983d4a675f,11011110,0.04624524712562561,0.11704663932323456
qcontrol_bfd16e19a7c6b879,qseq_f746711aa7891012,length_32_gap_16,qcluster_locked_test_0075,qmask_427363983d4a675f,11011110,0.014482064172625542,0.068116500973701477
qcontrol_523fabc5506cfd92,qseq_a9578f86d6667507,length_32_gap_16,qcluster_locked_test_0076,qmask_427363983d4a675f,11011110,0.0052652903832495213,0.040060095489025116
qcontrol_a0ab1152c1177603,qseq_73655f7b7cac387b,length_32_gap_16,qcluster_locked_test_0077,qmask_427363983d4a675f,11011110,0.01369914598762989,0.065109066665172577
qcontrol_263eaee1b6125f16,qseq_d1eb81eef2d0be1f,length_32_gap_16,qcluster_locked_test_0078,qmask_427363983d4a675f,11011110,0.010110577568411827,0.054135069251060486
qcontrol_89dd76ec5ed845ae,qseq_6189571546b7edf1,length_32_gap_16,qcluster_locked_test_0079,qmask_427363983d4a675f,11011110,0.036637715995311737,0.10727271437644958
qcontrol_60d88ddb3aa37ce1,qseq_66ce4fd34454ac0c,length_32_gap_16,qcluster_locked_test_0080,qmask_427363983d4a675f,11011110,0.027512095868587494,0.096109747886657715
qcontrol_aeafe276b637feb1,qseq_f555815b083afe15,length_32_gap_16,qcluster_locked_test_0081,qmask_427363983d4a675f,11011110,0.012407540343701839,0.059734620153903961
qcontrol_e89e2f579e051b85,qseq_00ea056874f7df71,length_32_gap_16,qcluster_locked_test_0082,qmask_427363983d4a675f,11011110,0.010719915851950645,0.05563664436340332
qcontrol_595dc05005419d96,qseq_8868d1c3d86ab1f9,length_32_gap_16,qcluster_locked_test_0083,qmask_427363983d4a675f,11011110,0.035066686570644379,0.11008203029632568
qcontrol_e3353602e9657e33,qseq_d1399d6577e409cc,length_32_gap_16,qcluster_locked_test_0084,qmask_427363983d4a675f,11011110,0.012925421819090843,0.060502059757709503
qcontrol_b9272dd12051d4f2,qseq_409fd770d1e2c41f,length_32_gap_16,qcluster_locked_test_0085,qmask_427363983d4a675f,11011110,0.0089043499901890755,0.05286267027258873
qcontrol_b88c40ebb1cf6ab0,qseq_d0aa8a5637f5c695,length_32_gap_16,qcluster_locked_test_0086,qmask_427363983d4a675f,11011110,0.021331081166863441,0.080906331539154053
qcontrol_a6e789ccd7d6cf0d,qseq_c17690551ac99300,length_32_gap_16,qcluster_locked_test_0087,qmask_427363983d4a675f,11011110,0.016130134463310242,0.071242332458496094
qcontrol_e17729afdd2f115a,qseq_df5884352e12d123,length_32_gap_16,qcluster_locked_test_0088,qmask_427363983d4a675f,11011110,0.0071924678049981594,0.047704499214887619
qcontrol_727fe791e43f5f76,qseq_e2c45be0d84f513f,length_32_gap_16,qcluster_locked_test_0089,qmask_427363983d4a675f,11011110,0.017322128638625145,0.075264476239681244
qcontrol_749a5a0f9a6e485b,qseq_31b252b06108fa09,length_32_gap_16,qcluster_locked_test_0090,qmask_427363983d4a675f,11011110,0.023884814232587814,0.085415072739124298
qcontrol_24ec06ca8f5c2828,qseq_ed170fdf90247afd,length_32_gap_16,qcluster_locked_test_0091,qmask_427363983d4a675f,11011110,0.0045540481805801392,0.037197865545749664
qcontrol_bdc00467b1345feb,qseq_58a486a41b0cb829,length_32_gap_16,qcluster_locked_test_0092,qmask_427363983d4a675f,11011110,0.01170418132096529,0.059032194316387177
qcontrol_8d5eceff09ed2b53,qseq_b569dd9cea97115d,length_32_gap_16,qcluster_locked_test_0093,qmask_427363983d4a675f,11011110,0.0076647228561341763,0.046763770282268524
qcontrol_87d646f81236f763,qseq_6b90423b4b914a03,length_32_gap_16,qcluster_locked_test_0094,qmask_427363983d4a675f,11011110,0.027502473443746567,0.095248304307460785
qcontrol_de99246e4c1db37d,qseq_2cec74b9a337d815,length_32_gap_16,qcluster_locked_test_0095,qmask_427363983d4a675f,11011110,0.012667202390730381,0.061589755117893219
qcontrol_32628971214747af,qseq_49b4245ae436e135,length_32_gap_16,qcluster_locked_test_0096,qmask_427363983d4a675f,11011110,0.0067797438241541386,0.046014681458473206
qcontrol_f86a33b16cb6f348,qseq_06d0649bc098bd0f,length_32_gap_16,qcluster_locked_test_0097,qmask_427363983d4a675f,11011110,0.01201194804161787,0.061053089797496796
qcontrol_1864a60de17671db,qseq_ea6bc177d35ff638,length_32_gap_16,qcluster_locked_test_0098,qmask_427363983d4a675f,11011110,0.033852368593215942,0.098044648766517639
qcontrol_9804b6964a277463,qseq_cbb52bc7a2370798,length_32_gap_16,qcluster_locked_test_0099,qmask_427363983d4a675f,11011110,0.021730178967118263,0.08325919508934021
qcontrol_dd1ca89f9a6c46cb,qseq_6a63c94f3a44ca3c,length_32_gap_16,qcluster_locked_test_0100,qmask_427363983d4a675f,11011110,0.011162823066115379,0.060189694166183472
qcontrol_e28949c26f4bceaa,qseq_b3ad75b63e9f2d60,length_32_gap_16,qcluster_locked_test_0101,qmask_427363983d4a675f,11011110,0.01187064778059721,0.059446167200803757
qcontrol_f5cd3f1b19c3a958,qseq_5e6c1b3ffd85977c,length_32_gap_16,qcluster_locked_test_0102,qmask_427363983d4a675f,11011110,0.045874819159507751,0.11156459152698517
qcontrol_53acab356efb978e,qseq_b1651102f3cd6b8b,length_32_gap_16,qcluster_locked_test_0103,qmask_427363983d4a675f,11011110,0.0074844714254140854,0.049148991703987122
qcontrol_9f4b724ffb538bf8,qseq_02349ce68a086094,length_32_gap_16,qcluster_locked_test_0104,qmask_427363983d4a675f,11011110,0.032919995486736298,0.10132304579019547
qcontrol_fff349b2af4c36d3,qseq_3afda860e7949f8d,length_32_gap_16,qcluster_locked_test_0105,qmask_427363983d4a675f,11011110,0.018225321546196938,0.075786128640174866
qcontrol_61f9e5b6bd7157dd,qseq_7a59f06f69900ba5,length_32_gap_16,qcluster_locked_test_0106,qmask_427363983d4a675f,11011110,0.019318785518407822,0.077146857976913452
qcontrol_980abd2881f72ce6,qseq_40f40d23a7821392,length_32_gap_16,qcluster_locked_test_0107,qmask_427363983d4a675f,11011110,0.0067422506399452686,0.045402169227600098
qcontrol_34305b78a13712db,qseq_bfa85c7e14638ad0,length_32_gap_16,qcluster_locked_test_0108,qmask_427363983d4a675f,11011110,0.032645165920257568,0.1006435826420784
qcontrol_e93d90a0303a1608,qseq_adadae288fe4f505,length_32_gap_16,qcluster_locked_test_0109,qmask_427363983d4a675f,11011110,0.073644369840621948,0.15652453899383545
qcontrol_c9b5e80c52fe4b19,qseq_7fb48fb5060fac64,length_32_gap_16,qcluster_locked_test_0110,qmask_427363983d4a675f,11011110,0.005671757273375988,0.042659096419811249
qcontrol_1c56847f04fa3740,qseq_2280bde32b86303b,length_32_gap_16,qcluster_locked_test_0111,qmask_427363983d4a675f,11011110,0.0076132649555802345,0.046971604228019714
qcontrol_f3a7d2a9fb02ba04,qseq_ca63ee4f5bab572f,length_32_gap_16,qcluster_locked_test_0112,qmask_427363983d4a675f,11011110,0.0066714729182422161,0.043645516037940979
qcontrol_8e96d0c35e39ddb1,qseq_419bbf37e5f89833,length_32_gap_16,qcluster_locked_test_0113,qmask_427363983d4a675f,11011110,0.058263011276721954,0.13039812445640564
qcontrol_899831bc21fd1c18,qseq_24f925e99fa53f68,length_32_gap_16,qcluster_locked_test_0114,qmask_427363983d4a675f,11011110,0.023680893704295158,0.082582071423530579
qcontrol_76de7c6c23185677,qseq_64d28aa8102b6f08,length_32_gap_16,qcluster_locked_test_0115,qmask_427363983d4a675f,11011110,0.070892930030822754,0.14759877324104309
qcontrol_c83bcb39fd087939,qseq_006769330bb94805,length_32_gap_16,qcluster_locked_test_0116,qmask_427363983d4a675f,11011110,0.0053520887158811092,0.040229931473731995
qcontrol_3b0c8098eb7841dd,qseq_d1db9ed6416eda06,length_32_gap_16,qcluster_locked_test_0117,qmask_427363983d4a675f,11011110,0.013315381482243538,0.065982714295387268
qcontrol_6c124ff0daa65bfb,qseq_175c5fc6cb1355e1,length_32_gap_16,qcluster_locked_test_0118,qmask_427363983d4a675f,11011110,0.011149754747748375,0.059311646968126297
qcontrol_10749fb23eb55b03,qseq_090b367f3abd3931,length_32_gap_16,qcluster_locked_test_0119,qmask_427363983d4a675f,11011110,0.01196039654314518,0.05963347852230072
qcontrol_c67531c2aa5e097b,qseq_b5af5173899cb3eb,length_32_gap_16,qcluster_locked_test_0120,qmask_427363983d4a675f,11011110,0.0058223344385623932,0.042687848210334778
qcontrol_1ffba94bafb40bc8,qseq_9ee24d7ccbb89edd,length_32_gap_16,qcluster_locked_test_0121,qmask_427363983d4a675f,11011110,0.010271082632243633,0.057546544820070267
qcontrol_1601c17c9c273539,qseq_03be0bbb7339caad,length_32_gap_16,qcluster_locked_test_0122,qmask_427363983d4a675f,11011110,0.022915929555892944,0.081792347133159637
qcontrol_0a780eef8d560d4a,qseq_52225f7e31249364,length_32_gap_16,qcluster_locked_test_0123,qmask_427363983d4a675f,11011110,0.016215113922953606,0.072521105408668518
qcontrol_f751d87d84c149f9,qseq_265f191342b3df85,length_32_gap_16,qcluster_locked_test_0124,qmask_427363983d4a675f,11011110,0.0069155776873230934,0.045501306653022766
qcontrol_53d716c31aa16803,qseq_bc09ee46b4eb9539,length_32_gap_16,qcluster_locked_test_0125,qmask_427363983d4a675f,11011110,0.0074492888525128365,0.047976288944482803
qcontrol_f70ddd3a3c110eea,qseq_3b559fbd52785b25,length_32_gap_16,qcluster_locked_test_0126,qmask_427363983d4a675f,11011110,0.02630142867565155,0.084030911326408386
qcontrol_49a1b7c6764fb3cf,qseq_796c60b0a0b79fbb,length_32_gap_16,qcluster_locked_test_0127,qmask_427363983d4a675f,11011110,0.029811209067702293,0.087076060473918915
qcontrol_e81d5e44aaa11d2e,qseq_58e057745154af01,length_64_gap_8,qcluster_locked_test_0000,qmask_427363983d4a675f,11011110,0.02938341349363327,0.098939433693885803
qcontrol_84e583a719520bfd,qseq_1e37c303abd5bf7b,length_64_gap_8,qcluster_locked_test_0001,qmask_427363983d4a675f,11011110,0.040122106671333313,0.1131180077791214
qcontrol_8415814b9874e67c,qseq_719f50a2ee46eb8e,length_64_gap_8,qcluster_locked_test_0002,qmask_427363983d4a675f,11011110,0.018186336383223534,0.072633050382137299
qcontrol_cac05b496b4591b0,qseq_dc7917772e4b3e71,length_64_gap_8,qcluster_locked_test_0003,qmask_427363983d4a675f,11011110,0.014742931351065636,0.067352727055549622
qcontrol_d4dc6b9c41a72a4e,qseq_48c82c961fa770a3,length_64_gap_8,qcluster_locked_test_0004,qmask_427363983d4a675f,11011110,0.039214946329593658,0.11925920844078064
qcontrol_a7ebb80f401981a6,qseq_06e15c585e751ff6,length_64_gap_8,qcluster_locked_test_0005,qmask_427363983d4a675f,11011110,0.021348387002944946,0.082502089440822601
qcontrol_00607e724c05fc57,qseq_1138bf48beb5ec35,length_64_gap_8,qcluster_locked_test_0006,qmask_427363983d4a675f,11011110,0.032787293195724487,0.10929036140441895
qcontrol_21cda049a23f6f98,qseq_8b9e2519e4b725a2,length_64_gap_8,qcluster_locked_test_0007,qmask_427363983d4a675f,11011110,0.0075529227033257484,0.048468668013811111
qcontrol_e4fdac2069bf7f11,qseq_48541c7fb8a0f9fc,length_64_gap_8,qcluster_locked_test_0008,qmask_427363983d4a675f,11011110,0.010648851282894611,0.057208672165870667
qcontrol_441a66aea6bbe24f,qseq_7597c81b77a790e0,length_64_gap_8,qcluster_locked_test_0009,qmask_427363983d4a675f,11011110,0.011516144499182701,0.060781840234994888
qcontrol_16794e250f40f958,qseq_3c088ff434d60126,length_64_gap_8,qcluster_locked_test_0010,qmask_427363983d4a675f,11011110,0.02875024825334549,0.092294439673423767
qcontrol_5cab2d5ab332b4f0,qseq_8354b7fb48dd071a,length_64_gap_8,qcluster_locked_test_0011,qmask_427363983d4a675f,11011110,0.010124864056706429,0.055715221911668777
qcontrol_684f73dc69c38b3c,qseq_ed93c6b6848b9be5,length_64_gap_8,qcluster_locked_test_0012,qmask_427363983d4a675f,11011110,0.0090581635013222694,0.053283262997865677
qcontrol_3f9376db7fab703c,qseq_d74c1b9e038126ef,length_64_gap_8,qcluster_locked_test_0013,qmask_427363983d4a675f,11011110,0.011545510031282902,0.061724741011857986
qcontrol_8fec063d7ef4fbc2,qseq_c9d932299ac941e4,length_64_gap_8,qcluster_locked_test_0014,qmask_427363983d4a675f,11011110,0.024323852732777596,0.086309060454368591
qcontrol_98821e91eae419cc,qseq_def505f2de844e7c,length_64_gap_8,qcluster_locked_test_0015,qmask_427363983d4a675f,11011110,0.028347589075565338,0.096444927155971527
qcontrol_8b94e45242528b2f,qseq_abfdb9221b5bdb6f,length_64_gap_8,qcluster_locked_test_0016,qmask_427363983d4a675f,11011110,0.017126999795436859,0.071770712733268738
qcontrol_9843cae8e5abea60,qseq_28702b633692c660,length_64_gap_8,qcluster_locked_test_0017,qmask_427363983d4a675f,11011110,0.021901655942201614,0.085644051432609558
qcontrol_8c90ddd12c37b459,qseq_e571fd4bf16c6b5e,length_64_gap_8,qcluster_locked_test_0018,qmask_427363983d4a675f,11011110,0.0039182351902127266,0.034888450056314468
qcontrol_347856afa4a99483,qseq_fddfbdb6226f87cd,length_64_gap_8,qcluster_locked_test_0019,qmask_427363983d4a675f,11011110,0.028749439865350723,0.093941837549209595
qcontrol_f00f310c5c2cf901,qseq_2c6e1fe4441ffa70,length_64_gap_8,qcluster_locked_test_0020,qmask_427363983d4a675f,11011110,0.0052732480689883232,0.040121767669916153
qcontrol_8a5081f8c273ea19,qseq_105148eeb8f523e6,length_64_gap_8,qcluster_locked_test_0021,qmask_427363983d4a675f,11011110,0.010416492819786072,0.058411836624145508
qcontrol_a7f1a8807220e612,qseq_bcbdb6b9ef24bb59,length_64_gap_8,qcluster_locked_test_0022,qmask_427363983d4a675f,11011110,0.017459312453866005,0.074485905468463898
qcontrol_43001320b55fad81,qseq_a20932c7cf46442e,length_64_gap_8,qcluster_locked_test_0023,qmask_427363983d4a675f,11011110,0.011634219437837601,0.061327982693910599
qcontrol_b4d6bc292a8de843,qseq_9b34d0d16e638e89,length_64_gap_8,qcluster_locked_test_0024,qmask_427363983d4a675f,11011110,0.023524794727563858,0.087821990251541138
qcontrol_b77291bf1b14342f,qseq_748e70a1f4f8e1ca,length_64_gap_8,qcluster_locked_test_0025,qmask_427363983d4a675f,11011110,0.015334528870880604,0.06872529536485672
qcontrol_eb5dcb9610c2bf02,qseq_375a520945b7212f,length_64_gap_8,qcluster_locked_test_0026,qmask_427363983d4a675f,11011110,0.042377382516860962,0.12259363383054733
qcontrol_8077c4b3110a37aa,qseq_8e93b3fb92ea3c72,length_64_gap_8,qcluster_locked_test_0027,qmask_427363983d4a675f,11011110,0.010860316455364227,0.05909445509314537
qcontrol_bea905724d4b3bf4,qseq_35fd496faf2c16fe,length_64_gap_8,qcluster_locked_test_0028,qmask_427363983d4a675f,11011110,0.015052736736834049,0.066812828183174133
qcontrol_a5c1a068f877bc1b,qseq_36720cbbb9df5951,length_64_gap_8,qcluster_locked_test_0029,qmask_427363983d4a675f,11011110,0.012553499080240726,0.063893556594848633
qcontrol_253a2f62522c040e,qseq_6c8f9d53ec4cb48c,length_64_gap_8,qcluster_locked_test_0030,qmask_427363983d4a675f,11011110,0.044046543538570404,0.11703596264123917
qcontrol_767ad4d987aecbc0,qseq_dffdba9329636b87,length_64_gap_8,qcluster_locked_test_0031,qmask_427363983d4a675f,11011110,0.0093180732801556587,0.057667948305606842
qcontrol_2e0aa6e194e71adf,qseq_8f07446d80c04bb4,length_64_gap_8,qcluster_locked_test_0032,qmask_427363983d4a675f,11011110,0.0046379975974559784,0.037641830742359161
qcontrol_bd2352ade1f23782,qseq_85e1b5c54c7bf95f,length_64_gap_8,qcluster_locked_test_0033,qmask_427363983d4a675f,11011110,0.015001727268099785,0.077440351247787476
qcontrol_957889a379135fd9,qseq_7db9983802a1f9c8,length_64_gap_8,qcluster_locked_test_0034,qmask_427363983d4a675f,11011110,0.019513823091983795,0.082321479916572571
qcontrol_2027ccaf38938e3f,qseq_7c2673450f38a55c,length_64_gap_8,qcluster_locked_test_0035,qmask_427363983d4a675f,11011110,0.0078964065760374069,0.049932394176721573
qcontrol_f7195bdd07abf56f,qseq_a78dff08bd0302b7,length_64_gap_8,qcluster_locked_test_0036,qmask_427363983d4a675f,11011110,0.0062966807745397091,0.043476652354001999
qcontrol_baf74e2195bfab3c,qseq_69e3a4edf6eece69,length_64_gap_8,qcluster_locked_test_0037,qmask_427363983d4a675f,11011110,0.0072666057385504246,0.047055792063474655
qcontrol_848a19277614ed82,qseq_7e48f3ad2d3b67da,length_64_gap_8,qcluster_locked_test_0038,qmask_427363983d4a675f,11011110,0.09644646942615509,0.17122480273246765
qcontrol_9389cf09f1d65366,qseq_2c98eae8bfe57776,length_64_gap_8,qcluster_locked_test_0039,qmask_427363983d4a675f,11011110,0.010670707561075687,0.057928126305341721
qcontrol_82340e2efa21ff78,qseq_a56bb04b9de16cff,length_64_gap_8,qcluster_locked_test_0040,qmask_427363983d4a675f,11011110,0.023799965158104897,0.084763586521148682
qcontrol_f56a9da7c68a3429,qseq_9317ab11de005e9d,length_64_gap_8,qcluster_locked_test_0041,qmask_427363983d4a675f,11011110,0.0095580089837312698,0.055013768374919891
qcontrol_8dfd8c4f97a39076,qseq_beb8c2ba83d226bc,length_64_gap_8,qcluster_locked_test_0042,qmask_427363983d4a675f,11011110,0.015578039921820164,0.070508755743503571
qcontrol_ade04fbb5855cd75,qseq_8b175f4217747972,length_64_gap_8,qcluster_locked_test_0043,qmask_427363983d4a675f,11011110,0.017179004848003387,0.070064663887023926
qcontrol_6bc6219e32da7331,qseq_b18255ff3a171b62,length_64_gap_8,qcluster_locked_test_0044,qmask_427363983d4a675f,11011110,0.015201499685645103,0.069274485111236572
qcontrol_8bc56ecf7557dc5b,qseq_5156c5ae421bdb18,length_64_gap_8,qcluster_locked_test_0045,qmask_427363983d4a675f,11011110,0.01087509747594595,0.054946351796388626
qcontrol_beec1e637d232bac,qseq_a4c15d46fdc7b621,length_64_gap_8,qcluster_locked_test_0046,qmask_427363983d4a675f,11011110,0.0080574862658977509,0.049401566386222839
qcontrol_f7c536aadce9d2ce,qseq_e6dcf5cf9a43efb4,length_64_gap_8,qcluster_locked_test_0047,qmask_427363983d4a675f,11011110,0.015596415847539902,0.074953533709049225
qcontrol_9cb0a9047276c2fc,qseq_c3a0b4e1f4629bca,length_64_gap_8,qcluster_locked_test_0048,qmask_427363983d4a675f,11011110,0.0083858445286750793,0.050875082612037659
qcontrol_8a328461142d61fe,qseq_153c1c9620fbfeda,length_64_gap_8,qcluster_locked_test_0049,qmask_427363983d4a675f,11011110,0.011424031108617783,0.060766763985157013
qcontrol_d12c50b2ae2eee79,qseq_be924c81164b57b6,length_64_gap_8,qcluster_locked_test_0050,qmask_427363983d4a675f,11011110,0.0087462132796645164,0.051508694887161255
qcontrol_77c208d1698b1bd6,qseq_85f0bc280fe8faf5,length_64_gap_8,qcluster_locked_test_0051,qmask_427363983d4a675f,11011110,0.0071530835703015327,0.048168346285820007
qcontrol_74e3375b808e1b96,qseq_2167b04e0d4b0a1f,length_64_gap_8,qcluster_locked_test_0052,qmask_427363983d4a675f,11011110,0.022462334483861923,0.079278640449047089
qcontrol_c42233fa17c395ee,qseq_8d254b0bbc7e29b9,length_64_gap_8,qcluster_locked_test_0053,qmask_427363983d4a675f,11011110,0.013104655779898167,0.062663555145263672
qcontrol_87e67d79a88b845c,qseq_fe986a19c93c05ab,length_64_gap_8,qcluster_locked_test_0054,qmask_427363983d4a675f,11011110,0.0093140443786978722,0.054004698991775513
qcontrol_2cb7f45022571b40,qseq_c314e0f43b43164d,length_64_gap_8,qcluster_locked_test_0055,qmask_427363983d4a675f,11011110,0.017096806317567825,0.074408784508705139
qcontrol_b48650c85415b205,qseq_facd4f75d89cf3da,length_64_gap_8,qcluster_locked_test_0056,qmask_427363983d4a675f,11011110,0.017271742224693298,0.071926727890968323
qcontrol_a2e30634658c2ef5,qseq_f66a878e6c696df4,length_64_gap_8,qcluster_locked_test_0057,qmask_427363983d4a675f,11011110,0.0084740631282329559,0.051586363464593887
qcontrol_b3550f5a7ca34b84,qseq_b089a4d5ad46654d,length_64_gap_8,qcluster_locked_test_0058,qmask_427363983d4a675f,11011110,0.012556147761642933,0.063535764813423157
qcontrol_90c023968b803bdd,qseq_87bf7047f5c133a3,length_64_gap_8,qcluster_locked_test_0059,qmask_427363983d4a675f,11011110,0.012846971862018108,0.063073314726352692
qcontrol_b4ac37975714b68a,qseq_2d000a92fd927162,length_64_gap_8,qcluster_locked_test_0060,qmask_427363983d4a675f,11011110,0.019625302404165268,0.079635396599769592
qcontrol_9fc5e860ef52c37c,qseq_e33a03676578a287,length_64_gap_8,qcluster_locked_test_0061,qmask_427363983d4a675f,11011110,0.020135791972279549,0.079108312726020813
qcontrol_65b3570efb3c5a29,qseq_94365f847aae4c33,length_64_gap_8,qcluster_locked_test_0062,qmask_427363983d4a675f,11011110,0.018738394603133202,0.079572007060050964
qcontrol_077a3c8a3a2641d0,qseq_c14f22f756b6686e,length_64_gap_8,qcluster_locked_test_0063,qmask_427363983d4a675f,11011110,0.0060077691450715065,0.042881395667791367
qcontrol_d6e67cced754feca,qseq_48282beca0e70e3a,length_64_gap_8,qcluster_locked_test_0064,qmask_427363983d4a675f,11011110,0.016365028917789459,0.072943165898323059
qcontrol_10f0afedc70c4f8f,qseq_6c7ab307e5289646,length_64_gap_8,qcluster_locked_test_0065,qmask_427363983d4a675f,11011110,0.01650070957839489,0.074513934552669525
qcontrol_7204192f68de3383,qseq_778d3fe0f7d2c832,length_64_gap_8,qcluster_locked_test_0066,qmask_427363983d4a675f,11011110,0.017117403447628021,0.074206963181495667
qcontrol_ea582a777b80fc4d,qseq_c306e0b4c5afaee9,length_64_gap_8,qcluster_locked_test_0067,qmask_427363983d4a675f,11011110,0.014596004970371723,0.06543886661529541
qcontrol_7c2a57a39c4a65fd,qseq_b374a15cd707478a,length_64_gap_8,qcluster_locked_test_0068,qmask_427363983d4a675f,11011110,0.0083657503128051758,0.051846008747816086
qcontrol_b95fd76fe1ea8ec5,qseq_ae31ee1074225b90,length_64_gap_8,qcluster_locked_test_0069,qmask_427363983d4a675f,11011110,0.028222218155860901,0.093665733933448792
qcontrol_b12f85e4b52ef3a3,qseq_68e3ec8c1460e16d,length_64_gap_8,qcluster_locked_test_0070,qmask_427363983d4a675f,11011110,0.0079888226464390755,0.048280339688062668
qcontrol_9056c4772f244974,qseq_83c9fc56d7d3bdee,length_64_gap_8,qcluster_locked_test_0071,qmask_427363983d4a675f,11011110,0.0088855409994721413,0.053710535168647766
qcontrol_30c55ebf1bb9ef6c,qseq_b150c06a8e30f207,length_64_gap_8,qcluster_locked_test_0072,qmask_427363983d4a675f,11011110,0.016862425953149796,0.074008427560329437
qcontrol_132e3487c84f5966,qseq_a3a5d558376c2058,length_64_gap_8,qcluster_locked_test_0073,qmask_427363983d4a675f,11011110,0.0078643262386322021,0.049248687922954559
qcontrol_a31d2722c904233f,qseq_c5f1121ea0a3dd2b,length_64_gap_8,qcluster_locked_test_0074,qmask_427363983d4a675f,11011110,0.014063464477658272,0.06103178858757019
qcontrol_95693b04eac51df0,qseq_46a0843a522b3159,length_64_gap_8,qcluster_locked_test_0075,qmask_427363983d4a675f,11011110,0.012426187284290791,0.062208414077758789
qcontrol_17c1b13565ff2314,qseq_00c2a7deb3723f75,length_64_gap_8,qcluster_locked_test_0076,qmask_427363983d4a675f,11011110,0.020475441589951515,0.077977597713470459
qcontrol_8c054c2ed064e7a2,qseq_4f1e35341e961fc9,length_64_gap_8,qcluster_locked_test_0077,qmask_427363983d4a675f,11011110,0.016394354403018951,0.072610504925251007
qcontrol_a455d57447f8805b,qseq_1d916328b4979495,length_64_gap_8,qcluster_locked_test_0078,qmask_427363983d4a675f,11011110,0.011562980711460114,0.059529587626457214
qcontrol_26ce2441049c437e,qseq_412ae6f5f6a4b1a1,length_64_gap_8,qcluster_locked_test_0079,qmask_427363983d4a675f,11011110,0.0094328681007027626,0.054148085415363312
qcontrol_291f3f48700bf5a8,qseq_ca0cd1cc76181932,length_64_gap_8,qcluster_locked_test_0080,qmask_427363983d4a675f,11011110,0.013659235090017319,0.064413502812385559
qcontrol_4447959f1b540073,qseq_78afbf5fee10c5d8,length_64_gap_8,qcluster_locked_test_0081,qmask_427363983d4a675f,11011110,0.0056795058771967888,0.04220154881477356
qcontrol_2d1ab848c7e4868e,qseq_27db9f4db8356ebc,length_64_gap_8,qcluster_locked_test_0082,qmask_427363983d4a675f,11011110,0.013996157795190811,0.065567895770072937
qcontrol_1beda0ce93a93841,qseq_eba652a2eaeefe71,length_64_gap_8,qcluster_locked_test_0083,qmask_427363983d4a675f,11011110,0.012237623333930969,0.060687035322189331
qcontrol_9bfd679334bc5fa9,qseq_9785a1625c737f99,length_64_gap_8,qcluster_locked_test_0084,qmask_427363983d4a675f,11011110,0.07283010333776474,0.17090129852294922
qcontrol_ddd2f21a26a8fbdd,qseq_6e18c425aaad5eeb,length_64_gap_8,qcluster_locked_test_0085,qmask_427363983d4a675f,11011110,0.055040445178747177,0.13477493822574615
qcontrol_3d219c5e8bdc4fe6,qseq_e0cc09a32d7430bb,length_64_gap_8,qcluster_locked_test_0086,qmask_427363983d4a675f,11011110,0.035465572029352188,0.10159896314144135
qcontrol_ee498bffc1340f2f,qseq_eb008c16e23e3c8d,length_64_gap_8,qcluster_locked_test_0087,qmask_427363983d4a675f,11011110,0.013415447436273098,0.065190061926841736
qcontrol_c7db5a37540a0507,qseq_fe42c27f44e119a2,length_64_gap_8,qcluster_locked_test_0088,qmask_427363983d4a675f,11011110,0.05109822005033493,0.12701153755187988
qcontrol_1893a52b3db89fb0,qseq_0eb509d48923efa2,length_64_gap_8,qcluster_locked_test_0089,qmask_427363983d4a675f,11011110,0.027693508192896843,0.091450557112693787
qcontrol_cbe219b74a59e70d,qseq_6b69a7c41892850b,length_64_gap_8,qcluster_locked_test_0090,qmask_427363983d4a675f,11011110,0.016668826341629028,0.069722160696983337
qcontrol_9d6c3a75362ef517,qseq_696a2392774b6e18,length_64_gap_8,qcluster_locked_test_0091,qmask_427363983d4a675f,11011110,0.019660934805870056,0.077763840556144714
qcontrol_49ee3a9e968240ac,qseq_23f7556c92f3c156,length_64_gap_8,qcluster_locked_test_0092,qmask_427363983d4a675f,11011110,0.0053239902481436729,0.039876382797956467
qcontrol_f9c3e257e33f92d7,qseq_f8a03734f2293bdd,length_64_gap_8,qcluster_locked_test_0093,qmask_427363983d4a675f,11011110,0.04313940554857254,0.11524717509746552
qcontrol_42833f74daa20b05,qseq_d047b0d9e4457a46,length_64_gap_8,qcluster_locked_test_0094,qmask_427363983d4a675f,11011110,0.041221469640731812,0.11357954144477844
qcontrol_1d52c59d860d1e41,qseq_a89b6fce04d7eed6,length_64_gap_8,qcluster_locked_test_0095,qmask_427363983d4a675f,11011110,0.050563547760248184,0.1284639984369278
qcontrol_90631b6758da7942,qseq_cab35e43371951b9,length_64_gap_8,qcluster_locked_test_0096,qmask_427363983d4a675f,11011110,0.011375222355127335,0.059972554445266724
qcontrol_2289041bf6eb1657,qseq_196adb937be0b9cb,length_64_gap_8,qcluster_locked_test_0097,qmask_427363983d4a675f,11011110,0.038390975445508957,0.096272662281990051
qcontrol_bd39cfdc269737a2,qseq_3b62fdbedd7e9b1c,length_64_gap_8,qcluster_locked_test_0098,qmask_427363983d4a675f,11011110,0.023305676877498627,0.087057940661907196
qcontrol_dce1a3e4999b008d,qseq_e0367302719a6d62,length_64_gap_8,qcluster_locked_test_0099,qmask_427363983d4a675f,11011110,0.018939772620797157,0.079319268465042114
qcontrol_bee34afe01d7e382,qseq_795e78af7eee7475,length_64_gap_8,qcluster_locked_test_0100,qmask_427363983d4a675f,11011110,0.032743178308010101,0.10057279467582703
qcontrol_cf4c0ff0e62712e6,qseq_692afb4524ef476b,length_64_gap_8,qcluster_locked_test_0101,qmask_427363983d4a675f,11011110,0.026519838720560074,0.092511832714080811
qcontrol_248183e3a5581c2b,qseq_41834ff069e13278,length_64_gap_8,qcluster_locked_test_0102,qmask_427363983d4a675f,11011110,0.025740887969732285,0.086901426315307617
qcontrol_c964e167de6cb780,qseq_4b6c9b3e7eed61bc,length_64_gap_8,qcluster_locked_test_0103,qmask_427363983d4a675f,11011110,0.016296664252877235,0.070072770118713379
qcontrol_9eabe8eab35d3064,qseq_7327820cb62b7cf2,length_64_gap_8,qcluster_locked_test_0104,qmask_427363983d4a675f,11011110,0.010159311816096306,0.056243292987346649
qcontrol_60c2ac8ecbdccd42,qseq_8211aaac99ec0a71,length_64_gap_8,qcluster_locked_test_0105,qmask_427363983d4a675f,11011110,0.015078593045473099,0.070042580366134644
qcontrol_df909dfd72eb2ea2,qseq_8df9237ffb137125,length_64_gap_8,qcluster_locked_test_0106,qmask_427363983d4a675f,11011110,0.011592741124331951,0.056123007088899612
qcontrol_4d1ac296e33c2690,qseq_d21faccc483370c8,length_64_gap_8,qcluster_locked_test_0107,qmask_427363983d4a675f,11011110,0.0087526002898812294,0.052717480808496475
qcontrol_f1c63a22e7e54941,qseq_0640dd0bc92ab488,length_64_gap_8,qcluster_locked_test_0108,qmask_427363983d4a675f,11011110,0.012515869922935963,0.058502063155174255
qcontrol_0a62b84b4dbfc22e,qseq_86dca256382c6079,length_64_gap_8,qcluster_locked_test_0109,qmask_427363983d4a675f,11011110,0.0088194990530610085,0.052082233130931854
qcontrol_fe4373362b45e7d8,qseq_3f022de67a1c0cba,length_64_gap_8,qcluster_locked_test_0110,qmask_427363983d4a675f,11011110,0.015704331919550896,0.068504787981510162
qcontrol_34d860796ec56bce,qseq_c96914cc15fb68da,length_64_gap_8,qcluster_locked_test_0111,qmask_427363983d4a675f,11011110,0.012446917593479156,0.066693171858787537
qcontrol_116de0868e417921,qseq_fe31de89bff967d7,length_64_gap_8,qcluster_locked_test_0112,qmask_427363983d4a675f,11011110,0.014541188254952431,0.069066718220710754
qcontrol_a98a074089f71545,qseq_146b49bb642c8e42,length_64_gap_8,qcluster_locked_test_0113,qmask_427363983d4a675f,11011110,0.020986746996641159,0.083570152521133423
qcontrol_87656550d8a35b62,qseq_1f724951f64b22bf,length_64_gap_8,qcluster_locked_test_0114,qmask_427363983d4a675f,11011110,0.044105410575866699,0.12303683161735535
qcontrol_f1204480872d4ce7,qseq_c1b4ebb2a449c29d,length_64_gap_8,qcluster_locked_test_0115,qmask_427363983d4a675f,11011110,0.027430469170212746,0.091686800122261047
qcontrol_5772ce73a148942d,qseq_dec27aa176ac8afc,length_64_gap_8,qcluster_locked_test_0116,qmask_427363983d4a675f,11011110,0.017724327743053436,0.078906752169132233
qcontrol_49cfde39f69d4822,qseq_8068859e4bea2c0f,length_64_gap_8,qcluster_locked_test_0117,qmask_427363983d4a675f,11011110,0.012093888595700264,0.061159871518611908
qcontrol_f991e1aac46c6097,qseq_47d47554a652f91c,length_64_gap_8,qcluster_locked_test_0118,qmask_427363983d4a675f,11011110,0.026288002729415894,0.092312805354595184
qcontrol_932c9c9d75b80b95,qseq_a30d9e64e6318b36,length_64_gap_8,qcluster_locked_test_0119,qmask_427363983d4a675f,11011110,0.01217608992010355,0.061728242784738541
qcontrol_fed2f67cd1fb556b,qseq_356abcd6f513373b,length_64_gap_8,qcluster_locked_test_0120,qmask_427363983d4a675f,11011110,0.026358172297477722,0.091393247246742249
qcontrol_af47fee71feb0f6f,qseq_5741b09f34e266e1,length_64_gap_8,qcluster_locked_test_0121,qmask_427363983d4a675f,11011110,0.015703905373811722,0.069859817624092102
qcontrol_9448bb020d1b1e01,qseq_149ef5680befc3e5,length_64_gap_8,qcluster_locked_test_0122,qmask_427363983d4a675f,11011110,0.018845664337277412,0.07622915506362915
qcontrol_1432bc15f45e2756,qseq_3f03288369a6fedd,length_64_gap_8,qcluster_locked_test_0123,qmask_427363983d4a675f,11011110,0.012475292198359966,0.063278578221797943
qcontrol_f4e54e09b594d928,qseq_1ffcc1c8c00debfd,length_64_gap_8,qcluster_locked_test_0124,qmask_427363983d4a675f,11011110,0.021650530397891998,0.086649030447006226
qcontrol_73b87b820641f21f,qseq_18487fe289ddd3dc,length_64_gap_8,qcluster_locked_test_0125,qmask_427363983d4a675f,11011110,0.0054071513004601002,0.04101962223649025
qcontrol_e092bbf2485a8086,qseq_85cc05d80d97e4e5,length_64_gap_8,qcluster_locked_test_0126,qmask_427363983d4a675f,11011110,0.011105792596936226,0.059844240546226501
qcontrol_805ee7fac0aa5bda,qseq_304c8ce3528df6ed,length_64_gap_8,qcluster_locked_test_0127,qmask_427363983d4a675f,11011110,0.017997577786445618,0.073824279010295868
qcontrol_e606489e4fb67217,qseq_15da16b0c44a35a2,length_64_gap_16,qcluster_locked_test_0000,qmask_427363983d4a675f,11011110,0.015509579330682755,0.072455309331417084
qcontrol_ac2553f243e43284,qseq_0932b3b2b2ab3277,length_64_gap_16,qcluster_locked_test_0001,qmask_427363983d4a675f,11011110,0.0115779684856534,0.060171462595462799
qcontrol_494e73937c9c32d0,qseq_ca1e6988c3ffe76e,length_64_gap_16,qcluster_locked_test_0002,qmask_427363983d4a675f,11011110,0.012524240650236607,0.063637375831604004
qcontrol_cefba14db3e89e90,qseq_aae60867bbd29a31,length_64_gap_16,qcluster_locked_test_0003,qmask_427363983d4a675f,11011110,0.0087834056466817856,0.053427789360284805
qcontrol_cae71c120b45c239,qseq_3346ec373ec4d0c1,length_64_gap_16,qcluster_locked_test_0004,qmask_427363983d4a675f,11011110,0.050751972943544388,0.13201987743377686
qcontrol_70a3d89dd2193b88,qseq_3eeb5c9dc8d3df4e,length_64_gap_16,qcluster_locked_test_0005,qmask_427363983d4a675f,11011110,0.0073878299444913864,0.045472230762243271
qcontrol_e3532a0fe9ec4acc,qseq_b54f6ac0dc1131b1,length_64_gap_16,qcluster_locked_test_0006,qmask_427363983d4a675f,11011110,0.010253630578517914,0.054562076926231384
qcontrol_b1f7774708f7942d,qseq_6a7936d790c60f24,length_64_gap_16,qcluster_locked_test_0007,qmask_427363983d4a675f,11011110,0.004164048470556736,0.036396563053131104
qcontrol_2886a2e62689831c,qseq_d31848c5dd061022,length_64_gap_16,qcluster_locked_test_0008,qmask_427363983d4a675f,11011110,0.0043549211695790291,0.036446657031774521
qcontrol_f1477184acae96e2,qseq_9b0ba549d59b84cb,length_64_gap_16,qcluster_locked_test_0009,qmask_427363983d4a675f,11011110,0.0072985868901014328,0.047618232667446136
qcontrol_50bed82389c1659b,qseq_49f6546cdae0062f,length_64_gap_16,qcluster_locked_test_0010,qmask_427363983d4a675f,11011110,0.045619737356901169,0.12293868511915207
qcontrol_e394e75d6c566780,qseq_2aa7409269ca8a28,length_64_gap_16,qcluster_locked_test_0011,qmask_427363983d4a675f,11011110,0.0052324105054140091,0.039589997380971909
qcontrol_4c9d9aa087851aec,qseq_11a4f77d31fecb27,length_64_gap_16,qcluster_locked_test_0012,qmask_427363983d4a675f,11011110,0.003325014840811491,0.031824402511119843
qcontrol_3e192651f96915a6,qseq_e28259680d832893,length_64_gap_16,qcluster_locked_test_0013,qmask_427363983d4a675f,11011110,0.022562693804502487,0.083830580115318298
qcontrol_c6b79b2ed36a9d1a,qseq_628377b11a9c100f,length_64_gap_16,qcluster_locked_test_0014,qmask_427363983d4a675f,11011110,0.021789073944091797,0.091129444539546967
qcontrol_ed61bf3c6c039318,qseq_3468014b07e71041,length_64_gap_16,qcluster_locked_test_0015,qmask_427363983d4a675f,11011110,0.053735792636871338,0.13066785037517548
qcontrol_f8eabc07af5b419c,qseq_7681dbfef0b45872,length_64_gap_16,qcluster_locked_test_0016,qmask_427363983d4a675f,11011110,0.0085024023428559303,0.050108850002288818
qcontrol_e1a0e6e5b6e1cacc,qseq_270706b7da14aeac,length_64_gap_16,qcluster_locked_test_0017,qmask_427363983d4a675f,11011110,0.0084779690951108932,0.050107963383197784
qcontrol_97a88437a2f52615,qseq_937c63ca45e8e2f0,length_64_gap_16,qcluster_locked_test_0018,qmask_427363983d4a675f,11011110,0.0042295772582292557,0.036403778940439224
qcontrol_17b66b5e95c96a2b,qseq_22048ee073a74474,length_64_gap_16,qcluster_locked_test_0019,qmask_427363983d4a675f,11011110,0.018544964492321014,0.078186728060245514
qcontrol_e04bc05524034e47,qseq_11f4aad08e76a89a,length_64_gap_16,qcluster_locked_test_0020,qmask_427363983d4a675f,11011110,0.0047704353928565979,0.038829967379570007
qcontrol_92c97eef4ccd1e1e,qseq_470c18605e002553,length_64_gap_16,qcluster_locked_test_0021,qmask_427363983d4a675f,11011110,0.014844954013824463,0.066210448741912842
qcontrol_ca638b8e89d7c09a,qseq_f794ab708e240731,length_64_gap_16,qcluster_locked_test_0022,qmask_427363983d4a675f,11011110,0.0087337689474225044,0.050363998860120773
qcontrol_5f134b5729f381b3,qseq_7218dc2f6344853e,length_64_gap_16,qcluster_locked_test_0023,qmask_427363983d4a675f,11011110,0.012227625586092472,0.05984041839838028
qcontrol_8f6e2e79b5e9204b,qseq_50347d5e498fe45c,length_64_gap_16,qcluster_locked_test_0024,qmask_427363983d4a675f,11011110,0.012059666216373444,0.065165340900421143
qcontrol_5b689f1b72076bf2,qseq_5259a41650d147da,length_64_gap_16,qcluster_locked_test_0025,qmask_427363983d4a675f,11011110,0.044858716428279877,0.10154314339160919
qcontrol_755a78ba460c00f1,qseq_b9fd9334e262d67a,length_64_gap_16,qcluster_locked_test_0026,qmask_427363983d4a675f,11011110,0.0033313813619315624,0.031875796616077423
qcontrol_f051a3603bd72a32,qseq_5879a62c02523992,length_64_gap_16,qcluster_locked_test_0027,qmask_427363983d4a675f,11011110,0.018437042832374573,0.071635060012340546
qcontrol_8794ab5b2229d701,qseq_d60d2fe37f9e8dbf,length_64_gap_16,qcluster_locked_test_0028,qmask_427363983d4a675f,11011110,0.050886880606412888,0.13547754287719727
qcontrol_25ac7950a8cbdc9b,qseq_ab057ab144d5c509,length_64_gap_16,qcluster_locked_test_0029,qmask_427363983d4a675f,11011110,0.021014019846916199,0.082509547472000122
qcontrol_bf3f6a1912ca172a,qseq_58e687699136f5d0,length_64_gap_16,qcluster_locked_test_0030,qmask_427363983d4a675f,11011110,0.010459591634571552,0.057074658572673798
qcontrol_dfedab624ad807d0,qseq_e39d64ef615648eb,length_64_gap_16,qcluster_locked_test_0031,qmask_427363983d4a675f,11011110,0.0086747128516435623,0.0517258420586586
qcontrol_699336fbbc7a5618,qseq_886e1b8d3c90fa08,length_64_gap_16,qcluster_locked_test_0032,qmask_427363983d4a675f,11011110,0.014383690431714058,0.066741392016410828
qcontrol_b30fa6401eb31bec,qseq_5f4f87fc95837e26,length_64_gap_16,qcluster_locked_test_0033,qmask_427363983d4a675f,11011110,0.016687154769897461,0.074267372488975525
qcontrol_10583f8d65765214,qseq_d84ecc18ab8689b0,length_64_gap_16,qcluster_locked_test_0034,qmask_427363983d4a675f,11011110,0.017360491678118706,0.072985976934432983
qcontrol_f497cc324c32512e,qseq_69e1b16d0075dc5a,length_64_gap_16,qcluster_locked_test_0035,qmask_427363983d4a675f,11011110,0.074590593576431274,0.15709027647972107
qcontrol_e611f6f1bc30af1f,qseq_74954853e0bf2ac6,length_64_gap_16,qcluster_locked_test_0036,qmask_427363983d4a675f,11011110,0.014545951038599014,0.065740227699279785
qcontrol_b4b32c97788daea0,qseq_1d39ec74e5b68fb8,length_64_gap_16,qcluster_locked_test_0037,qmask_427363983d4a675f,11011110,0.01239379309117794,0.060161419212818146
qcontrol_8df2b9921e23fd63,qseq_474a11fba87a761e,length_64_gap_16,qcluster_locked_test_0038,qmask_427363983d4a675f,11011110,0.010243666358292103,0.056547921150922775
qcontrol_c69f33b70003b31e,qseq_36359bf0d25d2c86,length_64_gap_16,qcluster_locked_test_0039,qmask_427363983d4a675f,11011110,0.090218760073184967,0.16261562705039978
qcontrol_a2892e977cb06cda,qseq_df7ce34f6da1b664,length_64_gap_16,qcluster_locked_test_0040,qmask_427363983d4a675f,11011110,0.010126227512955666,0.056015107780694962
qcontrol_f21b1f2fa6581416,qseq_a24060a12534f768,length_64_gap_16,qcluster_locked_test_0041,qmask_427363983d4a675f,11011110,0.0214394461363554,0.079034492373466492
qcontrol_85655b2779e850d0,qseq_49e2e82f94bdf1b4,length_64_gap_16,qcluster_locked_test_0042,qmask_427363983d4a675f,11011110,0.0089183254167437553,0.052687183022499084
qcontrol_9a299990fe396bbe,qseq_cc19de317c55cd77,length_64_gap_16,qcluster_locked_test_0043,qmask_427363983d4a675f,11011110,0.0069015584886074066,0.046404547989368439
qcontrol_ce8446c6a34003a2,qseq_1f9041e9bcc0b25f,length_64_gap_16,qcluster_locked_test_0044,qmask_427363983d4a675f,11011110,0.0050569926388561726,0.038924142718315125
qcontrol_633449351ab88ce9,qseq_4c4471f541168798,length_64_gap_16,qcluster_locked_test_0045,qmask_427363983d4a675f,11011110,0.01165381632745266,0.05938291922211647
qcontrol_b799d0b50c884cf5,qseq_0c67cfb3fc1c703e,length_64_gap_16,qcluster_locked_test_0046,qmask_427363983d4a675f,11011110,0.0072271032258868217,0.045909035950899124
qcontrol_2c7fd14ed76dfed6,qseq_66f0bdac882cdba3,length_64_gap_16,qcluster_locked_test_0047,qmask_427363983d4a675f,11011110,0.025382142513990402,0.085001572966575623
qcontrol_b0c934267bb53e51,qseq_71cb83bc04e6cc8e,length_64_gap_16,qcluster_locked_test_0048,qmask_427363983d4a675f,11011110,0.027386719360947609,0.0926484614610672
qcontrol_ea26c95af8a2638b,qseq_7848cffe1a25477a,length_64_gap_16,qcluster_locked_test_0049,qmask_427363983d4a675f,11011110,0.0099280942231416702,0.055532373487949371
qcontrol_85ef4e2c8145f587,qseq_a9a0bfba0b5d5c63,length_64_gap_16,qcluster_locked_test_0050,qmask_427363983d4a675f,11011110,0.0234711654484272,0.085110872983932495
qcontrol_f5d93d4614fd9960,qseq_7aca76351b62f35b,length_64_gap_16,qcluster_locked_test_0051,qmask_427363983d4a675f,11011110,0.0091941794380545616,0.052874721586704254
qcontrol_359c68434efa01b1,qseq_80d2be17e8b55b75,length_64_gap_16,qcluster_locked_test_0052,qmask_427363983d4a675f,11011110,0.019893297925591469,0.080426022410392761
qcontrol_e88d6019f8dbe147,qseq_0d2caa7c6dbebab5,length_64_gap_16,qcluster_locked_test_0053,qmask_427363983d4a675f,11011110,0.007548412773758173,0.04772123321890831
qcontrol_6ada0fc5c85db57e,qseq_53772432cef95f8d,length_64_gap_16,qcluster_locked_test_0054,qmask_427363983d4a675f,11011110,0.0055233309976756573,0.041704326868057251
qcontrol_9952edcfd79be22f,qseq_cea1b5ef5842fe01,length_64_gap_16,qcluster_locked_test_0055,qmask_427363983d4a675f,11011110,0.0038489901926368475,0.035072352737188339
qcontrol_6bf96bc033fd0486,qseq_51795d0b41a6ff37,length_64_gap_16,qcluster_locked_test_0056,qmask_427363983d4a675f,11011110,0.010187458246946335,0.056028999388217926
qcontrol_59d5d120d7e84e9a,qseq_5f0abaa4b3112554,length_64_gap_16,qcluster_locked_test_0057,qmask_427363983d4a675f,11011110,0.012170108035206795,0.061348184943199158
qcontrol_a1ece8094eae29e9,qseq_c7612b2180fe5636,length_64_gap_16,qcluster_locked_test_0058,qmask_427363983d4a675f,11011110,0.027557672932744026,0.095242820680141449
qcontrol_b8ee743c0e4a5793,qseq_e4a0379558ecfa17,length_64_gap_16,qcluster_locked_test_0059,qmask_427363983d4a675f,11011110,0.0042126853950321674,0.035863392055034637
qcontrol_be75a026da8f6ec7,qseq_c36e10e8e01e920c,length_64_gap_16,qcluster_locked_test_0060,qmask_427363983d4a675f,11011110,0.003471780801191926,0.032577723264694214
qcontrol_0cb57abf57b913e3,qseq_0b89451667c5ac9e,length_64_gap_16,qcluster_locked_test_0061,qmask_427363983d4a675f,11011110,0.017074953764677048,0.074622146785259247
qcontrol_06157f734008286d,qseq_87d785b2f6ba1b72,length_64_gap_16,qcluster_locked_test_0062,qmask_427363983d4a675f,11011110,0.017385754734277725,0.077737048268318176
qcontrol_f7b4531b4d6c090a,qseq_2d02bbc297570620,length_64_gap_16,qcluster_locked_test_0063,qmask_427363983d4a675f,11011110,0.0076665757223963737,0.048746217042207718
qcontrol_94b5c84c8b428c87,qseq_d4fda60283431b82,length_64_gap_16,qcluster_locked_test_0064,qmask_427363983d4a675f,11011110,0.0021613878197968006,0.025975383818149567
qcontrol_9c98b25cf2c2c02a,qseq_9b3362fcd80d1fa0,length_64_gap_16,qcluster_locked_test_0065,qmask_427363983d4a675f,11011110,0.0048256665468215942,0.038925983011722565
qcontrol_2bd06e7338f7c298,qseq_d079ed4ac15da22d,length_64_gap_16,qcluster_locked_test_0066,qmask_427363983d4a675f,11011110,0.0086849937215447426,0.054659739136695862
qcontrol_48cb286a521fe76e,qseq_6f70e440e6455e79,length_64_gap_16,qcluster_locked_test_0067,qmask_427363983d4a675f,11011110,0.026545669883489609,0.089444443583488464
qcontrol_2a9e021cc842bb13,qseq_b9a70c699503623e,length_64_gap_16,qcluster_locked_test_0068,qmask_427363983d4a675f,11011110,0.011304316110908985,0.057217203080654144
qcontrol_6903492f0abbf7b4,qseq_934f5fa224e30006,length_64_gap_16,qcluster_locked_test_0069,qmask_427363983d4a675f,11011110,0.0063844495452940464,0.042380206286907196
qcontrol_1ae452ff87547207,qseq_5d519c4d64c7559a,length_64_gap_16,qcluster_locked_test_0070,qmask_427363983d4a675f,11011110,0.0058385883457958698,0.042601689696311951
qcontrol_5142e8a245d23612,qseq_5e9da2a06da5d4ca,length_64_gap_16,qcluster_locked_test_0071,qmask_427363983d4a675f,11011110,0.017103599384427071,0.072060883045196533
qcontrol_8ac1728da2172c27,qseq_d62e68c19f797f06,length_64_gap_16,qcluster_locked_test_0072,qmask_427363983d4a675f,11011110,0.013040054589509964,0.065791025757789612
qcontrol_2fc12e36459f4748,qseq_d0edb2b9bc49f3f0,length_64_gap_16,qcluster_locked_test_0073,qmask_427363983d4a675f,11011110,0.0065561383962631226,0.050111204385757446
qcontrol_0415946bc2d1eb3a,qseq_fa68015ea577142a,length_64_gap_16,qcluster_locked_test_0074,qmask_427363983d4a675f,11011110,0.0050382991321384907,0.03876655176281929
qcontrol_0d6733810227a146,qseq_c07743c084419d4a,length_64_gap_16,qcluster_locked_test_0075,qmask_427363983d4a675f,11011110,0.016444161534309387,0.068363845348358154
qcontrol_2d11f8384aaca9c7,qseq_ab6b56d718a94a98,length_64_gap_16,qcluster_locked_test_0076,qmask_427363983d4a675f,11011110,0.014296580106019974,0.069083727896213531
qcontrol_5934b393cb53e63a,qseq_cf46f24237a6beb7,length_64_gap_16,qcluster_locked_test_0077,qmask_427363983d4a675f,11011110,0.036408185958862305,0.098734885454177856
qcontrol_c67beb4a80332dc1,qseq_9a014c2950dd93bf,length_64_gap_16,qcluster_locked_test_0078,qmask_427363983d4a675f,11011110,0.014780783094465733,0.065983548760414124
qcontrol_1f9f5b2901eba108,qseq_2d10c38be26a401b,length_64_gap_16,qcluster_locked_test_0079,qmask_427363983d4a675f,11011110,0.0062060914933681488,0.044770132750272751
qcontrol_0728312590c23389,qseq_a426e8cc094a7f79,length_64_gap_16,qcluster_locked_test_0080,qmask_427363983d4a675f,11011110,0.04034944623708725,0.11114145070314407
qcontrol_aed205d75baafad6,qseq_7e212dca6651182f,length_64_gap_16,qcluster_locked_test_0081,qmask_427363983d4a675f,11011110,0.01619398407638073,0.069512806832790375
qcontrol_ad6844238fc36115,qseq_f42e8357a0c27449,length_64_gap_16,qcluster_locked_test_0082,qmask_427363983d4a675f,11011110,0.010084349662065506,0.056262575089931488
qcontrol_3a7060f52ea75ac0,qseq_fd62336aad24d29d,length_64_gap_16,qcluster_locked_test_0083,qmask_427363983d4a675f,11011110,0.0036964092869311571,0.034004658460617065
qcontrol_612952adf4e331b4,qseq_16e08b8e94776f1e,length_64_gap_16,qcluster_locked_test_0084,qmask_427363983d4a675f,11011110,0.0035848994739353657,0.033621758222579956
qcontrol_1437af674619c279,qseq_791f8dc748049aef,length_64_gap_16,qcluster_locked_test_0085,qmask_427363983d4a675f,11011110,0.01844990998506546,0.069646552205085754
qcontrol_13de2b7b9a5ae9d9,qseq_b1ba2f5434c54312,length_64_gap_16,qcluster_locked_test_0086,qmask_427363983d4a675f,11011110,0.024401191622018814,0.09161202609539032
qcontrol_bae4383c388172e0,qseq_40bf0354bd54b899,length_64_gap_16,qcluster_locked_test_0087,qmask_427363983d4a675f,11011110,0.004284244030714035,0.037617992609739304
qcontrol_82ef3989d1cfc20a,qseq_d5cb7e937d4d9a48,length_64_gap_16,qcluster_locked_test_0088,qmask_427363983d4a675f,11011110,0.0061024557799100876,0.044336698949337006
qcontrol_7258aba69cd5558d,qseq_4444ad20441e5f8a,length_64_gap_16,qcluster_locked_test_0089,qmask_427363983d4a675f,11011110,0.0051665538921952248,0.039964493364095688
qcontrol_d2f152be2b80e1f1,qseq_fae2bfbdb489a028,length_64_gap_16,qcluster_locked_test_0090,qmask_427363983d4a675f,11011110,0.0086987502872943878,0.05201227217912674
qcontrol_e3c46a9fadd87466,qseq_0c8ef529583fe704,length_64_gap_16,qcluster_locked_test_0091,qmask_427363983d4a675f,11011110,0.0094347428530454636,0.054278992116451263
qcontrol_94dbb22c622c0284,qseq_652c06b06355776a,length_64_gap_16,qcluster_locked_test_0092,qmask_427363983d4a675f,11011110,0.014137757010757923,0.067463800311088562
qcontrol_786ad9b999d366ef,qseq_365ce7f8eec43f0e,length_64_gap_16,qcluster_locked_test_0093,qmask_427363983d4a675f,11011110,0.033570542931556702,0.10885579138994217
qcontrol_549d609a73f0f5a0,qseq_08e924c489f7141b,length_64_gap_16,qcluster_locked_test_0094,qmask_427363983d4a675f,11011110,0.015828363597393036,0.070220798254013062
qcontrol_a0e3578bf5738caf,qseq_376070e962e839cf,length_64_gap_16,qcluster_locked_test_0095,qmask_427363983d4a675f,11011110,0.019342401996254921,0.083368584513664246
qcontrol_425dc22fdf23ace9,qseq_5424f27d1db343c0,length_64_gap_16,qcluster_locked_test_0096,qmask_427363983d4a675f,11011110,0.014757399447262287,0.059100039303302765
qcontrol_12ce1977ae9a1e17,qseq_905457159de26ecd,length_64_gap_16,qcluster_locked_test_0097,qmask_427363983d4a675f,11011110,0.050665020942687988,0.11758287996053696
qcontrol_ede36fc9a557ce13,qseq_4d6ddb985e74c4d8,length_64_gap_16,qcluster_locked_test_0098,qmask_427363983d4a675f,11011110,0.011631006374955177,0.064178839325904846
qcontrol_3a4493a61e750baa,qseq_a8931d647ec4f53d,length_64_gap_16,qcluster_locked_test_0099,qmask_427363983d4a675f,11011110,0.011337240226566792,0.0598440021276474
qcontrol_56de84506a565c97,qseq_c39d326f961843e9,length_64_gap_16,qcluster_locked_test_0100,qmask_427363983d4a675f,11011110,0.0059318928979337215,0.042771406471729279
qcontrol_272c03dc8f39793e,qseq_40d1c6c83518e781,length_64_gap_16,qcluster_locked_test_0101,qmask_427363983d4a675f,11011110,0.0039232326671481133,0.034045051783323288
qcontrol_769f4c752301346e,qseq_6a7bcebb6aa5dd27,length_64_gap_16,qcluster_locked_test_0102,qmask_427363983d4a675f,11011110,0.031162343919277191,0.099372416734695435
qcontrol_55e32c039ad6e64e,qseq_659d03258e5c22e5,length_64_gap_16,qcluster_locked_test_0103,qmask_427363983d4a675f,11011110,0.011132637038826942,0.060699183493852615
qcontrol_d1388517db433c79,qseq_7f0679c936fe44f8,length_64_gap_16,qcluster_locked_test_0104,qmask_427363983d4a675f,11011110,0.014621666632592678,0.067689821124076843
qcontrol_4f32e7a68ac4f24f,qseq_866e107daaa9feb2,length_64_gap_16,qcluster_locked_test_0105,qmask_427363983d4a675f,11011110,0.010235324501991272,0.056570157408714294
qcontrol_3d3d3bd7248c3cef,qseq_daad2fa5c6579a71,length_64_gap_16,qcluster_locked_test_0106,qmask_427363983d4a675f,11011110,0.011353561654686928,0.058423448354005814
qcontrol_0843bf8d0e1aef57,qseq_8a9f41f24dc67656,length_64_gap_16,qcluster_locked_test_0107,qmask_427363983d4a675f,11011110,0.006498667411506176,0.043711904436349869
qcontrol_33213814ce7ef0df,qseq_bc3740e02cea7ed5,length_64_gap_16,qcluster_locked_test_0108,qmask_427363983d4a675f,11011110,0.0061986884102225304,0.04467136412858963
qcontrol_bdfe898c86494ea8,qseq_95057f777b47c9b0,length_64_gap_16,qcluster_locked_test_0109,qmask_427363983d4a675f,11011110,0.011702707037329674,0.058384884148836136
qcontrol_7cd15f056a495ef2,qseq_4f432d55d2d5e4f4,length_64_gap_16,qcluster_locked_test_0110,qmask_427363983d4a675f,11011110,0.0099671715870499611,0.056934893131256104
qcontrol_9d4833dd4ed4f65c,qseq_e86a302745b582bc,length_64_gap_16,qcluster_locked_test_0111,qmask_427363983d4a675f,11011110,0.0040088691748678684,0.03592369332909584
qcontrol_84215758dccb0465,qseq_55782314368047a4,length_64_gap_16,qcluster_locked_test_0112,qmask_427363983d4a675f,11011110,0.012395082041621208,0.061858434230089188
qcontrol_d7f623b7845bb47f,qseq_02b59c2d572b8ea3,length_64_gap_16,qcluster_locked_test_0113,qmask_427363983d4a675f,11011110,0.0092077665030956268,0.054575018584728241
qcontrol_7e0fcb1eb8df8501,qseq_f3158f0288c5555e,length_64_gap_16,qcluster_locked_test_0114,qmask_427363983d4a675f,11011110,0.018878048285841942,0.075627021491527557
qcontrol_6002412273491b52,qseq_e5428fd66f8e01e5,length_64_gap_16,qcluster_locked_test_0115,qmask_427363983d4a675f,11011110,0.03766993060708046,0.1074715182185173
qcontrol_a556ad79be65a014,qseq_99a5cbad1610d8b9,length_64_gap_16,qcluster_locked_test_0116,qmask_427363983d4a675f,11011110,0.0089621134102344513,0.053384073078632355
qcontrol_d2b016da7580758a,qseq_45d20a9f2ecf657d,length_64_gap_16,qcluster_locked_test_0117,qmask_427363983d4a675f,11011110,0.0074973260052502155,0.047972753643989563
qcontrol_a03d2097ff0cd937,qseq_98ec9fd961115e6f,length_64_gap_16,qcluster_locked_test_0118,qmask_427363983d4a675f,11011110,0.0272951889783144,0.088643424212932587
qcontrol_a6cdaf7bf0e0bf3d,qseq_7e3c3e77c3e318a2,length_64_gap_16,qcluster_locked_test_0119,qmask_427363983d4a675f,11011110,0.0059571475721895695,0.043494567275047302
qcontrol_a03410b22d619a50,qseq_56bc359f37fcc365,length_64_gap_16,qcluster_locked_test_0120,qmask_427363983d4a675f,11011110,0.013304080814123154,0.062721401453018188
qcontrol_5be5e2be85a1c4ea,qseq_5c4f969bafe1cb8e,length_64_gap_16,qcluster_locked_test_0121,qmask_427363983d4a675f,11011110,0.024368686601519585,0.08642086386680603
qcontrol_25e51321e3c69e12,qseq_a5f363c20c7799e0,length_64_gap_16,qcluster_locked_test_0122,qmask_427363983d4a675f,11011110,0.017031107097864151,0.073449686169624329
qcontrol_711df59e7e4a047b,qseq_0f0b3658cf2116c6,length_64_gap_16,qcluster_locked_test_0123,qmask_427363983d4a675f,11011110,0.0051000192761421204,0.039349459111690521
qcontrol_93ff5e98543e81ec,qseq_074d17630f7f922a,length_64_gap_16,qcluster_locked_test_0124,qmask_427363983d4a675f,11011110,0.013584073632955551,0.063681229948997498
qcontrol_4166441cdb9ecbe5,qseq_9f11049360aef9dd,length_64_gap_16,qcluster_locked_test_0125,qmask_427363983d4a675f,11011110,0.0051467255689203739,0.039658010005950928
qcontrol_f1d8840a73ccb578,qseq_d0cdb28d5665907c,length_64_gap_16,qcluster_locked_test_0126,qmask_427363983d4a675f,11011110,0.0060542849823832512,0.043390151113271713
qcontrol_c6fede6fbc576d45,qseq_33a6c7fa17324b40,length_64_gap_16,qcluster_locked_test_0127,qmask_427363983d4a675f,11011110,0.014712032862007618,0.06720396876335144
