prompt_id,family_id,candidate_margin,candidate_correct,top1_correct,target_nll,target_token_id,candidate_predicted_token_id,predicted_token_id,candidate_logits_finite
qseq_c767dcde7de96c2f,length_32_gap_8,2.9462099075317383,True,False,7.4854855537414551,106189,106189,220,True
qseq_897390a0d0f857dd,length_32_gap_8,10.119000434875488,True,True,3.0899577140808105,113738,113738,113738,True
qseq_284b47a1871f558d,length_32_gap_8,8.0842056274414062,True,False,3.2517573833465576,112170,112170,41789,True
qseq_9564c335f860807a,length_32_gap_8,9.2612857818603516,True,True,2.291015625,5673,5673,5673,True
qseq_b055e28768e5f9db,length_32_gap_8,4.9616751670837402,True,False,6.5294814109802246,3042,3042,220,True
qseq_0ba4f1526c5f729b,length_32_gap_8,6.1143627166748047,True,False,7.3273100852966309,114385,114385,31382,True
qseq_bbd13a17725542ab,length_32_gap_8,4.2902603149414062,True,False,6.2452278137207031,49568,49568,198,True
qseq_7a4e221d29fc3a2e,length_32_gap_8,8.6505069732666016,True,False,3.6452600955963135,8326,8326,13,True
qseq_913078c95f609050,length_32_gap_8,6.9412646293640137,True,False,3.5339906215667725,16708,16708,13,True
qseq_21ba8cdac201cc30,length_32_gap_8,3.787869930267334,True,False,7.613731861114502,62557,62557,198,True
qseq_2d9b105d7e3736b7,length_32_gap_8,5.6262378692626953,True,False,4.8362054824829102,87987,87987,220,True
qseq_d61f332679c6ec3e,length_32_gap_8,9.9936256408691406,True,True,2.6045970916748047,9794,9794,9794,True
qseq_72e2cd870c8a81c9,length_32_gap_8,8.16876220703125,True,True,3.525468111038208,17294,17294,17294,True
qseq_89e8b285b5f965c2,length_32_gap_8,4.9458680152893066,True,False,8.5723552703857422,43999,43999,198,True
qseq_5184f25c7b85c53c,length_32_gap_8,9.9009943008422852,True,True,3.0564634799957275,55305,55305,55305,True
qseq_8a3b5e846ec7b1de,length_32_gap_8,6.3770685195922852,True,True,3.4400472640991211,43959,43959,43959,True
qseq_ac1a3e1869dc090c,length_32_gap_8,7.3019909858703613,True,True,3.4240412712097168,47439,47439,47439,True
qseq_dc1d9c14a80d171c,length_32_gap_8,8.6210861206054688,True,False,4.9573874473571777,18678,18678,220,True
qseq_99d34e9175e66222,length_32_gap_8,7.4291472434997559,True,False,5.5702128410339355,81386,81386,8,True
qseq_d6492c6ac00d3b0f,length_32_gap_8,10.321548461914062,True,True,3.0202357769012451,102741,102741,102741,True
qseq_690d86412dda754a,length_32_gap_8,6.5624961853027344,True,False,5.3217949867248535,94311,94311,198,True
qseq_b13027e33741a1ba,length_32_gap_8,3.8572282791137695,True,False,7.5479822158813477,144442,144442,48521,True
qseq_ef057144bcaa8c78,length_32_gap_8,9.6949291229248047,True,True,3.6895580291748047,85992,85992,85992,True
qseq_01f76172c615c93c,length_32_gap_8,1.6465693712234497,True,False,8.7947292327880859,104563,104563,220,True
qseq_6913410b187e9bcd,length_32_gap_8,4.9003410339355469,True,False,8.5771045684814453,123653,123653,5011,True
qseq_6f2468350cf2a4c7,length_32_gap_8,6.1921143531799316,True,False,3.342045783996582,90317,90317,748,True
qseq_48fa6ccbcf85740a,length_32_gap_8,5.4933662414550781,True,True,4.3495516777038574,45629,45629,45629,True
qseq_0a3d2a206ed1ac2f,length_32_gap_8,10.2420654296875,True,True,2.1275115013122559,34551,34551,34551,True
qseq_4e6f3e53c5cffa8c,length_32_gap_8,6.0872611999511719,True,False,8.5176458358764648,124638,124638,70393,True
qseq_addd85868ee4c978,length_32_gap_8,3.0789308547973633,True,False,6.4572043418884277,103105,103105,279,True
qseq_d488f6be0be8d667,length_32_gap_8,9.55535888671875,True,True,1.4513717889785767,35485,35485,35485,True
qseq_29bcc3b5e07adaa6,length_32_gap_8,7.5494265556335449,True,False,3.9754664897918701,30679,30679,1706,True
qseq_f92f57b1f8bac576,length_32_gap_8,3.842681884765625,True,False,6.3925557136535645,58165,58165,220,True
qseq_caa06bf2219d5d30,length_32_gap_8,9.6303396224975586,True,True,2.9562137126922607,73086,73086,73086,True
qseq_14140e7a95fa2fb9,length_32_gap_8,3.9574613571166992,True,False,7.5561428070068359,114634,114634,7,True
qseq_83326ff9f67b103f,length_32_gap_8,8.6613779067993164,True,True,2.3675370216369629,73999,73999,73999,True
qseq_9cae4833ac91d598,length_32_gap_8,7.7165179252624512,True,False,4.7106227874755859,73619,73619,12,True
qseq_cfb9d767fb841745,length_32_gap_8,5.7846426963806152,True,False,4.2976059913635254,9738,9738,4552,True
qseq_9a641dc8e553cdc9,length_32_gap_8,7.6731810569763184,True,False,3.8886995315551758,115845,115845,99541,True
qseq_618c0004fec7a467,length_32_gap_8,4.5934381484985352,True,False,7.3684349060058594,67694,67694,13,True
qseq_02dd020751347c55,length_32_gap_8,7.5618820190429688,True,False,5.5441646575927734,87839,87839,220,True
qseq_c8384ab754451eef,length_32_gap_8,2.8867654800415039,True,False,6.4263396263122559,110144,110144,100331,True
qseq_ba05bbb94039b0ae,length_32_gap_8,6.9410629272460938,True,False,6.4121508598327637,148698,148698,76,True
qseq_4e8da5b186698007,length_32_gap_8,3.9103949069976807,True,False,5.7231903076171875,131997,131997,220,True
qseq_e0e24ca7df1361da,length_32_gap_8,7.8520965576171875,True,True,3.5322964191436768,67352,67352,67352,True
qseq_78b8701a8c418992,length_32_gap_8,12.092935562133789,True,True,1.8507922887802124,11641,11641,11641,True
qseq_9a84a9d452ad6692,length_32_gap_8,12.39979076385498,True,True,1.4711474180221558,4186,4186,4186,True
qseq_37ed28aef12e4075,length_32_gap_8,7.7470502853393555,True,False,5.7399635314941406,110252,110252,198,True
qseq_4811292cd5272ac8,length_32_gap_8,12.631054878234863,True,True,0.72314256429672241,106988,106988,106988,True
qseq_98e081c19e55b9c2,length_32_gap_8,12.682595252990723,True,True,0.98284471035003662,36470,36470,36470,True
qseq_77a729a7d6333b5f,length_32_gap_8,9.8840513229370117,True,True,2.4649307727813721,105434,105434,105434,True
qseq_f1ed764d9e898c1c,length_32_gap_8,7.9027271270751953,True,False,3.6086373329162598,150324,150324,220,True
qseq_496b941feed234e5,length_32_gap_8,10.570975303649902,True,True,1.9457254409790039,9325,9325,9325,True
qseq_226ec06b22020410,length_32_gap_8,4.0046439170837402,True,False,5.9298787117004395,31165,31165,82,True
qseq_433ffda24ef20d0d,length_32_gap_8,11.523992538452148,True,True,1.9860935211181641,18712,18712,18712,True
qseq_523dae664b4c02de,length_32_gap_8,7.298861026763916,True,False,5.2400894165039062,17889,17889,220,True
qseq_5729a944eb6aec71,length_32_gap_8,5.9918761253356934,True,False,6.1922821998596191,61990,61990,220,True
qseq_769e2a1fc1ef4d7b,length_32_gap_8,5.8826560974121094,True,False,4.2826414108276367,110114,110114,13,True
qseq_8e34020e948679cd,length_32_gap_8,12.325122833251953,True,True,0.57106560468673706,42366,42366,42366,True
qseq_4dd4a4938a07566b,length_32_gap_8,8.2067251205444336,True,False,5.3227534294128418,121352,121352,9370,True
qseq_e3083089db559adf,length_32_gap_8,4.1828722953796387,True,False,8.0441598892211914,24322,24322,13,True
qseq_848e9ef4c7e3ec69,length_32_gap_8,3.010735034942627,True,False,8.75469970703125,133066,133066,198,True
qseq_c6a305d74eb4ea8c,length_32_gap_8,12.760897636413574,True,True,2.5183990001678467,30275,30275,30275,True
qseq_047ab7fab5d21e65,length_32_gap_8,9.3766708374023438,True,True,1.6373200416564941,23209,23209,23209,True
qseq_d5d3c27cb4f6aa62,length_32_gap_16,10.261236190795898,True,True,1.8210828304290771,97560,97560,97560,True
qseq_510f6ba562b151ba,length_32_gap_16,6.1617345809936523,True,False,4.4547247886657715,37174,37174,220,True
qseq_d31cbd228c6caa2a,length_32_gap_16,6.5365819931030273,True,True,3.9104421138763428,115087,115087,115087,True
qseq_de0d7f232024ba9f,length_32_gap_16,7.5591278076171875,True,True,3.391716480255127,49575,49575,49575,True
qseq_ecff6144c5b1ec9e,length_32_gap_16,4.2342753410339355,True,False,5.1763725280761719,92789,92789,13,True
qseq_85822104052b367f,length_32_gap_16,10.054932594299316,True,True,1.7099177837371826,12457,12457,12457,True
qseq_979f53b108929796,length_32_gap_16,4.9758586883544922,True,False,4.4220132827758789,20475,20475,220,True
qseq_cc41c56efbdb7f10,length_32_gap_16,11.400108337402344,True,True,1.4519690275192261,44660,44660,44660,True
qseq_9c8754dbb395b4fd,length_32_gap_16,4.6715936660766602,True,False,5.6427974700927734,111956,111956,9370,True
qseq_70673c2f156f8d39,length_32_gap_16,7.3203573226928711,True,True,3.0732791423797607,50140,50140,50140,True
qseq_3e433293e9fdca16,length_32_gap_16,5.2215371131896973,True,False,6.6713433265686035,61922,61922,13146,True
qseq_3c64b7648c1670e8,length_32_gap_16,6.8781862258911133,True,False,4.7494268417358398,107582,107582,8,True
qseq_bcc0c7a5e745d863,length_32_gap_16,3.4048056602478027,True,False,7.4922547340393066,18020,18020,220,True
qseq_8eca98e42721d109,length_32_gap_16,5.4558749198913574,True,False,4.7759971618652344,23535,23535,263,True
qseq_cdb94007d2a1cb63,length_32_gap_16,11.409968376159668,True,True,2.7595713138580322,43275,43275,43275,True
qseq_e7b200fe71b370c4,length_32_gap_16,15.145834922790527,True,True,0.35196065902709961,11337,11337,11337,True
qseq_332f523f946f0c60,length_32_gap_16,10.812849998474121,True,True,2.1139137744903564,51934,51934,51934,True
qseq_340bacf5e4f965de,length_32_gap_16,3.433889627456665,True,False,9.1370582580566406,34172,34172,198,True
qseq_b0922f654a906bca,length_32_gap_16,6.7177495956420898,True,False,5.6353631019592285,81396,81396,3770,True
qseq_0ca957c5353b3863,length_32_gap_16,5.6527462005615234,True,False,7.1668033599853516,34720,34720,522,True
qseq_7560b74209314c00,length_32_gap_16,9.7488555908203125,True,False,4.2838921546936035,96854,96854,23364,True
qseq_4a4548f6f519d388,length_32_gap_16,5.3002758026123047,True,False,5.1815810203552246,72734,72734,8,True
qseq_1f9d2735ad5e2ca6,length_32_gap_16,13.025143623352051,True,True,0.92815637588500977,112685,112685,112685,True
qseq_84613d14663bbbe9,length_32_gap_16,9.5286502838134766,True,True,2.3909730911254883,9264,9264,9264,True
qseq_bf652fa330b1d710,length_32_gap_16,4.7811131477355957,True,False,5.0798964500427246,56447,56447,198,True
qseq_83ec4e68586daf2c,length_32_gap_16,8.6142606735229492,True,True,3.5049374103546143,74494,74494,74494,True
qseq_2c2f5d4274d720a3,length_32_gap_16,8.2316761016845703,True,False,5.5824575424194336,34567,34567,102852,True
qseq_92f2482ef549129f,length_32_gap_16,11.90023136138916,True,True,1.1894528865814209,37097,37097,37097,True
qseq_2ad43597a3368b5c,length_32_gap_16,5.2258749008178711,True,False,6.2092471122741699,144876,144876,198,True
qseq_e295464fdbf58971,length_32_gap_16,4.1902079582214355,True,False,5.82684326171875,53191,53191,220,True
qseq_eaa4811a3fbab31e,length_32_gap_16,7.2828617095947266,True,False,5.0755739212036133,12406,12406,220,True
qseq_a1e91c13b566fb63,length_32_gap_16,10.659023284912109,True,True,2.1578960418701172,103741,103741,103741,True
qseq_c1561adf99d60e0a,length_32_gap_16,6.0060982704162598,True,True,1.7799303531646729,32887,32887,32887,True
qseq_082b39cdfb277758,length_32_gap_16,16.347190856933594,True,True,1.2251285314559937,19532,19532,19532,True
qseq_95f204bfe800c344,length_32_gap_16,7.667149543762207,True,True,3.7943069934844971,123278,123278,123278,True
qseq_f7a167414c890483,length_32_gap_16,3.9669158458709717,True,False,7.864567756652832,148821,148821,4891,True
qseq_a606d9daf4b19855,length_32_gap_16,9.4309787750244141,True,True,2.8160274028778076,27066,27066,27066,True
qseq_e5dc3c833d234f0e,length_32_gap_16,11.813443183898926,True,True,1.114642858505249,117315,117315,117315,True
qseq_e6d261cea1e472c2,length_32_gap_16,5.0461435317993164,True,False,10.036294937133789,148090,148090,31338,True
qseq_25c2e08d2b99203c,length_32_gap_16,9.0971899032592773,True,False,5.816464900970459,96199,96199,90525,True
qseq_f2ca4750ffe923f6,length_32_gap_16,5.7845892906188965,True,False,3.0625472068786621,1929,1929,13164,True
qseq_bb30451304f9a6a9,length_32_gap_16,9.3814773559570312,True,False,4.448277473449707,123180,123180,13344,True
qseq_5d3f1fbcc050c4e2,length_32_gap_16,10.456913948059082,True,True,1.2655801773071289,120803,120803,120803,True
qseq_9154c934ae21fb26,length_32_gap_16,7.8371391296386719,True,False,4.4449467658996582,100336,100336,198,True
qseq_0a47865125dced54,length_32_gap_16,6.0005741119384766,True,False,4.9832916259765625,80976,80976,12,True
qseq_f52d044ff594b319,length_32_gap_16,6.575157642364502,True,False,4.3775291442871094,24859,24859,220,True
qseq_e0c4e37bf32dcf75,length_32_gap_16,3.4031820297241211,True,False,7.0649209022521973,108075,108075,82,True
qseq_af7432e981e93b5b,length_32_gap_16,11.155478477478027,True,False,4.279973030090332,53586,53586,142898,True
qseq_97ad09374facd769,length_32_gap_16,10.889915466308594,True,False,4.218111515045166,27509,27509,884,True
qseq_cb0a76017dd365fd,length_32_gap_16,8.0923337936401367,True,True,2.9245908260345459,102783,102783,102783,True
qseq_b47b8784a241b1c6,length_32_gap_16,6.4118905067443848,True,True,1.1921592950820923,64811,64811,64811,True
qseq_71989a8488caaf51,length_32_gap_16,8.3705806732177734,True,True,4.0163664817810059,120332,120332,120332,True
qseq_f90f74e2c4b2e636,length_32_gap_16,6.6971230506896973,True,True,4.4566607475280762,119960,119960,119960,True
qseq_860aee082fa5c026,length_32_gap_16,12.077322006225586,True,True,1.6612634658813477,100967,100967,100967,True
qseq_91b8f5f091952138,length_32_gap_16,4.990267276763916,True,False,7.3084707260131836,144883,144883,3667,True
qseq_cb97131f4d3343a9,length_32_gap_16,6.0063753128051758,True,False,5.3219547271728516,81424,81424,220,True
qseq_64b9db2349041966,length_32_gap_16,3.9119973182678223,True,False,5.0268769264221191,61112,61112,220,True
qseq_a69aa91ea490c597,length_32_gap_16,8.426701545715332,True,True,4.1046972274780273,97794,97794,97794,True
qseq_0100115daa28e659,length_32_gap_16,1.9318791627883911,True,False,8.8288679122924805,89697,89697,220,True
qseq_da9b5b00ca231223,length_32_gap_16,6.7946691513061523,True,False,5.1282124519348145,42207,42207,66778,True
qseq_58265ff84f2e13ec,length_32_gap_16,9.1135873794555664,True,False,2.8051126003265381,25514,25514,14,True
qseq_fd6771f165c2af63,length_32_gap_16,6.0186314582824707,True,False,5.5394449234008789,100209,100209,220,True
qseq_b1838c6c55f608f0,length_32_gap_16,1.9764640331268311,True,False,8.3343648910522461,83586,83586,17877,True
qseq_e25e8eb763c44bf0,length_32_gap_16,4.9540920257568359,True,False,7.2626752853393555,106858,106858,198,True
qseq_ae8824c8ea18aad2,length_64_gap_8,4.0130796432495117,True,False,8.7611274719238281,20101,20101,220,True
qseq_08f9ce9d39a177fd,length_64_gap_8,1.5538632869720459,True,False,9.1493301391601562,129135,129135,220,True
qseq_ba25b4ff9ce603ef,length_64_gap_8,5.7279467582702637,True,False,4.9040989875793457,10293,10293,220,True
qseq_b3bceb123fa7d5ec,length_64_gap_8,8.33526611328125,True,True,3.8401861190795898,138057,138057,138057,True
qseq_877a57b96470756d,length_64_gap_8,4.7593965530395508,True,False,6.9865546226501465,52132,52132,334,True
qseq_b9d7f1fa875c99d0,length_64_gap_8,2.3145463466644287,True,False,10.567879676818848,135394,135394,82,True
qseq_bb4fb9cca082c2c4,length_64_gap_8,5.4763393402099609,True,False,6.0848379135131836,13920,13920,220,True
qseq_2e120598408758c4,length_64_gap_8,5.4332938194274902,True,False,6.3220529556274414,112170,112170,15767,True
qseq_a237a9dead0da3a2,length_64_gap_8,12.002847671508789,True,True,3.968289852142334,119622,119622,119622,True
qseq_9bfff1444e5aa0a3,length_64_gap_8,9.8125228881835938,True,False,3.791511058807373,42525,42525,14,True
qseq_5a4c13304ee86daa,length_64_gap_8,2.5111000537872314,True,False,8.7827119827270508,97868,97868,220,True
qseq_68ced4907f269429,length_64_gap_8,6.6655588150024414,True,False,6.2746968269348145,79084,79084,82,True
qseq_d1bdba28f544d799,length_64_gap_8,5.2670984268188477,True,False,8.6208677291870117,41318,41318,8,True
qseq_063eb8887368d26c,length_64_gap_8,5.367673397064209,True,False,8.6571331024169922,15121,15121,67,True
qseq_a6fe7bfa518f271c,length_64_gap_8,6.5159611701965332,True,True,4.5989775657653809,46342,46342,46342,True
qseq_83fa597528c2de6a,length_64_gap_8,4.5395421981811523,True,False,7.1461830139160156,49575,49575,220,True
qseq_031905dc8fd98f3b,length_64_gap_8,6.922396183013916,True,False,5.9694557189941406,136943,136943,220,True
qseq_853e6addf4e8aedb,length_64_gap_8,2.7450790405273438,True,False,8.3702983856201172,116870,116870,39855,True
qseq_77f253831b6a921d,length_64_gap_8,6.5763716697692871,True,False,6.2485313415527344,9056,9056,198,True
qseq_a36a53dd705cb575,length_64_gap_8,3.1396095752716064,True,False,5.436790943145752,91875,91875,220,True
qseq_b9f3d5d09a009161,length_64_gap_8,7.1261196136474609,True,False,5.0925660133361816,96854,96854,220,True
qseq_c72c75f0a2b40676,length_64_gap_8,6.5917387008666992,True,False,5.3560805320739746,41060,41060,82,True
qseq_429ffa184d06abdb,length_64_gap_8,3.0574519634246826,True,False,8.6960411071777344,107683,107683,198,True
qseq_b528fbc842f7a168,length_64_gap_8,11.432259559631348,True,True,1.5424089431762695,11337,11337,11337,True
qseq_dc084949a5577394,length_64_gap_8,8.3536262512207031,True,False,3.5853147506713867,17335,17335,13,True
qseq_7bbd2c793e6ab09b,length_64_gap_8,3.3612565994262695,True,False,9.5885391235351562,85152,85152,220,True
qseq_50512cdd143f6f80,length_64_gap_8,2.8017635345458984,True,False,7.9584794044494629,5999,5999,398,True
qseq_04953cdb1b1280f7,length_64_gap_8,4.4514684677124023,True,False,10.319787979125977,133216,133216,23364,True
qseq_e4f9a2a7954effd8,length_64_gap_8,7.8564481735229492,True,True,3.5697016716003418,34230,34230,34230,True
qseq_07b0e9db340f7815,length_64_gap_8,8.2504196166992188,True,True,3.0882534980773926,114262,114262,114262,True
qseq_d474cf6afee38e15,length_64_gap_8,5.6595945358276367,True,False,7.7103500366210938,10920,10920,81,True
qseq_133832395b8803fb,length_64_gap_8,7.3377823829650879,True,True,3.4144439697265625,28551,28551,28551,True
qseq_71ad6d4ee2b16136,length_64_gap_8,6.9257736206054688,True,False,6.1692047119140625,101666,101666,10176,True
qseq_b78113a569273d84,length_64_gap_8,9.3575239181518555,True,False,5.0449914932250977,106904,106904,220,True
qseq_59f8cb7819ab3e75,length_64_gap_8,8.5022010803222656,True,False,7.161217212677002,31893,31893,8,True
qseq_0b4a8f97b612b0fa,length_64_gap_8,4.5702590942382812,True,False,8.0731344223022461,117163,117163,220,True
qseq_00111061ca67072f,length_64_gap_8,5.1105194091796875,True,False,7.1273760795593262,20037,20037,220,True
qseq_5c3f05d5830454fa,length_64_gap_8,9.4207763671875,True,False,4.4408226013183594,26807,26807,1283,True
qseq_fd96a8ea36b3a775,length_64_gap_8,5.8756008148193359,True,False,6.9656023979187012,65538,65538,15767,True
qseq_bb3537b51fbc06d3,length_64_gap_8,9.0377016067504883,True,True,2.9517228603363037,118767,118767,118767,True
qseq_0ba42ff2de22ba4a,length_64_gap_8,3.2905721664428711,True,False,7.6727137565612793,80548,80548,335,True
qseq_ef90ba166747da2b,length_64_gap_8,4.5274982452392578,True,False,5.6455330848693848,3393,3393,220,True
qseq_6c14e7d81b1d1179,length_64_gap_8,10.590005874633789,True,True,2.854278564453125,27792,27792,27792,True
qseq_fab97a3922bc5882,length_64_gap_8,6.0810108184814453,True,False,5.4811773300170898,129685,129685,124837,True
qseq_c4443cd01b10c3b3,length_64_gap_8,4.8266925811767578,True,False,7.4493269920349121,82830,82830,220,True
qseq_bde349300082738e,length_64_gap_8,7.2822170257568359,True,False,6.7262864112854004,134481,134481,15767,True
qseq_5a6b42cdb8dc31b0,length_64_gap_8,6.5545892715454102,True,True,3.8162524700164795,39300,39300,39300,True
qseq_fb68b5f2b762325b,length_64_gap_8,3.8065094947814941,True,False,9.7781620025634766,53080,53080,220,True
qseq_b59515605c42bc5b,length_64_gap_8,7.565671443939209,True,False,4.8700895309448242,36124,36124,220,True
qseq_72f3ed64c9f631c3,length_64_gap_8,6.9664216041564941,True,False,6.4542465209960938,108858,108858,100655,True
qseq_c013d4029a88cca1,length_64_gap_8,9.9139385223388672,True,True,2.7565476894378662,40313,40313,40313,True
qseq_485a89f456fb35f5,length_64_gap_8,4.733849048614502,True,False,6.5296850204467773,12451,12451,9053,True
qseq_a91215a8af73161b,length_64_gap_8,2.4005026817321777,True,False,9.8738918304443359,101819,101819,13,True
qseq_301600dd7c0c60ff,length_64_gap_8,2.6073682308197021,True,False,8.3697900772094727,81329,81329,220,True
qseq_0e9b7f4446e6a781,length_64_gap_8,7.9697675704956055,True,False,3.9902510643005371,45690,45690,85,True
qseq_d5db7873b204763f,length_64_gap_8,6.3800945281982422,True,False,4.7966980934143066,95033,95033,49588,True
qseq_606cdd73320d8cfb,length_64_gap_8,10.929178237915039,True,True,2.7362778186798096,98722,98722,98722,True
qseq_e0e3da22c79bd2be,length_64_gap_8,6.5633573532104492,True,False,7.0428280830383301,6442,6442,82,True
qseq_308ebfb788f9e5b3,length_64_gap_8,10.123649597167969,True,False,4.0733613967895508,55931,55931,14,True
qseq_3cd28202caa2cc6d,length_64_gap_8,2.8231985569000244,True,False,6.4007453918457031,42411,42411,220,True
qseq_bfd7e4e7f8ec7535,length_64_gap_8,4.6519122123718262,True,False,8.1632633209228516,73877,73877,220,True
qseq_149c9b3f9158929c,length_64_gap_8,3.4329760074615479,True,False,9.0120677947998047,134006,134006,220,True
qseq_b27cf7ba143e26d1,length_64_gap_8,2.1379885673522949,True,False,10.760101318359375,119958,119958,33576,True
qseq_1ec658904ccd0255,length_64_gap_8,2.1271352767944336,True,False,7.4405622482299805,58578,58578,220,True
qseq_1430d7820b9bfe9c,length_64_gap_16,3.1765074729919434,True,False,6.7367982864379883,54698,54698,82,True
qseq_6cab91b2e919d54b,length_64_gap_16,7.5219011306762695,True,False,4.5362205505371094,54612,54612,62,True
qseq_b63f1866d95c4fc3,length_64_gap_16,4.1023178100585938,True,False,7.029747486114502,47448,47448,17587,True
qseq_35b5f1e0035f9647,length_64_gap_16,6.1598443984985352,True,False,5.1366205215454102,63634,63634,11,True
qseq_6013a683296527e7,length_64_gap_16,8.7871847152709961,True,True,2.5626513957977295,10688,10688,10688,True
qseq_c86819fcdc03e7ac,length_64_gap_16,2.0278422832489014,True,False,8.8688182830810547,140684,140684,220,True
qseq_c1e95f14fe34f7d9,length_64_gap_16,6.1278519630432129,True,False,8.8112201690673828,42915,42915,220,True
qseq_71f90d3bdb66cca6,length_64_gap_16,11.556797981262207,True,True,1.46860671043396,101350,101350,101350,True
qseq_9df99be82ec07a58,length_64_gap_16,8.298553466796875,True,False,5.8240351676940918,148448,148448,34434,True
qseq_f62f25ed707226fa,length_64_gap_16,6.430938720703125,True,False,8.4896316528320312,86999,86999,220,True
qseq_927873227de42566,length_64_gap_16,5.9526734352111816,True,False,7.0927152633666992,27593,27593,13,True
qseq_ea6a4d8222ac0ecc,length_64_gap_16,2.3578269481658936,True,False,10.610761642456055,90186,90186,220,True
qseq_7ae63a86e3f463e2,length_64_gap_16,11.406655311584473,True,False,2.8811330795288086,111846,111846,16530,True
qseq_1cc22b45e046b5f0,length_64_gap_16,5.7597432136535645,True,True,4.7631464004516602,31302,31302,31302,True
qseq_ec68d3be8a47c745,length_64_gap_16,6.04351806640625,True,False,4.381800651550293,45063,45063,220,True
qseq_2ff31c8171de0258,length_64_gap_16,10.063020706176758,True,False,3.589838981628418,79665,79665,62,True
qseq_fd8f1d657982d446,length_64_gap_16,7.0660972595214844,True,False,5.9252681732177734,24226,24226,8,True
qseq_555e8743c33fb128,length_64_gap_16,7.8962178230285645,True,False,5.0778961181640625,13795,13795,220,True
qseq_c9ef1325647308a9,length_64_gap_16,10.616573333740234,True,False,3.7302937507629395,12854,12854,28,True
qseq_7e6f150cfe73e27f,length_64_gap_16,2.9851770401000977,True,False,7.0266819000244141,59778,59778,82,True
qseq_be3941806adfe7fb,length_64_gap_16,3.3012979030609131,True,False,8.1101150512695312,140067,140067,68172,True
qseq_1f27dea5a1423aaa,length_64_gap_16,4.6122922897338867,True,False,6.2692723274230957,82415,82415,220,True
qseq_9e84bd6057f414f1,length_64_gap_16,3.5100173950195312,True,False,6.1384954452514648,117477,117477,82,True
qseq_246ee89984874f24,length_64_gap_16,2.62567138671875,True,False,8.921320915222168,53097,53097,928,True
qseq_5eebb2cd9fc91853,length_64_gap_16,3.0045197010040283,True,False,8.4963779449462891,51057,51057,82,True
qseq_19ab9649ec1e9bf4,length_64_gap_16,7.0485477447509766,True,False,8.3232870101928711,127802,127802,132558,True
qseq_a791a0b615f9ce82,length_64_gap_16,7.9527888298034668,True,True,3.4030900001525879,30093,30093,30093,True
qseq_baaca84d1e2b4f15,length_64_gap_16,7.1682858467102051,True,False,6.5272464752197266,87125,87125,14,True
qseq_0a5c7134a2ee110d,length_64_gap_16,4.1061997413635254,True,False,9.665318489074707,119315,119315,13146,True
qseq_735adff49e60172b,length_64_gap_16,2.240833044052124,True,False,9.0025997161865234,67600,67600,220,True
qseq_2532af12e740b460,length_64_gap_16,3.9390654563903809,True,False,7.7462000846862793,107683,107683,8,True
qseq_dbfdfa3c3d4e0fd4,length_64_gap_16,10.524319648742676,True,False,2.6317358016967773,30622,30622,454,True
qseq_9c430b0afb6f555c,length_64_gap_16,6.8121728897094727,True,False,5.9172859191894531,146736,146736,82,True
qseq_0f8760518808ff11,length_64_gap_16,2.0905098915100098,True,False,8.7473697662353516,50462,50462,220,True
qseq_f11635608811c276,length_64_gap_16,6.8415083885192871,True,False,4.955204963684082,77045,77045,19655,True
qseq_ec7a48f824197560,length_64_gap_16,2.0925631523132324,True,False,10.227489471435547,81901,81901,82,True
qseq_cf93f853ed2aec25,length_64_gap_16,8.9843769073486328,True,False,5.0007905960083008,40478,40478,220,True
qseq_bf0cbb2580fc3b1b,length_64_gap_16,2.2029376029968262,True,False,10.890796661376953,144883,144883,76,True
qseq_558bee34d052f1e0,length_64_gap_16,8.6577548980712891,True,False,7.5463247299194336,12584,12584,320,True
qseq_140c8e6ce228e60b,length_64_gap_16,4.8448653221130371,True,False,8.4924507141113281,42380,42380,220,True
qseq_72be6fd870ec4fc1,length_64_gap_16,2.0526168346405029,True,False,10.353195190429688,54669,54669,220,True
qseq_4e1009eb44a8a8ed,length_64_gap_16,7.022641658782959,True,False,6.1481466293334961,115039,115039,9370,True
qseq_3e42716412d7d3aa,length_64_gap_16,6.4637594223022461,True,False,5.4017233848571777,2636,2636,71,True
qseq_9979e8e85e5c2aca,length_64_gap_16,2.7487623691558838,True,False,8.1226987838745117,130128,130128,15952,True
qseq_e8cca88ae0d87f0c,length_64_gap_16,5.6666436195373535,True,True,3.3489480018615723,99223,99223,99223,True
qseq_9781392e7d1432f4,length_64_gap_16,3.7020919322967529,True,False,8.3748989105224609,41532,41532,220,True
qseq_938a531f5d49ae9f,length_64_gap_16,3.8994283676147461,True,False,7.2402381896972656,37750,37750,64,True
qseq_f87a934cb65c9c3f,length_64_gap_16,8.5562763214111328,True,False,4.5753970146179199,20497,20497,315,True
qseq_f64413997792a575,length_64_gap_16,10.628211975097656,True,False,3.2169971466064453,51412,51412,10,True
qseq_43a72a2ed7c2f4ea,length_64_gap_16,12.785079002380371,True,True,0.75496119260787964,69129,69129,69129,True
qseq_7d739324409fd6d1,length_64_gap_16,3.4299097061157227,True,False,8.6343584060668945,107810,107810,334,True
qseq_8b2a954502efad88,length_64_gap_16,5.024817943572998,True,False,4.5621252059936523,21808,21808,14,True
qseq_ee569f22f3ae250b,length_64_gap_16,11.460666656494141,True,True,4.744727611541748,28563,28563,28563,True
qseq_be706f1a14275ce5,length_64_gap_16,6.9759912490844727,True,True,4.1103601455688477,42159,42159,42159,True
qseq_0d4a12ac6609f992,length_64_gap_16,7.8007326126098633,True,False,5.0124993324279785,93714,93714,62,True
qseq_320816d34c614941,length_64_gap_16,8.9110279083251953,True,False,4.3412599563598633,45681,45681,3482,True
qseq_25193281c205ed04,length_64_gap_16,14.708207130432129,True,True,2.6232519149780273,54612,54612,54612,True
qseq_b045665f5c174dfc,length_64_gap_16,4.9811687469482422,True,False,7.1304516792297363,43999,43999,220,True
qseq_52226822b394abe1,length_64_gap_16,4.9206390380859375,True,False,7.0272693634033203,137010,137010,23364,True
qseq_2326900f42567a95,length_64_gap_16,7.2310028076171875,True,True,4.716702938079834,102815,102815,102815,True
qseq_aaaf29c263e79980,length_64_gap_16,4.4120197296142578,True,False,8.7971324920654297,131206,131206,220,True
qseq_2fac127defa553b1,length_64_gap_16,9.8861980438232422,True,True,1.8601176738739014,107154,107154,107154,True
qseq_c6719791fd52414c,length_64_gap_16,5.8946571350097656,True,False,7.1834321022033691,6220,6220,82,True
qseq_6ff77924024e3caf,length_64_gap_16,10.380436897277832,True,True,1.4411606788635254,102158,102158,102158,True
